KEYCLOAK_FIPS_PROVIDER|INSTALLED|org.keycloak.crypto.fips.FIPS1402Provider
# Instantiable Crypto Inventory
FIPS mode: strict
BCFIPS approved-only property: true
Providers:
PROVIDER|1|BCFIPS|BouncyCastle Security Provider (FIPS edition) v2.1.2
PROVIDER|2|BCJSSE|Bouncy Castle JSSE Provider Version 2.1.22
PROVIDER|3|SUN|SUN (DSA key/parameter generation; DSA signing; SHA-1, MD5 digests; SecureRandom; X.509 certificates; PKCS12, JKS & DKS keystores; PKIX CertPathValidator; PKIX CertPathBuilder; LDAP, Collection CertStores, JavaPolicy Policy; JavaLoginConfig Configuration)
PROVIDER|4|SunRsaSign|Sun RSA signature provider
PROVIDER|5|SunEC|Sun Elliptic Curve provider
PROVIDER|6|SunJSSE|Sun JSSE provider(PKCS12, SunX509/PKIX key/trust factories, SSLv3/TLSv1/TLSv1.1/TLSv1.2/TLSv1.3/DTLSv1.0/DTLSv1.2)
PROVIDER|7|SunJCE|SunJCE Provider (implements RSA, DES, Triple DES, AES, Blowfish, ARCFOUR, RC2, PBE, Diffie-Hellman, HMAC, ChaCha20)
PROVIDER|8|SunJGSS|Sun (Kerberos v5, SPNEGO)
PROVIDER|9|SunSASL|Sun SASL provider(implements client mechanisms for: DIGEST-MD5, EXTERNAL, PLAIN, CRAM-MD5, NTLM; server mechanisms for: DIGEST-MD5, CRAM-MD5, NTLM)
PROVIDER|10|XMLDSig|XMLDSig (DOM XMLSignatureFactory; DOM KeyInfoFactory; C14N 1.0, C14N 1.1, Exclusive C14N, Base64, Enveloped, XPath, XPath2, XSLT TransformServices)
PROVIDER|11|SunPCSC|Sun PC/SC provider
PROVIDER|12|JdkLDAP|JdkLDAP Provider (implements LDAP CertStore)
PROVIDER|13|JdkSASL|JDK SASL provider(implements client and server mechanisms for GSSAPI)
PROVIDER|14|SunPKCS11|Unconfigured and unusable PKCS11 provider
KEYCLOAK_ENCRYPTION|A128KW|org.keycloak.crypto.fips.FIPSAesKeyWrapAlgorithmProvider
KEYCLOAK_ENCRYPTION|ECDH-ES|org.keycloak.crypto.fips.BCFIPSEcdhEsAlgorithmProvider
KEYCLOAK_ENCRYPTION|ECDH-ES+A128KW|org.keycloak.crypto.fips.BCFIPSEcdhEsAlgorithmProvider
KEYCLOAK_ENCRYPTION|ECDH-ES+A192KW|org.keycloak.crypto.fips.BCFIPSEcdhEsAlgorithmProvider
KEYCLOAK_ENCRYPTION|ECDH-ES+A256KW|org.keycloak.crypto.fips.BCFIPSEcdhEsAlgorithmProvider
KEYCLOAK_ENCRYPTION|RSA-OAEP|org.keycloak.crypto.fips.FIPSRsaKeyEncryptionJWEAlgorithmProvider
KEYCLOAK_ENCRYPTION|RSA-OAEP-256|org.keycloak.crypto.fips.FIPSRsaKeyEncryptionJWEAlgorithmProvider
KEYCLOAK_ENCRYPTION|RSA1_5|org.keycloak.crypto.fips.FIPSRsaKeyEncryptionJWEAlgorithmProvider
TLS_SUPPORTED_PROTOCOL|BCJSSE|TLSv1
TLS_SUPPORTED_PROTOCOL|BCJSSE|TLSv1.1
TLS_SUPPORTED_PROTOCOL|BCJSSE|TLSv1.2
TLS_SUPPORTED_PROTOCOL|BCJSSE|TLSv1.3
TLS_ENABLED_PROTOCOL|BCJSSE|TLSv1.2
TLS_ENABLED_PROTOCOL|BCJSSE|TLSv1.3
TLS_SUPPORTED_CIPHER_SUITE|BCJSSE|TLS_AES_128_CCM_8_SHA256
TLS_INSTANTIABLE_CIPHER_SUITE|BCJSSE|TLS_AES_128_CCM_8_SHA256
TLS_SUPPORTED_CIPHER_SUITE|BCJSSE|TLS_AES_128_CCM_SHA256
TLS_INSTANTIABLE_CIPHER_SUITE|BCJSSE|TLS_AES_128_CCM_SHA256
TLS_SUPPORTED_CIPHER_SUITE|BCJSSE|TLS_AES_128_GCM_SHA256
TLS_INSTANTIABLE_CIPHER_SUITE|BCJSSE|TLS_AES_128_GCM_SHA256
TLS_SUPPORTED_CIPHER_SUITE|BCJSSE|TLS_AES_256_GCM_SHA384
TLS_INSTANTIABLE_CIPHER_SUITE|BCJSSE|TLS_AES_256_GCM_SHA384
TLS_SUPPORTED_CIPHER_SUITE|BCJSSE|TLS_DHE_DSS_WITH_AES_128_CBC_SHA
TLS_INSTANTIABLE_CIPHER_SUITE|BCJSSE|TLS_DHE_DSS_WITH_AES_128_CBC_SHA
TLS_SUPPORTED_CIPHER_SUITE|BCJSSE|TLS_DHE_DSS_WITH_AES_128_CBC_SHA256
TLS_INSTANTIABLE_CIPHER_SUITE|BCJSSE|TLS_DHE_DSS_WITH_AES_128_CBC_SHA256
TLS_SUPPORTED_CIPHER_SUITE|BCJSSE|TLS_DHE_DSS_WITH_AES_128_GCM_SHA256
TLS_INSTANTIABLE_CIPHER_SUITE|BCJSSE|TLS_DHE_DSS_WITH_AES_128_GCM_SHA256
TLS_SUPPORTED_CIPHER_SUITE|BCJSSE|TLS_DHE_DSS_WITH_AES_256_CBC_SHA
TLS_INSTANTIABLE_CIPHER_SUITE|BCJSSE|TLS_DHE_DSS_WITH_AES_256_CBC_SHA
TLS_SUPPORTED_CIPHER_SUITE|BCJSSE|TLS_DHE_DSS_WITH_AES_256_CBC_SHA256
TLS_INSTANTIABLE_CIPHER_SUITE|BCJSSE|TLS_DHE_DSS_WITH_AES_256_CBC_SHA256
TLS_SUPPORTED_CIPHER_SUITE|BCJSSE|TLS_DHE_DSS_WITH_AES_256_GCM_SHA384
TLS_INSTANTIABLE_CIPHER_SUITE|BCJSSE|TLS_DHE_DSS_WITH_AES_256_GCM_SHA384
TLS_SUPPORTED_CIPHER_SUITE|BCJSSE|TLS_DHE_RSA_WITH_AES_128_CBC_SHA
TLS_INSTANTIABLE_CIPHER_SUITE|BCJSSE|TLS_DHE_RSA_WITH_AES_128_CBC_SHA
TLS_SUPPORTED_CIPHER_SUITE|BCJSSE|TLS_DHE_RSA_WITH_AES_128_CBC_SHA256
TLS_INSTANTIABLE_CIPHER_SUITE|BCJSSE|TLS_DHE_RSA_WITH_AES_128_CBC_SHA256
TLS_SUPPORTED_CIPHER_SUITE|BCJSSE|TLS_DHE_RSA_WITH_AES_128_CCM
TLS_INSTANTIABLE_CIPHER_SUITE|BCJSSE|TLS_DHE_RSA_WITH_AES_128_CCM
TLS_SUPPORTED_CIPHER_SUITE|BCJSSE|TLS_DHE_RSA_WITH_AES_128_CCM_8
TLS_INSTANTIABLE_CIPHER_SUITE|BCJSSE|TLS_DHE_RSA_WITH_AES_128_CCM_8
TLS_SUPPORTED_CIPHER_SUITE|BCJSSE|TLS_DHE_RSA_WITH_AES_128_GCM_SHA256
TLS_INSTANTIABLE_CIPHER_SUITE|BCJSSE|TLS_DHE_RSA_WITH_AES_128_GCM_SHA256
TLS_SUPPORTED_CIPHER_SUITE|BCJSSE|TLS_DHE_RSA_WITH_AES_256_CBC_SHA
TLS_INSTANTIABLE_CIPHER_SUITE|BCJSSE|TLS_DHE_RSA_WITH_AES_256_CBC_SHA
TLS_SUPPORTED_CIPHER_SUITE|BCJSSE|TLS_DHE_RSA_WITH_AES_256_CBC_SHA256
TLS_INSTANTIABLE_CIPHER_SUITE|BCJSSE|TLS_DHE_RSA_WITH_AES_256_CBC_SHA256
TLS_SUPPORTED_CIPHER_SUITE|BCJSSE|TLS_DHE_RSA_WITH_AES_256_CCM
TLS_INSTANTIABLE_CIPHER_SUITE|BCJSSE|TLS_DHE_RSA_WITH_AES_256_CCM
TLS_SUPPORTED_CIPHER_SUITE|BCJSSE|TLS_DHE_RSA_WITH_AES_256_CCM_8
TLS_INSTANTIABLE_CIPHER_SUITE|BCJSSE|TLS_DHE_RSA_WITH_AES_256_CCM_8
TLS_SUPPORTED_CIPHER_SUITE|BCJSSE|TLS_DHE_RSA_WITH_AES_256_GCM_SHA384
TLS_INSTANTIABLE_CIPHER_SUITE|BCJSSE|TLS_DHE_RSA_WITH_AES_256_GCM_SHA384
TLS_SUPPORTED_CIPHER_SUITE|BCJSSE|TLS_ECDHE_ECDSA_WITH_AES_128_CBC_SHA
TLS_INSTANTIABLE_CIPHER_SUITE|BCJSSE|TLS_ECDHE_ECDSA_WITH_AES_128_CBC_SHA
TLS_SUPPORTED_CIPHER_SUITE|BCJSSE|TLS_ECDHE_ECDSA_WITH_AES_128_CBC_SHA256
TLS_INSTANTIABLE_CIPHER_SUITE|BCJSSE|TLS_ECDHE_ECDSA_WITH_AES_128_CBC_SHA256
TLS_SUPPORTED_CIPHER_SUITE|BCJSSE|TLS_ECDHE_ECDSA_WITH_AES_128_CCM
TLS_INSTANTIABLE_CIPHER_SUITE|BCJSSE|TLS_ECDHE_ECDSA_WITH_AES_128_CCM
TLS_SUPPORTED_CIPHER_SUITE|BCJSSE|TLS_ECDHE_ECDSA_WITH_AES_128_CCM_8
TLS_INSTANTIABLE_CIPHER_SUITE|BCJSSE|TLS_ECDHE_ECDSA_WITH_AES_128_CCM_8
TLS_SUPPORTED_CIPHER_SUITE|BCJSSE|TLS_ECDHE_ECDSA_WITH_AES_128_GCM_SHA256
TLS_INSTANTIABLE_CIPHER_SUITE|BCJSSE|TLS_ECDHE_ECDSA_WITH_AES_128_GCM_SHA256
TLS_SUPPORTED_CIPHER_SUITE|BCJSSE|TLS_ECDHE_ECDSA_WITH_AES_256_CBC_SHA
TLS_INSTANTIABLE_CIPHER_SUITE|BCJSSE|TLS_ECDHE_ECDSA_WITH_AES_256_CBC_SHA
TLS_SUPPORTED_CIPHER_SUITE|BCJSSE|TLS_ECDHE_ECDSA_WITH_AES_256_CBC_SHA384
TLS_INSTANTIABLE_CIPHER_SUITE|BCJSSE|TLS_ECDHE_ECDSA_WITH_AES_256_CBC_SHA384
TLS_SUPPORTED_CIPHER_SUITE|BCJSSE|TLS_ECDHE_ECDSA_WITH_AES_256_CCM
TLS_INSTANTIABLE_CIPHER_SUITE|BCJSSE|TLS_ECDHE_ECDSA_WITH_AES_256_CCM
TLS_SUPPORTED_CIPHER_SUITE|BCJSSE|TLS_ECDHE_ECDSA_WITH_AES_256_CCM_8
TLS_INSTANTIABLE_CIPHER_SUITE|BCJSSE|TLS_ECDHE_ECDSA_WITH_AES_256_CCM_8
TLS_SUPPORTED_CIPHER_SUITE|BCJSSE|TLS_ECDHE_ECDSA_WITH_AES_256_GCM_SHA384
TLS_INSTANTIABLE_CIPHER_SUITE|BCJSSE|TLS_ECDHE_ECDSA_WITH_AES_256_GCM_SHA384
TLS_SUPPORTED_CIPHER_SUITE|BCJSSE|TLS_ECDHE_RSA_WITH_AES_128_CBC_SHA
TLS_INSTANTIABLE_CIPHER_SUITE|BCJSSE|TLS_ECDHE_RSA_WITH_AES_128_CBC_SHA
TLS_SUPPORTED_CIPHER_SUITE|BCJSSE|TLS_ECDHE_RSA_WITH_AES_128_CBC_SHA256
TLS_INSTANTIABLE_CIPHER_SUITE|BCJSSE|TLS_ECDHE_RSA_WITH_AES_128_CBC_SHA256
TLS_SUPPORTED_CIPHER_SUITE|BCJSSE|TLS_ECDHE_RSA_WITH_AES_128_GCM_SHA256
TLS_INSTANTIABLE_CIPHER_SUITE|BCJSSE|TLS_ECDHE_RSA_WITH_AES_128_GCM_SHA256
TLS_SUPPORTED_CIPHER_SUITE|BCJSSE|TLS_ECDHE_RSA_WITH_AES_256_CBC_SHA
TLS_INSTANTIABLE_CIPHER_SUITE|BCJSSE|TLS_ECDHE_RSA_WITH_AES_256_CBC_SHA
TLS_SUPPORTED_CIPHER_SUITE|BCJSSE|TLS_ECDHE_RSA_WITH_AES_256_CBC_SHA384
TLS_INSTANTIABLE_CIPHER_SUITE|BCJSSE|TLS_ECDHE_RSA_WITH_AES_256_CBC_SHA384
TLS_SUPPORTED_CIPHER_SUITE|BCJSSE|TLS_ECDHE_RSA_WITH_AES_256_GCM_SHA384
TLS_INSTANTIABLE_CIPHER_SUITE|BCJSSE|TLS_ECDHE_RSA_WITH_AES_256_GCM_SHA384
TLS_ENABLED_CIPHER_SUITE|BCJSSE|TLS_AES_128_GCM_SHA256
TLS_ENABLED_CIPHER_SUITE|BCJSSE|TLS_AES_256_GCM_SHA384
TLS_ENABLED_CIPHER_SUITE|BCJSSE|TLS_DHE_RSA_WITH_AES_128_CBC_SHA
TLS_ENABLED_CIPHER_SUITE|BCJSSE|TLS_DHE_RSA_WITH_AES_128_CBC_SHA256
TLS_ENABLED_CIPHER_SUITE|BCJSSE|TLS_DHE_RSA_WITH_AES_128_GCM_SHA256
TLS_ENABLED_CIPHER_SUITE|BCJSSE|TLS_DHE_RSA_WITH_AES_256_CBC_SHA
TLS_ENABLED_CIPHER_SUITE|BCJSSE|TLS_DHE_RSA_WITH_AES_256_CBC_SHA256
TLS_ENABLED_CIPHER_SUITE|BCJSSE|TLS_DHE_RSA_WITH_AES_256_GCM_SHA384
TLS_ENABLED_CIPHER_SUITE|BCJSSE|TLS_ECDHE_ECDSA_WITH_AES_128_CBC_SHA
TLS_ENABLED_CIPHER_SUITE|BCJSSE|TLS_ECDHE_ECDSA_WITH_AES_128_CBC_SHA256
TLS_ENABLED_CIPHER_SUITE|BCJSSE|TLS_ECDHE_ECDSA_WITH_AES_128_GCM_SHA256
TLS_ENABLED_CIPHER_SUITE|BCJSSE|TLS_ECDHE_ECDSA_WITH_AES_256_CBC_SHA
TLS_ENABLED_CIPHER_SUITE|BCJSSE|TLS_ECDHE_ECDSA_WITH_AES_256_CBC_SHA384
TLS_ENABLED_CIPHER_SUITE|BCJSSE|TLS_ECDHE_ECDSA_WITH_AES_256_GCM_SHA384
TLS_ENABLED_CIPHER_SUITE|BCJSSE|TLS_ECDHE_RSA_WITH_AES_128_CBC_SHA
TLS_ENABLED_CIPHER_SUITE|BCJSSE|TLS_ECDHE_RSA_WITH_AES_128_CBC_SHA256
TLS_ENABLED_CIPHER_SUITE|BCJSSE|TLS_ECDHE_RSA_WITH_AES_128_GCM_SHA256
TLS_ENABLED_CIPHER_SUITE|BCJSSE|TLS_ECDHE_RSA_WITH_AES_256_CBC_SHA
TLS_ENABLED_CIPHER_SUITE|BCJSSE|TLS_ECDHE_RSA_WITH_AES_256_CBC_SHA384
TLS_ENABLED_CIPHER_SUITE|BCJSSE|TLS_ECDHE_RSA_WITH_AES_256_GCM_SHA384
INSTANTIABLE|AlgorithmParameterGenerator|BCFIPS|1.2.840.10040.4.1|java.security.AlgorithmParameterGenerator
INSTANTIABLE|AlgorithmParameterGenerator|BCFIPS|1.2.840.10040.4.3|java.security.AlgorithmParameterGenerator
INSTANTIABLE|AlgorithmParameterGenerator|BCFIPS|1.2.840.113549.3.7|java.security.AlgorithmParameterGenerator
INSTANTIABLE|AlgorithmParameterGenerator|BCFIPS|1.3.14.3.2.27|java.security.AlgorithmParameterGenerator
INSTANTIABLE|AlgorithmParameterGenerator|BCFIPS|2.16.840.1.101.3.4.1.2|java.security.AlgorithmParameterGenerator
INSTANTIABLE|AlgorithmParameterGenerator|BCFIPS|2.16.840.1.101.3.4.1.22|java.security.AlgorithmParameterGenerator
INSTANTIABLE|AlgorithmParameterGenerator|BCFIPS|2.16.840.1.101.3.4.1.23|java.security.AlgorithmParameterGenerator
INSTANTIABLE|AlgorithmParameterGenerator|BCFIPS|2.16.840.1.101.3.4.1.24|java.security.AlgorithmParameterGenerator
INSTANTIABLE|AlgorithmParameterGenerator|BCFIPS|2.16.840.1.101.3.4.1.26|java.security.AlgorithmParameterGenerator
INSTANTIABLE|AlgorithmParameterGenerator|BCFIPS|2.16.840.1.101.3.4.1.27|java.security.AlgorithmParameterGenerator
INSTANTIABLE|AlgorithmParameterGenerator|BCFIPS|2.16.840.1.101.3.4.1.3|java.security.AlgorithmParameterGenerator
INSTANTIABLE|AlgorithmParameterGenerator|BCFIPS|2.16.840.1.101.3.4.1.4|java.security.AlgorithmParameterGenerator
INSTANTIABLE|AlgorithmParameterGenerator|BCFIPS|2.16.840.1.101.3.4.1.42|java.security.AlgorithmParameterGenerator
INSTANTIABLE|AlgorithmParameterGenerator|BCFIPS|2.16.840.1.101.3.4.1.43|java.security.AlgorithmParameterGenerator
INSTANTIABLE|AlgorithmParameterGenerator|BCFIPS|2.16.840.1.101.3.4.1.44|java.security.AlgorithmParameterGenerator
INSTANTIABLE|AlgorithmParameterGenerator|BCFIPS|2.16.840.1.101.3.4.1.46|java.security.AlgorithmParameterGenerator
INSTANTIABLE|AlgorithmParameterGenerator|BCFIPS|2.16.840.1.101.3.4.1.47|java.security.AlgorithmParameterGenerator
INSTANTIABLE|AlgorithmParameterGenerator|BCFIPS|2.16.840.1.101.3.4.1.6|java.security.AlgorithmParameterGenerator
INSTANTIABLE|AlgorithmParameterGenerator|BCFIPS|2.16.840.1.101.3.4.1.7|java.security.AlgorithmParameterGenerator
INSTANTIABLE|AlgorithmParameterGenerator|BCFIPS|CCM|java.security.AlgorithmParameterGenerator
INSTANTIABLE|AlgorithmParameterGenerator|BCFIPS|DH|java.security.AlgorithmParameterGenerator
INSTANTIABLE|AlgorithmParameterGenerator|BCFIPS|DHU|java.security.AlgorithmParameterGenerator
INSTANTIABLE|AlgorithmParameterGenerator|BCFIPS|DIFFIEHELLMAN|java.security.AlgorithmParameterGenerator
INSTANTIABLE|AlgorithmParameterGenerator|BCFIPS|DSA|java.security.AlgorithmParameterGenerator
INSTANTIABLE|AlgorithmParameterGenerator|BCFIPS|GCM|java.security.AlgorithmParameterGenerator
INSTANTIABLE|AlgorithmParameterGenerator|BCFIPS|MQV|java.security.AlgorithmParameterGenerator
INSTANTIABLE|AlgorithmParameterGenerator|BCFIPS|OID.1.2.840.10040.4.1|java.security.AlgorithmParameterGenerator
INSTANTIABLE|AlgorithmParameterGenerator|BCFIPS|OID.1.2.840.10040.4.3|java.security.AlgorithmParameterGenerator
INSTANTIABLE|AlgorithmParameterGenerator|BCFIPS|OID.1.2.840.113549.3.7|java.security.AlgorithmParameterGenerator
INSTANTIABLE|AlgorithmParameterGenerator|BCFIPS|OID.1.3.14.3.2.27|java.security.AlgorithmParameterGenerator
INSTANTIABLE|AlgorithmParameterGenerator|BCFIPS|OID.2.16.840.1.101.3.4.1.2|java.security.AlgorithmParameterGenerator
INSTANTIABLE|AlgorithmParameterGenerator|BCFIPS|OID.2.16.840.1.101.3.4.1.22|java.security.AlgorithmParameterGenerator
INSTANTIABLE|AlgorithmParameterGenerator|BCFIPS|OID.2.16.840.1.101.3.4.1.23|java.security.AlgorithmParameterGenerator
INSTANTIABLE|AlgorithmParameterGenerator|BCFIPS|OID.2.16.840.1.101.3.4.1.24|java.security.AlgorithmParameterGenerator
INSTANTIABLE|AlgorithmParameterGenerator|BCFIPS|OID.2.16.840.1.101.3.4.1.26|java.security.AlgorithmParameterGenerator
INSTANTIABLE|AlgorithmParameterGenerator|BCFIPS|OID.2.16.840.1.101.3.4.1.27|java.security.AlgorithmParameterGenerator
INSTANTIABLE|AlgorithmParameterGenerator|BCFIPS|OID.2.16.840.1.101.3.4.1.3|java.security.AlgorithmParameterGenerator
INSTANTIABLE|AlgorithmParameterGenerator|BCFIPS|OID.2.16.840.1.101.3.4.1.4|java.security.AlgorithmParameterGenerator
INSTANTIABLE|AlgorithmParameterGenerator|BCFIPS|OID.2.16.840.1.101.3.4.1.42|java.security.AlgorithmParameterGenerator
INSTANTIABLE|AlgorithmParameterGenerator|BCFIPS|OID.2.16.840.1.101.3.4.1.43|java.security.AlgorithmParameterGenerator
INSTANTIABLE|AlgorithmParameterGenerator|BCFIPS|OID.2.16.840.1.101.3.4.1.44|java.security.AlgorithmParameterGenerator
INSTANTIABLE|AlgorithmParameterGenerator|BCFIPS|OID.2.16.840.1.101.3.4.1.46|java.security.AlgorithmParameterGenerator
INSTANTIABLE|AlgorithmParameterGenerator|BCFIPS|OID.2.16.840.1.101.3.4.1.47|java.security.AlgorithmParameterGenerator
INSTANTIABLE|AlgorithmParameterGenerator|BCFIPS|OID.2.16.840.1.101.3.4.1.6|java.security.AlgorithmParameterGenerator
INSTANTIABLE|AlgorithmParameterGenerator|BCFIPS|OID.2.16.840.1.101.3.4.1.7|java.security.AlgorithmParameterGenerator
INSTANTIABLE|AlgorithmParameterGenerator|SUN|1.2.840.10040.4.1|java.security.AlgorithmParameterGenerator
INSTANTIABLE|AlgorithmParameterGenerator|SUN|1.3.14.3.2.12|java.security.AlgorithmParameterGenerator
INSTANTIABLE|AlgorithmParameterGenerator|SUN|DSA|java.security.AlgorithmParameterGenerator
INSTANTIABLE|AlgorithmParameterGenerator|SUN|OID.1.2.840.10040.4.1|java.security.AlgorithmParameterGenerator
INSTANTIABLE|AlgorithmParameterGenerator|SunJCE|1.2.840.113549.1.3.1|java.security.AlgorithmParameterGenerator
INSTANTIABLE|AlgorithmParameterGenerator|SunJCE|DH|java.security.AlgorithmParameterGenerator
INSTANTIABLE|AlgorithmParameterGenerator|SunJCE|DiffieHellman|java.security.AlgorithmParameterGenerator
INSTANTIABLE|AlgorithmParameterGenerator|SunJCE|OID.1.2.840.113549.1.3.1|java.security.AlgorithmParameterGenerator
INSTANTIABLE|AlgorithmParameters|BCFIPS|1.2.840.10040.4.1|java.security.AlgorithmParameters
INSTANTIABLE|AlgorithmParameters|BCFIPS|1.2.840.10040.4.3|java.security.AlgorithmParameters
INSTANTIABLE|AlgorithmParameters|BCFIPS|1.2.840.113549.1.1.10|java.security.AlgorithmParameters
INSTANTIABLE|AlgorithmParameters|BCFIPS|1.2.840.113549.1.1.7|java.security.AlgorithmParameters
INSTANTIABLE|AlgorithmParameters|BCFIPS|1.2.840.113549.1.5.12|java.security.AlgorithmParameters
INSTANTIABLE|AlgorithmParameters|BCFIPS|1.2.840.113549.1.9.16.3.14|java.security.AlgorithmParameters
INSTANTIABLE|AlgorithmParameters|BCFIPS|1.2.840.113549.3.7|java.security.AlgorithmParameters
INSTANTIABLE|AlgorithmParameters|BCFIPS|1.3.132.1.11.0|java.security.AlgorithmParameters
INSTANTIABLE|AlgorithmParameters|BCFIPS|1.3.132.1.11.1|java.security.AlgorithmParameters
INSTANTIABLE|AlgorithmParameters|BCFIPS|1.3.132.1.11.2|java.security.AlgorithmParameters
INSTANTIABLE|AlgorithmParameters|BCFIPS|1.3.132.1.11.3|java.security.AlgorithmParameters
INSTANTIABLE|AlgorithmParameters|BCFIPS|1.3.132.1.14.0|java.security.AlgorithmParameters
INSTANTIABLE|AlgorithmParameters|BCFIPS|1.3.132.1.14.1|java.security.AlgorithmParameters
INSTANTIABLE|AlgorithmParameters|BCFIPS|1.3.132.1.14.2|java.security.AlgorithmParameters
INSTANTIABLE|AlgorithmParameters|BCFIPS|1.3.132.1.14.3|java.security.AlgorithmParameters
INSTANTIABLE|AlgorithmParameters|BCFIPS|1.3.132.1.15.0|java.security.AlgorithmParameters
INSTANTIABLE|AlgorithmParameters|BCFIPS|1.3.132.1.15.1|java.security.AlgorithmParameters
INSTANTIABLE|AlgorithmParameters|BCFIPS|1.3.132.1.15.2|java.security.AlgorithmParameters
INSTANTIABLE|AlgorithmParameters|BCFIPS|1.3.132.1.15.3|java.security.AlgorithmParameters
INSTANTIABLE|AlgorithmParameters|BCFIPS|1.3.133.16.840.63.0.16|java.security.AlgorithmParameters
INSTANTIABLE|AlgorithmParameters|BCFIPS|1.3.133.16.840.63.0.2|java.security.AlgorithmParameters
INSTANTIABLE|AlgorithmParameters|BCFIPS|1.3.133.16.840.63.0.3|java.security.AlgorithmParameters
INSTANTIABLE|AlgorithmParameters|BCFIPS|1.3.14.3.2.27|java.security.AlgorithmParameters
INSTANTIABLE|AlgorithmParameters|BCFIPS|2.16.840.1.101.3.4.1.2|java.security.AlgorithmParameters
INSTANTIABLE|AlgorithmParameters|BCFIPS|2.16.840.1.101.3.4.1.22|java.security.AlgorithmParameters
INSTANTIABLE|AlgorithmParameters|BCFIPS|2.16.840.1.101.3.4.1.23|java.security.AlgorithmParameters
INSTANTIABLE|AlgorithmParameters|BCFIPS|2.16.840.1.101.3.4.1.24|java.security.AlgorithmParameters
INSTANTIABLE|AlgorithmParameters|BCFIPS|2.16.840.1.101.3.4.1.26|java.security.AlgorithmParameters
INSTANTIABLE|AlgorithmParameters|BCFIPS|2.16.840.1.101.3.4.1.27|java.security.AlgorithmParameters
INSTANTIABLE|AlgorithmParameters|BCFIPS|2.16.840.1.101.3.4.1.3|java.security.AlgorithmParameters
INSTANTIABLE|AlgorithmParameters|BCFIPS|2.16.840.1.101.3.4.1.4|java.security.AlgorithmParameters
INSTANTIABLE|AlgorithmParameters|BCFIPS|2.16.840.1.101.3.4.1.42|java.security.AlgorithmParameters
INSTANTIABLE|AlgorithmParameters|BCFIPS|2.16.840.1.101.3.4.1.43|java.security.AlgorithmParameters
INSTANTIABLE|AlgorithmParameters|BCFIPS|2.16.840.1.101.3.4.1.44|java.security.AlgorithmParameters
INSTANTIABLE|AlgorithmParameters|BCFIPS|2.16.840.1.101.3.4.1.46|java.security.AlgorithmParameters
INSTANTIABLE|AlgorithmParameters|BCFIPS|2.16.840.1.101.3.4.1.47|java.security.AlgorithmParameters
INSTANTIABLE|AlgorithmParameters|BCFIPS|2.16.840.1.101.3.4.1.6|java.security.AlgorithmParameters
INSTANTIABLE|AlgorithmParameters|BCFIPS|2.16.840.1.101.3.4.1.7|java.security.AlgorithmParameters
INSTANTIABLE|AlgorithmParameters|BCFIPS|AES|java.security.AlgorithmParameters
INSTANTIABLE|AlgorithmParameters|BCFIPS|CCM|java.security.AlgorithmParameters
INSTANTIABLE|AlgorithmParameters|BCFIPS|DESEDE|java.security.AlgorithmParameters
INSTANTIABLE|AlgorithmParameters|BCFIPS|DH|java.security.AlgorithmParameters
INSTANTIABLE|AlgorithmParameters|BCFIPS|DHU|java.security.AlgorithmParameters
INSTANTIABLE|AlgorithmParameters|BCFIPS|DIFFIEHELLMAN|java.security.AlgorithmParameters
INSTANTIABLE|AlgorithmParameters|BCFIPS|DSA|java.security.AlgorithmParameters
INSTANTIABLE|AlgorithmParameters|BCFIPS|EC|java.security.AlgorithmParameters
INSTANTIABLE|AlgorithmParameters|BCFIPS|GCM|java.security.AlgorithmParameters
INSTANTIABLE|AlgorithmParameters|BCFIPS|MQV|java.security.AlgorithmParameters
INSTANTIABLE|AlgorithmParameters|BCFIPS|OAEP|java.security.AlgorithmParameters
INSTANTIABLE|AlgorithmParameters|BCFIPS|OID.1.2.840.10040.4.1|java.security.AlgorithmParameters
INSTANTIABLE|AlgorithmParameters|BCFIPS|OID.1.2.840.10040.4.3|java.security.AlgorithmParameters
INSTANTIABLE|AlgorithmParameters|BCFIPS|OID.1.2.840.113549.1.1.10|java.security.AlgorithmParameters
INSTANTIABLE|AlgorithmParameters|BCFIPS|OID.1.2.840.113549.1.1.7|java.security.AlgorithmParameters
INSTANTIABLE|AlgorithmParameters|BCFIPS|OID.1.2.840.113549.1.5.12|java.security.AlgorithmParameters
INSTANTIABLE|AlgorithmParameters|BCFIPS|OID.1.2.840.113549.1.9.16.3.14|java.security.AlgorithmParameters
INSTANTIABLE|AlgorithmParameters|BCFIPS|OID.1.2.840.113549.3.7|java.security.AlgorithmParameters
INSTANTIABLE|AlgorithmParameters|BCFIPS|OID.1.3.132.1.11.0|java.security.AlgorithmParameters
INSTANTIABLE|AlgorithmParameters|BCFIPS|OID.1.3.132.1.11.1|java.security.AlgorithmParameters
INSTANTIABLE|AlgorithmParameters|BCFIPS|OID.1.3.132.1.11.2|java.security.AlgorithmParameters
INSTANTIABLE|AlgorithmParameters|BCFIPS|OID.1.3.132.1.11.3|java.security.AlgorithmParameters
INSTANTIABLE|AlgorithmParameters|BCFIPS|OID.1.3.132.1.14.0|java.security.AlgorithmParameters
INSTANTIABLE|AlgorithmParameters|BCFIPS|OID.1.3.132.1.14.1|java.security.AlgorithmParameters
INSTANTIABLE|AlgorithmParameters|BCFIPS|OID.1.3.132.1.14.2|java.security.AlgorithmParameters
INSTANTIABLE|AlgorithmParameters|BCFIPS|OID.1.3.132.1.14.3|java.security.AlgorithmParameters
INSTANTIABLE|AlgorithmParameters|BCFIPS|OID.1.3.132.1.15.0|java.security.AlgorithmParameters
INSTANTIABLE|AlgorithmParameters|BCFIPS|OID.1.3.132.1.15.1|java.security.AlgorithmParameters
INSTANTIABLE|AlgorithmParameters|BCFIPS|OID.1.3.132.1.15.2|java.security.AlgorithmParameters
INSTANTIABLE|AlgorithmParameters|BCFIPS|OID.1.3.132.1.15.3|java.security.AlgorithmParameters
INSTANTIABLE|AlgorithmParameters|BCFIPS|OID.1.3.133.16.840.63.0.16|java.security.AlgorithmParameters
INSTANTIABLE|AlgorithmParameters|BCFIPS|OID.1.3.133.16.840.63.0.2|java.security.AlgorithmParameters
INSTANTIABLE|AlgorithmParameters|BCFIPS|OID.1.3.133.16.840.63.0.3|java.security.AlgorithmParameters
INSTANTIABLE|AlgorithmParameters|BCFIPS|OID.1.3.14.3.2.27|java.security.AlgorithmParameters
INSTANTIABLE|AlgorithmParameters|BCFIPS|OID.2.16.840.1.101.3.4.1.2|java.security.AlgorithmParameters
INSTANTIABLE|AlgorithmParameters|BCFIPS|OID.2.16.840.1.101.3.4.1.22|java.security.AlgorithmParameters
INSTANTIABLE|AlgorithmParameters|BCFIPS|OID.2.16.840.1.101.3.4.1.23|java.security.AlgorithmParameters
INSTANTIABLE|AlgorithmParameters|BCFIPS|OID.2.16.840.1.101.3.4.1.24|java.security.AlgorithmParameters
INSTANTIABLE|AlgorithmParameters|BCFIPS|OID.2.16.840.1.101.3.4.1.26|java.security.AlgorithmParameters
INSTANTIABLE|AlgorithmParameters|BCFIPS|OID.2.16.840.1.101.3.4.1.27|java.security.AlgorithmParameters
INSTANTIABLE|AlgorithmParameters|BCFIPS|OID.2.16.840.1.101.3.4.1.3|java.security.AlgorithmParameters
INSTANTIABLE|AlgorithmParameters|BCFIPS|OID.2.16.840.1.101.3.4.1.4|java.security.AlgorithmParameters
INSTANTIABLE|AlgorithmParameters|BCFIPS|OID.2.16.840.1.101.3.4.1.42|java.security.AlgorithmParameters
INSTANTIABLE|AlgorithmParameters|BCFIPS|OID.2.16.840.1.101.3.4.1.43|java.security.AlgorithmParameters
INSTANTIABLE|AlgorithmParameters|BCFIPS|OID.2.16.840.1.101.3.4.1.44|java.security.AlgorithmParameters
INSTANTIABLE|AlgorithmParameters|BCFIPS|OID.2.16.840.1.101.3.4.1.46|java.security.AlgorithmParameters
INSTANTIABLE|AlgorithmParameters|BCFIPS|OID.2.16.840.1.101.3.4.1.47|java.security.AlgorithmParameters
INSTANTIABLE|AlgorithmParameters|BCFIPS|OID.2.16.840.1.101.3.4.1.6|java.security.AlgorithmParameters
INSTANTIABLE|AlgorithmParameters|BCFIPS|OID.2.16.840.1.101.3.4.1.7|java.security.AlgorithmParameters
INSTANTIABLE|AlgorithmParameters|BCFIPS|PBKDF2|java.security.AlgorithmParameters
INSTANTIABLE|AlgorithmParameters|BCFIPS|PBKDF2WITH8BIT|java.security.AlgorithmParameters
INSTANTIABLE|AlgorithmParameters|BCFIPS|PBKDF2WITHASCII|java.security.AlgorithmParameters
INSTANTIABLE|AlgorithmParameters|BCFIPS|PBKDF2WITHUTF8|java.security.AlgorithmParameters
INSTANTIABLE|AlgorithmParameters|BCFIPS|PSS|java.security.AlgorithmParameters
INSTANTIABLE|AlgorithmParameters|BCFIPS|RSA-KTS-KEM-KWS|java.security.AlgorithmParameters
INSTANTIABLE|AlgorithmParameters|BCFIPS|RSA-PSS|java.security.AlgorithmParameters
INSTANTIABLE|AlgorithmParameters|BCFIPS|RSAPSS|java.security.AlgorithmParameters
INSTANTIABLE|AlgorithmParameters|BCFIPS|RSASSA-PSS|java.security.AlgorithmParameters
INSTANTIABLE|AlgorithmParameters|BCFIPS|SHA1WITHRSA/PSS|java.security.AlgorithmParameters
INSTANTIABLE|AlgorithmParameters|BCFIPS|SHA1WITHRSAANDMGF1|java.security.AlgorithmParameters
INSTANTIABLE|AlgorithmParameters|BCFIPS|SHA1WITHRSAANDSHAKE128|java.security.AlgorithmParameters
INSTANTIABLE|AlgorithmParameters|BCFIPS|SHA1WITHRSAANDSHAKE256|java.security.AlgorithmParameters
INSTANTIABLE|AlgorithmParameters|BCFIPS|SHA1WITHRSASSA-PSS|java.security.AlgorithmParameters
INSTANTIABLE|AlgorithmParameters|BCFIPS|SHA224WITHRSA/PSS|java.security.AlgorithmParameters
INSTANTIABLE|AlgorithmParameters|BCFIPS|SHA224WITHRSAANDMGF1|java.security.AlgorithmParameters
INSTANTIABLE|AlgorithmParameters|BCFIPS|SHA224WITHRSAANDSHAKE128|java.security.AlgorithmParameters
INSTANTIABLE|AlgorithmParameters|BCFIPS|SHA224WITHRSAANDSHAKE256|java.security.AlgorithmParameters
INSTANTIABLE|AlgorithmParameters|BCFIPS|SHA224WITHRSASSA-PSS|java.security.AlgorithmParameters
INSTANTIABLE|AlgorithmParameters|BCFIPS|SHA256WITHRSA/PSS|java.security.AlgorithmParameters
INSTANTIABLE|AlgorithmParameters|BCFIPS|SHA256WITHRSAANDMGF1|java.security.AlgorithmParameters
INSTANTIABLE|AlgorithmParameters|BCFIPS|SHA256WITHRSAANDSHAKE128|java.security.AlgorithmParameters
INSTANTIABLE|AlgorithmParameters|BCFIPS|SHA256WITHRSAANDSHAKE256|java.security.AlgorithmParameters
INSTANTIABLE|AlgorithmParameters|BCFIPS|SHA256WITHRSASSA-PSS|java.security.AlgorithmParameters
INSTANTIABLE|AlgorithmParameters|BCFIPS|SHA3-224WITHRSA/PSS|java.security.AlgorithmParameters
INSTANTIABLE|AlgorithmParameters|BCFIPS|SHA3-224WITHRSAANDMGF1|java.security.AlgorithmParameters
INSTANTIABLE|AlgorithmParameters|BCFIPS|SHA3-224WITHRSAANDSHAKE128|java.security.AlgorithmParameters
INSTANTIABLE|AlgorithmParameters|BCFIPS|SHA3-224WITHRSAANDSHAKE256|java.security.AlgorithmParameters
INSTANTIABLE|AlgorithmParameters|BCFIPS|SHA3-224WITHRSASSA-PSS|java.security.AlgorithmParameters
INSTANTIABLE|AlgorithmParameters|BCFIPS|SHA3-256WITHRSA/PSS|java.security.AlgorithmParameters
INSTANTIABLE|AlgorithmParameters|BCFIPS|SHA3-256WITHRSAANDMGF1|java.security.AlgorithmParameters
INSTANTIABLE|AlgorithmParameters|BCFIPS|SHA3-256WITHRSAANDSHAKE128|java.security.AlgorithmParameters
INSTANTIABLE|AlgorithmParameters|BCFIPS|SHA3-256WITHRSAANDSHAKE256|java.security.AlgorithmParameters
INSTANTIABLE|AlgorithmParameters|BCFIPS|SHA3-256WITHRSASSA-PSS|java.security.AlgorithmParameters
INSTANTIABLE|AlgorithmParameters|BCFIPS|SHA3-384WITHRSA/PSS|java.security.AlgorithmParameters
INSTANTIABLE|AlgorithmParameters|BCFIPS|SHA3-384WITHRSAANDMGF1|java.security.AlgorithmParameters
INSTANTIABLE|AlgorithmParameters|BCFIPS|SHA3-384WITHRSAANDSHAKE128|java.security.AlgorithmParameters
INSTANTIABLE|AlgorithmParameters|BCFIPS|SHA3-384WITHRSAANDSHAKE256|java.security.AlgorithmParameters
INSTANTIABLE|AlgorithmParameters|BCFIPS|SHA3-384WITHRSASSA-PSS|java.security.AlgorithmParameters
INSTANTIABLE|AlgorithmParameters|BCFIPS|SHA3-512WITHRSA/PSS|java.security.AlgorithmParameters
INSTANTIABLE|AlgorithmParameters|BCFIPS|SHA3-512WITHRSAANDMGF1|java.security.AlgorithmParameters
INSTANTIABLE|AlgorithmParameters|BCFIPS|SHA3-512WITHRSAANDSHAKE128|java.security.AlgorithmParameters
INSTANTIABLE|AlgorithmParameters|BCFIPS|SHA3-512WITHRSAANDSHAKE256|java.security.AlgorithmParameters
INSTANTIABLE|AlgorithmParameters|BCFIPS|SHA3-512WITHRSASSA-PSS|java.security.AlgorithmParameters
INSTANTIABLE|AlgorithmParameters|BCFIPS|SHA384WITHRSA/PSS|java.security.AlgorithmParameters
INSTANTIABLE|AlgorithmParameters|BCFIPS|SHA384WITHRSAANDMGF1|java.security.AlgorithmParameters
INSTANTIABLE|AlgorithmParameters|BCFIPS|SHA384WITHRSAANDSHAKE128|java.security.AlgorithmParameters
INSTANTIABLE|AlgorithmParameters|BCFIPS|SHA384WITHRSAANDSHAKE256|java.security.AlgorithmParameters
INSTANTIABLE|AlgorithmParameters|BCFIPS|SHA384WITHRSASSA-PSS|java.security.AlgorithmParameters
INSTANTIABLE|AlgorithmParameters|BCFIPS|SHA512(224)WITHRSA/PSS|java.security.AlgorithmParameters
INSTANTIABLE|AlgorithmParameters|BCFIPS|SHA512(224)WITHRSAANDMGF1|java.security.AlgorithmParameters
INSTANTIABLE|AlgorithmParameters|BCFIPS|SHA512(224)WITHRSAANDSHAKE128|java.security.AlgorithmParameters
INSTANTIABLE|AlgorithmParameters|BCFIPS|SHA512(224)WITHRSAANDSHAKE256|java.security.AlgorithmParameters
INSTANTIABLE|AlgorithmParameters|BCFIPS|SHA512(224)WITHRSASSA-PSS|java.security.AlgorithmParameters
INSTANTIABLE|AlgorithmParameters|BCFIPS|SHA512(256)WITHRSA/PSS|java.security.AlgorithmParameters
INSTANTIABLE|AlgorithmParameters|BCFIPS|SHA512(256)WITHRSAANDMGF1|java.security.AlgorithmParameters
INSTANTIABLE|AlgorithmParameters|BCFIPS|SHA512(256)WITHRSAANDSHAKE128|java.security.AlgorithmParameters
INSTANTIABLE|AlgorithmParameters|BCFIPS|SHA512(256)WITHRSAANDSHAKE256|java.security.AlgorithmParameters
INSTANTIABLE|AlgorithmParameters|BCFIPS|SHA512(256)WITHRSASSA-PSS|java.security.AlgorithmParameters
INSTANTIABLE|AlgorithmParameters|BCFIPS|SHA512WITHRSA/PSS|java.security.AlgorithmParameters
INSTANTIABLE|AlgorithmParameters|BCFIPS|SHA512WITHRSAANDMGF1|java.security.AlgorithmParameters
INSTANTIABLE|AlgorithmParameters|BCFIPS|SHA512WITHRSAANDSHAKE128|java.security.AlgorithmParameters
INSTANTIABLE|AlgorithmParameters|BCFIPS|SHA512WITHRSAANDSHAKE256|java.security.AlgorithmParameters
INSTANTIABLE|AlgorithmParameters|BCFIPS|SHA512WITHRSASSA-PSS|java.security.AlgorithmParameters
INSTANTIABLE|AlgorithmParameters|BCFIPS|SHAKE128WITHRSA/PSS|java.security.AlgorithmParameters
INSTANTIABLE|AlgorithmParameters|BCFIPS|SHAKE128WITHRSASSA-PSS|java.security.AlgorithmParameters
INSTANTIABLE|AlgorithmParameters|BCFIPS|SHAKE256WITHRSA/PSS|java.security.AlgorithmParameters
INSTANTIABLE|AlgorithmParameters|BCFIPS|SHAKE256WITHRSASSA-PSS|java.security.AlgorithmParameters
INSTANTIABLE|AlgorithmParameters|BCFIPS|TDEA|java.security.AlgorithmParameters
INSTANTIABLE|AlgorithmParameters|SUN|1.2.840.10040.4.1|java.security.AlgorithmParameters
INSTANTIABLE|AlgorithmParameters|SUN|1.3.14.3.2.12|java.security.AlgorithmParameters
INSTANTIABLE|AlgorithmParameters|SUN|DSA|java.security.AlgorithmParameters
INSTANTIABLE|AlgorithmParameters|SUN|OID.1.2.840.10040.4.1|java.security.AlgorithmParameters
INSTANTIABLE|AlgorithmParameters|SunEC|1.2.840.10045.2.1|java.security.AlgorithmParameters
INSTANTIABLE|AlgorithmParameters|SunEC|EC|java.security.AlgorithmParameters
INSTANTIABLE|AlgorithmParameters|SunEC|EllipticCurve|java.security.AlgorithmParameters
INSTANTIABLE|AlgorithmParameters|SunEC|OID.1.2.840.10045.2.1|java.security.AlgorithmParameters
INSTANTIABLE|AlgorithmParameters|SunJCE|1.2.840.113549.1.1.7|java.security.AlgorithmParameters
INSTANTIABLE|AlgorithmParameters|SunJCE|1.2.840.113549.1.12.1.1|java.security.AlgorithmParameters
INSTANTIABLE|AlgorithmParameters|SunJCE|1.2.840.113549.1.12.1.2|java.security.AlgorithmParameters
INSTANTIABLE|AlgorithmParameters|SunJCE|1.2.840.113549.1.12.1.3|java.security.AlgorithmParameters
INSTANTIABLE|AlgorithmParameters|SunJCE|1.2.840.113549.1.12.1.5|java.security.AlgorithmParameters
INSTANTIABLE|AlgorithmParameters|SunJCE|1.2.840.113549.1.12.1.6|java.security.AlgorithmParameters
INSTANTIABLE|AlgorithmParameters|SunJCE|1.2.840.113549.1.3.1|java.security.AlgorithmParameters
INSTANTIABLE|AlgorithmParameters|SunJCE|1.2.840.113549.1.5.13|java.security.AlgorithmParameters
INSTANTIABLE|AlgorithmParameters|SunJCE|1.2.840.113549.1.5.3|java.security.AlgorithmParameters
INSTANTIABLE|AlgorithmParameters|SunJCE|1.2.840.113549.1.9.16.3.18|java.security.AlgorithmParameters
INSTANTIABLE|AlgorithmParameters|SunJCE|2.16.840.1.101.3.4.1|java.security.AlgorithmParameters
INSTANTIABLE|AlgorithmParameters|SunJCE|AES|java.security.AlgorithmParameters
INSTANTIABLE|AlgorithmParameters|SunJCE|Blowfish|java.security.AlgorithmParameters
INSTANTIABLE|AlgorithmParameters|SunJCE|ChaCha20-Poly1305|java.security.AlgorithmParameters
INSTANTIABLE|AlgorithmParameters|SunJCE|DES|java.security.AlgorithmParameters
INSTANTIABLE|AlgorithmParameters|SunJCE|DESede|java.security.AlgorithmParameters
INSTANTIABLE|AlgorithmParameters|SunJCE|DH|java.security.AlgorithmParameters
INSTANTIABLE|AlgorithmParameters|SunJCE|DiffieHellman|java.security.AlgorithmParameters
INSTANTIABLE|AlgorithmParameters|SunJCE|GCM|java.security.AlgorithmParameters
INSTANTIABLE|AlgorithmParameters|SunJCE|OAEP|java.security.AlgorithmParameters
INSTANTIABLE|AlgorithmParameters|SunJCE|OID.1.2.840.113549.1.1.7|java.security.AlgorithmParameters
INSTANTIABLE|AlgorithmParameters|SunJCE|OID.1.2.840.113549.1.12.1.1|java.security.AlgorithmParameters
INSTANTIABLE|AlgorithmParameters|SunJCE|OID.1.2.840.113549.1.12.1.2|java.security.AlgorithmParameters
INSTANTIABLE|AlgorithmParameters|SunJCE|OID.1.2.840.113549.1.12.1.3|java.security.AlgorithmParameters
INSTANTIABLE|AlgorithmParameters|SunJCE|OID.1.2.840.113549.1.12.1.5|java.security.AlgorithmParameters
INSTANTIABLE|AlgorithmParameters|SunJCE|OID.1.2.840.113549.1.12.1.6|java.security.AlgorithmParameters
INSTANTIABLE|AlgorithmParameters|SunJCE|OID.1.2.840.113549.1.3.1|java.security.AlgorithmParameters
INSTANTIABLE|AlgorithmParameters|SunJCE|OID.1.2.840.113549.1.5.13|java.security.AlgorithmParameters
INSTANTIABLE|AlgorithmParameters|SunJCE|OID.1.2.840.113549.1.5.3|java.security.AlgorithmParameters
INSTANTIABLE|AlgorithmParameters|SunJCE|OID.1.2.840.113549.1.9.16.3.18|java.security.AlgorithmParameters
INSTANTIABLE|AlgorithmParameters|SunJCE|OID.2.16.840.1.101.3.4.1|java.security.AlgorithmParameters
INSTANTIABLE|AlgorithmParameters|SunJCE|PBE|java.security.AlgorithmParameters
INSTANTIABLE|AlgorithmParameters|SunJCE|PBES2|java.security.AlgorithmParameters
INSTANTIABLE|AlgorithmParameters|SunJCE|PBEWithHmacSHA1AndAES_128|java.security.AlgorithmParameters
INSTANTIABLE|AlgorithmParameters|SunJCE|PBEWithHmacSHA1AndAES_256|java.security.AlgorithmParameters
INSTANTIABLE|AlgorithmParameters|SunJCE|PBEWithHmacSHA224AndAES_128|java.security.AlgorithmParameters
INSTANTIABLE|AlgorithmParameters|SunJCE|PBEWithHmacSHA224AndAES_256|java.security.AlgorithmParameters
INSTANTIABLE|AlgorithmParameters|SunJCE|PBEWithHmacSHA256AndAES_128|java.security.AlgorithmParameters
INSTANTIABLE|AlgorithmParameters|SunJCE|PBEWithHmacSHA256AndAES_256|java.security.AlgorithmParameters
INSTANTIABLE|AlgorithmParameters|SunJCE|PBEWithHmacSHA384AndAES_128|java.security.AlgorithmParameters
INSTANTIABLE|AlgorithmParameters|SunJCE|PBEWithHmacSHA384AndAES_256|java.security.AlgorithmParameters
INSTANTIABLE|AlgorithmParameters|SunJCE|PBEWithHmacSHA512/224AndAES_128|java.security.AlgorithmParameters
INSTANTIABLE|AlgorithmParameters|SunJCE|PBEWithHmacSHA512/224AndAES_256|java.security.AlgorithmParameters
INSTANTIABLE|AlgorithmParameters|SunJCE|PBEWithHmacSHA512/256AndAES_128|java.security.AlgorithmParameters
INSTANTIABLE|AlgorithmParameters|SunJCE|PBEWithHmacSHA512/256AndAES_256|java.security.AlgorithmParameters
INSTANTIABLE|AlgorithmParameters|SunJCE|PBEWithHmacSHA512AndAES_128|java.security.AlgorithmParameters
INSTANTIABLE|AlgorithmParameters|SunJCE|PBEWithHmacSHA512AndAES_256|java.security.AlgorithmParameters
INSTANTIABLE|AlgorithmParameters|SunJCE|PBEWithMD5AndDES|java.security.AlgorithmParameters
INSTANTIABLE|AlgorithmParameters|SunJCE|PBEWithMD5AndTripleDES|java.security.AlgorithmParameters
INSTANTIABLE|AlgorithmParameters|SunJCE|PBEWithSHA1AndDESede|java.security.AlgorithmParameters
INSTANTIABLE|AlgorithmParameters|SunJCE|PBEWithSHA1AndRC2_128|java.security.AlgorithmParameters
INSTANTIABLE|AlgorithmParameters|SunJCE|PBEWithSHA1AndRC2_40|java.security.AlgorithmParameters
INSTANTIABLE|AlgorithmParameters|SunJCE|PBEWithSHA1AndRC4_128|java.security.AlgorithmParameters
INSTANTIABLE|AlgorithmParameters|SunJCE|PBEWithSHA1AndRC4_40|java.security.AlgorithmParameters
INSTANTIABLE|AlgorithmParameters|SunJCE|RC2|java.security.AlgorithmParameters
INSTANTIABLE|AlgorithmParameters|SunJCE|TripleDES|java.security.AlgorithmParameters
INSTANTIABLE|AlgorithmParameters|SunRsaSign|1.2.840.113549.1.1.10|java.security.AlgorithmParameters
INSTANTIABLE|AlgorithmParameters|SunRsaSign|OID.1.2.840.113549.1.1.10|java.security.AlgorithmParameters
INSTANTIABLE|AlgorithmParameters|SunRsaSign|PSS|java.security.AlgorithmParameters
INSTANTIABLE|AlgorithmParameters|SunRsaSign|RSASSA-PSS|java.security.AlgorithmParameters
INSTANTIABLE|CertPathBuilder|BCFIPS|PKIX|java.security.cert.CertPathBuilder
INSTANTIABLE|CertPathBuilder|SUN|PKIX|java.security.cert.CertPathBuilder
INSTANTIABLE|CertPathValidator|BCFIPS|PKIX|java.security.cert.CertPathValidator
INSTANTIABLE|CertPathValidator|SUN|PKIX|java.security.cert.CertPathValidator
INSTANTIABLE|CertStore|BCFIPS|COLLECTION|java.security.cert.CertStore
NOT_INSTANTIABLE|CertStore|JdkLDAP|LDAP|java.security.InvalidAlgorithmParameterException:Parameters must be either LDAPCertStoreParameters or URICertStoreParameters, but instance of java.security.cert.CollectionCertStoreParameters passed
INSTANTIABLE|CertStore|SUN|Collection|java.security.cert.CertStore
INSTANTIABLE|CertStore|SUN|com.sun.security.IndexedCollection|java.security.cert.CertStore
INSTANTIABLE|CertificateFactory|BCFIPS|X.509|java.security.cert.CertificateFactory
INSTANTIABLE|CertificateFactory|BCFIPS|X509|java.security.cert.CertificateFactory
INSTANTIABLE|CertificateFactory|SUN|X.509|java.security.cert.CertificateFactory
INSTANTIABLE|CertificateFactory|SUN|X509|java.security.cert.CertificateFactory
INSTANTIABLE|Cipher|BCFIPS|1.2.840.113549.1.1.7|javax.crypto.Cipher
INSTANTIABLE|Cipher|BCFIPS|1.2.840.113549.1.9.16.3.14|javax.crypto.Cipher
INSTANTIABLE|Cipher|BCFIPS|1.2.840.113549.3.7|javax.crypto.Cipher
INSTANTIABLE|Cipher|BCFIPS|2.16.840.1.101.3.4.1.1|javax.crypto.Cipher
INSTANTIABLE|Cipher|BCFIPS|2.16.840.1.101.3.4.1.2|javax.crypto.Cipher
INSTANTIABLE|Cipher|BCFIPS|2.16.840.1.101.3.4.1.21|javax.crypto.Cipher
INSTANTIABLE|Cipher|BCFIPS|2.16.840.1.101.3.4.1.22|javax.crypto.Cipher
INSTANTIABLE|Cipher|BCFIPS|2.16.840.1.101.3.4.1.23|javax.crypto.Cipher
INSTANTIABLE|Cipher|BCFIPS|2.16.840.1.101.3.4.1.24|javax.crypto.Cipher
INSTANTIABLE|Cipher|BCFIPS|2.16.840.1.101.3.4.1.25|javax.crypto.Cipher
INSTANTIABLE|Cipher|BCFIPS|2.16.840.1.101.3.4.1.26|javax.crypto.Cipher
INSTANTIABLE|Cipher|BCFIPS|2.16.840.1.101.3.4.1.27|javax.crypto.Cipher
INSTANTIABLE|Cipher|BCFIPS|2.16.840.1.101.3.4.1.28|javax.crypto.Cipher
INSTANTIABLE|Cipher|BCFIPS|2.16.840.1.101.3.4.1.3|javax.crypto.Cipher
INSTANTIABLE|Cipher|BCFIPS|2.16.840.1.101.3.4.1.4|javax.crypto.Cipher
INSTANTIABLE|Cipher|BCFIPS|2.16.840.1.101.3.4.1.41|javax.crypto.Cipher
INSTANTIABLE|Cipher|BCFIPS|2.16.840.1.101.3.4.1.42|javax.crypto.Cipher
INSTANTIABLE|Cipher|BCFIPS|2.16.840.1.101.3.4.1.43|javax.crypto.Cipher
INSTANTIABLE|Cipher|BCFIPS|2.16.840.1.101.3.4.1.44|javax.crypto.Cipher
INSTANTIABLE|Cipher|BCFIPS|2.16.840.1.101.3.4.1.45|javax.crypto.Cipher
INSTANTIABLE|Cipher|BCFIPS|2.16.840.1.101.3.4.1.46|javax.crypto.Cipher
INSTANTIABLE|Cipher|BCFIPS|2.16.840.1.101.3.4.1.47|javax.crypto.Cipher
INSTANTIABLE|Cipher|BCFIPS|2.16.840.1.101.3.4.1.48|javax.crypto.Cipher
INSTANTIABLE|Cipher|BCFIPS|2.16.840.1.101.3.4.1.5|javax.crypto.Cipher
INSTANTIABLE|Cipher|BCFIPS|2.16.840.1.101.3.4.1.6|javax.crypto.Cipher
INSTANTIABLE|Cipher|BCFIPS|2.16.840.1.101.3.4.1.7|javax.crypto.Cipher
INSTANTIABLE|Cipher|BCFIPS|2.16.840.1.101.3.4.1.8|javax.crypto.Cipher
INSTANTIABLE|Cipher|BCFIPS|AES|javax.crypto.Cipher
INSTANTIABLE|Cipher|BCFIPS|AESKW|javax.crypto.Cipher
INSTANTIABLE|Cipher|BCFIPS|AESKWP|javax.crypto.Cipher
INSTANTIABLE|Cipher|BCFIPS|AESWRAP|javax.crypto.Cipher
INSTANTIABLE|Cipher|BCFIPS|AESWRAPPAD|javax.crypto.Cipher
INSTANTIABLE|Cipher|BCFIPS|CCM|javax.crypto.Cipher
INSTANTIABLE|Cipher|BCFIPS|DESEDE|javax.crypto.Cipher
INSTANTIABLE|Cipher|BCFIPS|DESEDETKW|javax.crypto.Cipher
INSTANTIABLE|Cipher|BCFIPS|DESEDEWRAP|javax.crypto.Cipher
INSTANTIABLE|Cipher|BCFIPS|GCM|javax.crypto.Cipher
INSTANTIABLE|Cipher|BCFIPS|OID.1.2.840.113549.1.1.7|javax.crypto.Cipher
INSTANTIABLE|Cipher|BCFIPS|OID.1.2.840.113549.1.9.16.3.14|javax.crypto.Cipher
INSTANTIABLE|Cipher|BCFIPS|OID.1.2.840.113549.3.7|javax.crypto.Cipher
INSTANTIABLE|Cipher|BCFIPS|OID.2.16.840.1.101.3.4.1.1|javax.crypto.Cipher
INSTANTIABLE|Cipher|BCFIPS|OID.2.16.840.1.101.3.4.1.2|javax.crypto.Cipher
INSTANTIABLE|Cipher|BCFIPS|OID.2.16.840.1.101.3.4.1.21|javax.crypto.Cipher
INSTANTIABLE|Cipher|BCFIPS|OID.2.16.840.1.101.3.4.1.22|javax.crypto.Cipher
INSTANTIABLE|Cipher|BCFIPS|OID.2.16.840.1.101.3.4.1.23|javax.crypto.Cipher
INSTANTIABLE|Cipher|BCFIPS|OID.2.16.840.1.101.3.4.1.24|javax.crypto.Cipher
INSTANTIABLE|Cipher|BCFIPS|OID.2.16.840.1.101.3.4.1.25|javax.crypto.Cipher
INSTANTIABLE|Cipher|BCFIPS|OID.2.16.840.1.101.3.4.1.26|javax.crypto.Cipher
INSTANTIABLE|Cipher|BCFIPS|OID.2.16.840.1.101.3.4.1.27|javax.crypto.Cipher
INSTANTIABLE|Cipher|BCFIPS|OID.2.16.840.1.101.3.4.1.28|javax.crypto.Cipher
INSTANTIABLE|Cipher|BCFIPS|OID.2.16.840.1.101.3.4.1.3|javax.crypto.Cipher
INSTANTIABLE|Cipher|BCFIPS|OID.2.16.840.1.101.3.4.1.4|javax.crypto.Cipher
INSTANTIABLE|Cipher|BCFIPS|OID.2.16.840.1.101.3.4.1.41|javax.crypto.Cipher
INSTANTIABLE|Cipher|BCFIPS|OID.2.16.840.1.101.3.4.1.42|javax.crypto.Cipher
INSTANTIABLE|Cipher|BCFIPS|OID.2.16.840.1.101.3.4.1.43|javax.crypto.Cipher
INSTANTIABLE|Cipher|BCFIPS|OID.2.16.840.1.101.3.4.1.44|javax.crypto.Cipher
INSTANTIABLE|Cipher|BCFIPS|OID.2.16.840.1.101.3.4.1.45|javax.crypto.Cipher
INSTANTIABLE|Cipher|BCFIPS|OID.2.16.840.1.101.3.4.1.46|javax.crypto.Cipher
INSTANTIABLE|Cipher|BCFIPS|OID.2.16.840.1.101.3.4.1.47|javax.crypto.Cipher
INSTANTIABLE|Cipher|BCFIPS|OID.2.16.840.1.101.3.4.1.48|javax.crypto.Cipher
INSTANTIABLE|Cipher|BCFIPS|OID.2.16.840.1.101.3.4.1.5|javax.crypto.Cipher
INSTANTIABLE|Cipher|BCFIPS|OID.2.16.840.1.101.3.4.1.6|javax.crypto.Cipher
INSTANTIABLE|Cipher|BCFIPS|OID.2.16.840.1.101.3.4.1.7|javax.crypto.Cipher
INSTANTIABLE|Cipher|BCFIPS|OID.2.16.840.1.101.3.4.1.8|javax.crypto.Cipher
INSTANTIABLE|Cipher|BCFIPS|RSA|javax.crypto.Cipher
INSTANTIABLE|Cipher|BCFIPS|RSA-KTS-KEM-KWS|javax.crypto.Cipher
INSTANTIABLE|Cipher|BCFIPS|TDEA|javax.crypto.Cipher
INSTANTIABLE|Cipher|BCFIPS|TDEAWRAP|javax.crypto.Cipher
INSTANTIABLE|Cipher|SunJCE|1.2.840.113549.1.12.1.1|javax.crypto.Cipher
INSTANTIABLE|Cipher|SunJCE|1.2.840.113549.1.12.1.2|javax.crypto.Cipher
INSTANTIABLE|Cipher|SunJCE|1.2.840.113549.1.12.1.3|javax.crypto.Cipher
INSTANTIABLE|Cipher|SunJCE|1.2.840.113549.1.12.1.5|javax.crypto.Cipher
INSTANTIABLE|Cipher|SunJCE|1.2.840.113549.1.12.1.6|javax.crypto.Cipher
INSTANTIABLE|Cipher|SunJCE|1.2.840.113549.1.5.3|javax.crypto.Cipher
INSTANTIABLE|Cipher|SunJCE|1.2.840.113549.1.9.16.3.18|javax.crypto.Cipher
INSTANTIABLE|Cipher|SunJCE|1.2.840.113549.3.4|javax.crypto.Cipher
INSTANTIABLE|Cipher|SunJCE|2.16.840.1.101.3.4.1|javax.crypto.Cipher
INSTANTIABLE|Cipher|SunJCE|2.16.840.1.101.3.4.1.1|javax.crypto.Cipher
INSTANTIABLE|Cipher|SunJCE|2.16.840.1.101.3.4.1.2|javax.crypto.Cipher
INSTANTIABLE|Cipher|SunJCE|2.16.840.1.101.3.4.1.21|javax.crypto.Cipher
INSTANTIABLE|Cipher|SunJCE|2.16.840.1.101.3.4.1.22|javax.crypto.Cipher
INSTANTIABLE|Cipher|SunJCE|2.16.840.1.101.3.4.1.23|javax.crypto.Cipher
INSTANTIABLE|Cipher|SunJCE|2.16.840.1.101.3.4.1.24|javax.crypto.Cipher
INSTANTIABLE|Cipher|SunJCE|2.16.840.1.101.3.4.1.25|javax.crypto.Cipher
INSTANTIABLE|Cipher|SunJCE|2.16.840.1.101.3.4.1.26|javax.crypto.Cipher
INSTANTIABLE|Cipher|SunJCE|2.16.840.1.101.3.4.1.28|javax.crypto.Cipher
INSTANTIABLE|Cipher|SunJCE|2.16.840.1.101.3.4.1.3|javax.crypto.Cipher
INSTANTIABLE|Cipher|SunJCE|2.16.840.1.101.3.4.1.4|javax.crypto.Cipher
INSTANTIABLE|Cipher|SunJCE|2.16.840.1.101.3.4.1.41|javax.crypto.Cipher
INSTANTIABLE|Cipher|SunJCE|2.16.840.1.101.3.4.1.42|javax.crypto.Cipher
INSTANTIABLE|Cipher|SunJCE|2.16.840.1.101.3.4.1.43|javax.crypto.Cipher
INSTANTIABLE|Cipher|SunJCE|2.16.840.1.101.3.4.1.44|javax.crypto.Cipher
INSTANTIABLE|Cipher|SunJCE|2.16.840.1.101.3.4.1.45|javax.crypto.Cipher
INSTANTIABLE|Cipher|SunJCE|2.16.840.1.101.3.4.1.46|javax.crypto.Cipher
INSTANTIABLE|Cipher|SunJCE|2.16.840.1.101.3.4.1.48|javax.crypto.Cipher
INSTANTIABLE|Cipher|SunJCE|2.16.840.1.101.3.4.1.5|javax.crypto.Cipher
INSTANTIABLE|Cipher|SunJCE|2.16.840.1.101.3.4.1.6|javax.crypto.Cipher
INSTANTIABLE|Cipher|SunJCE|2.16.840.1.101.3.4.1.8|javax.crypto.Cipher
INSTANTIABLE|Cipher|SunJCE|AES|javax.crypto.Cipher
INSTANTIABLE|Cipher|SunJCE|AES/CBC/ISO10126PADDING|javax.crypto.Cipher
INSTANTIABLE|Cipher|SunJCE|AES/CBC/NOPADDING|javax.crypto.Cipher
INSTANTIABLE|Cipher|SunJCE|AES/CBC/PKCS5PADDING|javax.crypto.Cipher
INSTANTIABLE|Cipher|SunJCE|AES/CFB/ISO10126PADDING|javax.crypto.Cipher
INSTANTIABLE|Cipher|SunJCE|AES/CFB/NOPADDING|javax.crypto.Cipher
INSTANTIABLE|Cipher|SunJCE|AES/CFB/PKCS5PADDING|javax.crypto.Cipher
INSTANTIABLE|Cipher|SunJCE|AES/CFB104/ISO10126PADDING|javax.crypto.Cipher
INSTANTIABLE|Cipher|SunJCE|AES/CFB104/NOPADDING|javax.crypto.Cipher
INSTANTIABLE|Cipher|SunJCE|AES/CFB104/PKCS5PADDING|javax.crypto.Cipher
INSTANTIABLE|Cipher|SunJCE|AES/CFB112/ISO10126PADDING|javax.crypto.Cipher
INSTANTIABLE|Cipher|SunJCE|AES/CFB112/NOPADDING|javax.crypto.Cipher
INSTANTIABLE|Cipher|SunJCE|AES/CFB112/PKCS5PADDING|javax.crypto.Cipher
INSTANTIABLE|Cipher|SunJCE|AES/CFB120/ISO10126PADDING|javax.crypto.Cipher
INSTANTIABLE|Cipher|SunJCE|AES/CFB120/NOPADDING|javax.crypto.Cipher
INSTANTIABLE|Cipher|SunJCE|AES/CFB120/PKCS5PADDING|javax.crypto.Cipher
INSTANTIABLE|Cipher|SunJCE|AES/CFB128/ISO10126PADDING|javax.crypto.Cipher
INSTANTIABLE|Cipher|SunJCE|AES/CFB128/NOPADDING|javax.crypto.Cipher
INSTANTIABLE|Cipher|SunJCE|AES/CFB128/PKCS5PADDING|javax.crypto.Cipher
INSTANTIABLE|Cipher|SunJCE|AES/CFB16/ISO10126PADDING|javax.crypto.Cipher
INSTANTIABLE|Cipher|SunJCE|AES/CFB16/NOPADDING|javax.crypto.Cipher
INSTANTIABLE|Cipher|SunJCE|AES/CFB16/PKCS5PADDING|javax.crypto.Cipher
INSTANTIABLE|Cipher|SunJCE|AES/CFB24/ISO10126PADDING|javax.crypto.Cipher
INSTANTIABLE|Cipher|SunJCE|AES/CFB24/NOPADDING|javax.crypto.Cipher
INSTANTIABLE|Cipher|SunJCE|AES/CFB24/PKCS5PADDING|javax.crypto.Cipher
INSTANTIABLE|Cipher|SunJCE|AES/CFB32/ISO10126PADDING|javax.crypto.Cipher
INSTANTIABLE|Cipher|SunJCE|AES/CFB32/NOPADDING|javax.crypto.Cipher
INSTANTIABLE|Cipher|SunJCE|AES/CFB32/PKCS5PADDING|javax.crypto.Cipher
INSTANTIABLE|Cipher|SunJCE|AES/CFB40/ISO10126PADDING|javax.crypto.Cipher
INSTANTIABLE|Cipher|SunJCE|AES/CFB40/NOPADDING|javax.crypto.Cipher
INSTANTIABLE|Cipher|SunJCE|AES/CFB40/PKCS5PADDING|javax.crypto.Cipher
INSTANTIABLE|Cipher|SunJCE|AES/CFB48/ISO10126PADDING|javax.crypto.Cipher
INSTANTIABLE|Cipher|SunJCE|AES/CFB48/NOPADDING|javax.crypto.Cipher
INSTANTIABLE|Cipher|SunJCE|AES/CFB48/PKCS5PADDING|javax.crypto.Cipher
INSTANTIABLE|Cipher|SunJCE|AES/CFB56/ISO10126PADDING|javax.crypto.Cipher
INSTANTIABLE|Cipher|SunJCE|AES/CFB56/NOPADDING|javax.crypto.Cipher
INSTANTIABLE|Cipher|SunJCE|AES/CFB56/PKCS5PADDING|javax.crypto.Cipher
INSTANTIABLE|Cipher|SunJCE|AES/CFB64/ISO10126PADDING|javax.crypto.Cipher
INSTANTIABLE|Cipher|SunJCE|AES/CFB64/NOPADDING|javax.crypto.Cipher
INSTANTIABLE|Cipher|SunJCE|AES/CFB64/PKCS5PADDING|javax.crypto.Cipher
INSTANTIABLE|Cipher|SunJCE|AES/CFB72/ISO10126PADDING|javax.crypto.Cipher
INSTANTIABLE|Cipher|SunJCE|AES/CFB72/NOPADDING|javax.crypto.Cipher
INSTANTIABLE|Cipher|SunJCE|AES/CFB72/PKCS5PADDING|javax.crypto.Cipher
INSTANTIABLE|Cipher|SunJCE|AES/CFB8/ISO10126PADDING|javax.crypto.Cipher
INSTANTIABLE|Cipher|SunJCE|AES/CFB8/NOPADDING|javax.crypto.Cipher
INSTANTIABLE|Cipher|SunJCE|AES/CFB8/PKCS5PADDING|javax.crypto.Cipher
INSTANTIABLE|Cipher|SunJCE|AES/CFB80/ISO10126PADDING|javax.crypto.Cipher
INSTANTIABLE|Cipher|SunJCE|AES/CFB80/NOPADDING|javax.crypto.Cipher
INSTANTIABLE|Cipher|SunJCE|AES/CFB80/PKCS5PADDING|javax.crypto.Cipher
INSTANTIABLE|Cipher|SunJCE|AES/CFB88/ISO10126PADDING|javax.crypto.Cipher
INSTANTIABLE|Cipher|SunJCE|AES/CFB88/NOPADDING|javax.crypto.Cipher
INSTANTIABLE|Cipher|SunJCE|AES/CFB88/PKCS5PADDING|javax.crypto.Cipher
INSTANTIABLE|Cipher|SunJCE|AES/CFB96/ISO10126PADDING|javax.crypto.Cipher
INSTANTIABLE|Cipher|SunJCE|AES/CFB96/NOPADDING|javax.crypto.Cipher
INSTANTIABLE|Cipher|SunJCE|AES/CFB96/PKCS5PADDING|javax.crypto.Cipher
NOT_INSTANTIABLE|Cipher|SunJCE|AES/CTR/ISO10126PADDING|javax.crypto.NoSuchPaddingException:CTR mode must be used with NoPadding
INSTANTIABLE|Cipher|SunJCE|AES/CTR/NOPADDING|javax.crypto.Cipher
NOT_INSTANTIABLE|Cipher|SunJCE|AES/CTR/PKCS5PADDING|javax.crypto.NoSuchPaddingException:CTR mode must be used with NoPadding
NOT_INSTANTIABLE|Cipher|SunJCE|AES/CTS/ISO10126PADDING|javax.crypto.NoSuchPaddingException:CTS mode must be used with NoPadding
INSTANTIABLE|Cipher|SunJCE|AES/CTS/NOPADDING|javax.crypto.Cipher
NOT_INSTANTIABLE|Cipher|SunJCE|AES/CTS/PKCS5PADDING|javax.crypto.NoSuchPaddingException:CTS mode must be used with NoPadding
INSTANTIABLE|Cipher|SunJCE|AES/ECB/ISO10126PADDING|javax.crypto.Cipher
INSTANTIABLE|Cipher|SunJCE|AES/ECB/NOPADDING|javax.crypto.Cipher
INSTANTIABLE|Cipher|SunJCE|AES/ECB/PKCS5PADDING|javax.crypto.Cipher
INSTANTIABLE|Cipher|SunJCE|AES/GCM/NoPadding|javax.crypto.Cipher
INSTANTIABLE|Cipher|SunJCE|AES/KW/NoPadding|javax.crypto.Cipher
INSTANTIABLE|Cipher|SunJCE|AES/KW/PKCS5Padding|javax.crypto.Cipher
INSTANTIABLE|Cipher|SunJCE|AES/KWP/NoPadding|javax.crypto.Cipher
INSTANTIABLE|Cipher|SunJCE|AES/OFB/ISO10126PADDING|javax.crypto.Cipher
INSTANTIABLE|Cipher|SunJCE|AES/OFB/NOPADDING|javax.crypto.Cipher
INSTANTIABLE|Cipher|SunJCE|AES/OFB/PKCS5PADDING|javax.crypto.Cipher
INSTANTIABLE|Cipher|SunJCE|AES/OFB104/ISO10126PADDING|javax.crypto.Cipher
INSTANTIABLE|Cipher|SunJCE|AES/OFB104/NOPADDING|javax.crypto.Cipher
INSTANTIABLE|Cipher|SunJCE|AES/OFB104/PKCS5PADDING|javax.crypto.Cipher
INSTANTIABLE|Cipher|SunJCE|AES/OFB112/ISO10126PADDING|javax.crypto.Cipher
INSTANTIABLE|Cipher|SunJCE|AES/OFB112/NOPADDING|javax.crypto.Cipher
INSTANTIABLE|Cipher|SunJCE|AES/OFB112/PKCS5PADDING|javax.crypto.Cipher
INSTANTIABLE|Cipher|SunJCE|AES/OFB120/ISO10126PADDING|javax.crypto.Cipher
INSTANTIABLE|Cipher|SunJCE|AES/OFB120/NOPADDING|javax.crypto.Cipher
INSTANTIABLE|Cipher|SunJCE|AES/OFB120/PKCS5PADDING|javax.crypto.Cipher
INSTANTIABLE|Cipher|SunJCE|AES/OFB128/ISO10126PADDING|javax.crypto.Cipher
INSTANTIABLE|Cipher|SunJCE|AES/OFB128/NOPADDING|javax.crypto.Cipher
INSTANTIABLE|Cipher|SunJCE|AES/OFB128/PKCS5PADDING|javax.crypto.Cipher
INSTANTIABLE|Cipher|SunJCE|AES/OFB16/ISO10126PADDING|javax.crypto.Cipher
INSTANTIABLE|Cipher|SunJCE|AES/OFB16/NOPADDING|javax.crypto.Cipher
INSTANTIABLE|Cipher|SunJCE|AES/OFB16/PKCS5PADDING|javax.crypto.Cipher
INSTANTIABLE|Cipher|SunJCE|AES/OFB24/ISO10126PADDING|javax.crypto.Cipher
INSTANTIABLE|Cipher|SunJCE|AES/OFB24/NOPADDING|javax.crypto.Cipher
INSTANTIABLE|Cipher|SunJCE|AES/OFB24/PKCS5PADDING|javax.crypto.Cipher
INSTANTIABLE|Cipher|SunJCE|AES/OFB32/ISO10126PADDING|javax.crypto.Cipher
INSTANTIABLE|Cipher|SunJCE|AES/OFB32/NOPADDING|javax.crypto.Cipher
INSTANTIABLE|Cipher|SunJCE|AES/OFB32/PKCS5PADDING|javax.crypto.Cipher
INSTANTIABLE|Cipher|SunJCE|AES/OFB40/ISO10126PADDING|javax.crypto.Cipher
INSTANTIABLE|Cipher|SunJCE|AES/OFB40/NOPADDING|javax.crypto.Cipher
INSTANTIABLE|Cipher|SunJCE|AES/OFB40/PKCS5PADDING|javax.crypto.Cipher
INSTANTIABLE|Cipher|SunJCE|AES/OFB48/ISO10126PADDING|javax.crypto.Cipher
INSTANTIABLE|Cipher|SunJCE|AES/OFB48/NOPADDING|javax.crypto.Cipher
INSTANTIABLE|Cipher|SunJCE|AES/OFB48/PKCS5PADDING|javax.crypto.Cipher
INSTANTIABLE|Cipher|SunJCE|AES/OFB56/ISO10126PADDING|javax.crypto.Cipher
INSTANTIABLE|Cipher|SunJCE|AES/OFB56/NOPADDING|javax.crypto.Cipher
INSTANTIABLE|Cipher|SunJCE|AES/OFB56/PKCS5PADDING|javax.crypto.Cipher
INSTANTIABLE|Cipher|SunJCE|AES/OFB64/ISO10126PADDING|javax.crypto.Cipher
INSTANTIABLE|Cipher|SunJCE|AES/OFB64/NOPADDING|javax.crypto.Cipher
INSTANTIABLE|Cipher|SunJCE|AES/OFB64/PKCS5PADDING|javax.crypto.Cipher
INSTANTIABLE|Cipher|SunJCE|AES/OFB72/ISO10126PADDING|javax.crypto.Cipher
INSTANTIABLE|Cipher|SunJCE|AES/OFB72/NOPADDING|javax.crypto.Cipher
INSTANTIABLE|Cipher|SunJCE|AES/OFB72/PKCS5PADDING|javax.crypto.Cipher
INSTANTIABLE|Cipher|SunJCE|AES/OFB8/ISO10126PADDING|javax.crypto.Cipher
INSTANTIABLE|Cipher|SunJCE|AES/OFB8/NOPADDING|javax.crypto.Cipher
INSTANTIABLE|Cipher|SunJCE|AES/OFB8/PKCS5PADDING|javax.crypto.Cipher
INSTANTIABLE|Cipher|SunJCE|AES/OFB80/ISO10126PADDING|javax.crypto.Cipher
INSTANTIABLE|Cipher|SunJCE|AES/OFB80/NOPADDING|javax.crypto.Cipher
INSTANTIABLE|Cipher|SunJCE|AES/OFB80/PKCS5PADDING|javax.crypto.Cipher
INSTANTIABLE|Cipher|SunJCE|AES/OFB88/ISO10126PADDING|javax.crypto.Cipher
INSTANTIABLE|Cipher|SunJCE|AES/OFB88/NOPADDING|javax.crypto.Cipher
INSTANTIABLE|Cipher|SunJCE|AES/OFB88/PKCS5PADDING|javax.crypto.Cipher
INSTANTIABLE|Cipher|SunJCE|AES/OFB96/ISO10126PADDING|javax.crypto.Cipher
INSTANTIABLE|Cipher|SunJCE|AES/OFB96/NOPADDING|javax.crypto.Cipher
INSTANTIABLE|Cipher|SunJCE|AES/OFB96/PKCS5PADDING|javax.crypto.Cipher
INSTANTIABLE|Cipher|SunJCE|AES/PCBC/ISO10126PADDING|javax.crypto.Cipher
INSTANTIABLE|Cipher|SunJCE|AES/PCBC/NOPADDING|javax.crypto.Cipher
INSTANTIABLE|Cipher|SunJCE|AES/PCBC/PKCS5PADDING|javax.crypto.Cipher
INSTANTIABLE|Cipher|SunJCE|AESWrap|javax.crypto.Cipher
INSTANTIABLE|Cipher|SunJCE|AESWrapPad|javax.crypto.Cipher
INSTANTIABLE|Cipher|SunJCE|AESWrapPad_128|javax.crypto.Cipher
INSTANTIABLE|Cipher|SunJCE|AESWrapPad_192|javax.crypto.Cipher
INSTANTIABLE|Cipher|SunJCE|AESWrapPad_256|javax.crypto.Cipher
INSTANTIABLE|Cipher|SunJCE|AESWrap_128|javax.crypto.Cipher
INSTANTIABLE|Cipher|SunJCE|AESWrap_192|javax.crypto.Cipher
INSTANTIABLE|Cipher|SunJCE|AESWrap_256|javax.crypto.Cipher
INSTANTIABLE|Cipher|SunJCE|AES_128/CBC/NoPadding|javax.crypto.Cipher
INSTANTIABLE|Cipher|SunJCE|AES_128/CFB/NoPadding|javax.crypto.Cipher
INSTANTIABLE|Cipher|SunJCE|AES_128/ECB/NoPadding|javax.crypto.Cipher
INSTANTIABLE|Cipher|SunJCE|AES_128/GCM/NoPadding|javax.crypto.Cipher
INSTANTIABLE|Cipher|SunJCE|AES_128/KW/NoPadding|javax.crypto.Cipher
INSTANTIABLE|Cipher|SunJCE|AES_128/KW/PKCS5Padding|javax.crypto.Cipher
INSTANTIABLE|Cipher|SunJCE|AES_128/KWP/NoPadding|javax.crypto.Cipher
INSTANTIABLE|Cipher|SunJCE|AES_128/OFB/NoPadding|javax.crypto.Cipher
INSTANTIABLE|Cipher|SunJCE|AES_192/CBC/NoPadding|javax.crypto.Cipher
INSTANTIABLE|Cipher|SunJCE|AES_192/CFB/NoPadding|javax.crypto.Cipher
INSTANTIABLE|Cipher|SunJCE|AES_192/ECB/NoPadding|javax.crypto.Cipher
INSTANTIABLE|Cipher|SunJCE|AES_192/GCM/NoPadding|javax.crypto.Cipher
INSTANTIABLE|Cipher|SunJCE|AES_192/KW/NoPadding|javax.crypto.Cipher
INSTANTIABLE|Cipher|SunJCE|AES_192/KW/PKCS5Padding|javax.crypto.Cipher
INSTANTIABLE|Cipher|SunJCE|AES_192/KWP/NoPadding|javax.crypto.Cipher
INSTANTIABLE|Cipher|SunJCE|AES_192/OFB/NoPadding|javax.crypto.Cipher
INSTANTIABLE|Cipher|SunJCE|AES_256/CBC/NoPadding|javax.crypto.Cipher
INSTANTIABLE|Cipher|SunJCE|AES_256/CFB/NoPadding|javax.crypto.Cipher
INSTANTIABLE|Cipher|SunJCE|AES_256/ECB/NoPadding|javax.crypto.Cipher
INSTANTIABLE|Cipher|SunJCE|AES_256/GCM/NoPadding|javax.crypto.Cipher
INSTANTIABLE|Cipher|SunJCE|AES_256/KW/NoPadding|javax.crypto.Cipher
INSTANTIABLE|Cipher|SunJCE|AES_256/KW/PKCS5Padding|javax.crypto.Cipher
INSTANTIABLE|Cipher|SunJCE|AES_256/KWP/NoPadding|javax.crypto.Cipher
INSTANTIABLE|Cipher|SunJCE|AES_256/OFB/NoPadding|javax.crypto.Cipher
INSTANTIABLE|Cipher|SunJCE|ARCFOUR|javax.crypto.Cipher
INSTANTIABLE|Cipher|SunJCE|ARCFOUR/ECB/NOPADDING|javax.crypto.Cipher
INSTANTIABLE|Cipher|SunJCE|Blowfish|javax.crypto.Cipher
INSTANTIABLE|Cipher|SunJCE|Blowfish/CBC/ISO10126PADDING|javax.crypto.Cipher
INSTANTIABLE|Cipher|SunJCE|Blowfish/CBC/NOPADDING|javax.crypto.Cipher
INSTANTIABLE|Cipher|SunJCE|Blowfish/CBC/PKCS5PADDING|javax.crypto.Cipher
INSTANTIABLE|Cipher|SunJCE|Blowfish/CFB/ISO10126PADDING|javax.crypto.Cipher
INSTANTIABLE|Cipher|SunJCE|Blowfish/CFB/NOPADDING|javax.crypto.Cipher
INSTANTIABLE|Cipher|SunJCE|Blowfish/CFB/PKCS5PADDING|javax.crypto.Cipher
INSTANTIABLE|Cipher|SunJCE|Blowfish/CFB16/ISO10126PADDING|javax.crypto.Cipher
INSTANTIABLE|Cipher|SunJCE|Blowfish/CFB16/NOPADDING|javax.crypto.Cipher
INSTANTIABLE|Cipher|SunJCE|Blowfish/CFB16/PKCS5PADDING|javax.crypto.Cipher
INSTANTIABLE|Cipher|SunJCE|Blowfish/CFB24/ISO10126PADDING|javax.crypto.Cipher
INSTANTIABLE|Cipher|SunJCE|Blowfish/CFB24/NOPADDING|javax.crypto.Cipher
INSTANTIABLE|Cipher|SunJCE|Blowfish/CFB24/PKCS5PADDING|javax.crypto.Cipher
INSTANTIABLE|Cipher|SunJCE|Blowfish/CFB32/ISO10126PADDING|javax.crypto.Cipher
INSTANTIABLE|Cipher|SunJCE|Blowfish/CFB32/NOPADDING|javax.crypto.Cipher
INSTANTIABLE|Cipher|SunJCE|Blowfish/CFB32/PKCS5PADDING|javax.crypto.Cipher
INSTANTIABLE|Cipher|SunJCE|Blowfish/CFB40/ISO10126PADDING|javax.crypto.Cipher
INSTANTIABLE|Cipher|SunJCE|Blowfish/CFB40/NOPADDING|javax.crypto.Cipher
INSTANTIABLE|Cipher|SunJCE|Blowfish/CFB40/PKCS5PADDING|javax.crypto.Cipher
INSTANTIABLE|Cipher|SunJCE|Blowfish/CFB48/ISO10126PADDING|javax.crypto.Cipher
INSTANTIABLE|Cipher|SunJCE|Blowfish/CFB48/NOPADDING|javax.crypto.Cipher
INSTANTIABLE|Cipher|SunJCE|Blowfish/CFB48/PKCS5PADDING|javax.crypto.Cipher
INSTANTIABLE|Cipher|SunJCE|Blowfish/CFB56/ISO10126PADDING|javax.crypto.Cipher
INSTANTIABLE|Cipher|SunJCE|Blowfish/CFB56/NOPADDING|javax.crypto.Cipher
INSTANTIABLE|Cipher|SunJCE|Blowfish/CFB56/PKCS5PADDING|javax.crypto.Cipher
INSTANTIABLE|Cipher|SunJCE|Blowfish/CFB64/ISO10126PADDING|javax.crypto.Cipher
INSTANTIABLE|Cipher|SunJCE|Blowfish/CFB64/NOPADDING|javax.crypto.Cipher
INSTANTIABLE|Cipher|SunJCE|Blowfish/CFB64/PKCS5PADDING|javax.crypto.Cipher
INSTANTIABLE|Cipher|SunJCE|Blowfish/CFB8/ISO10126PADDING|javax.crypto.Cipher
INSTANTIABLE|Cipher|SunJCE|Blowfish/CFB8/NOPADDING|javax.crypto.Cipher
INSTANTIABLE|Cipher|SunJCE|Blowfish/CFB8/PKCS5PADDING|javax.crypto.Cipher
NOT_INSTANTIABLE|Cipher|SunJCE|Blowfish/CTR/ISO10126PADDING|javax.crypto.NoSuchPaddingException:CTR mode must be used with NoPadding
INSTANTIABLE|Cipher|SunJCE|Blowfish/CTR/NOPADDING|javax.crypto.Cipher
NOT_INSTANTIABLE|Cipher|SunJCE|Blowfish/CTR/PKCS5PADDING|javax.crypto.NoSuchPaddingException:CTR mode must be used with NoPadding
NOT_INSTANTIABLE|Cipher|SunJCE|Blowfish/CTS/ISO10126PADDING|javax.crypto.NoSuchPaddingException:CTS mode must be used with NoPadding
INSTANTIABLE|Cipher|SunJCE|Blowfish/CTS/NOPADDING|javax.crypto.Cipher
NOT_INSTANTIABLE|Cipher|SunJCE|Blowfish/CTS/PKCS5PADDING|javax.crypto.NoSuchPaddingException:CTS mode must be used with NoPadding
INSTANTIABLE|Cipher|SunJCE|Blowfish/ECB/ISO10126PADDING|javax.crypto.Cipher
INSTANTIABLE|Cipher|SunJCE|Blowfish/ECB/NOPADDING|javax.crypto.Cipher
INSTANTIABLE|Cipher|SunJCE|Blowfish/ECB/PKCS5PADDING|javax.crypto.Cipher
INSTANTIABLE|Cipher|SunJCE|Blowfish/OFB/ISO10126PADDING|javax.crypto.Cipher
INSTANTIABLE|Cipher|SunJCE|Blowfish/OFB/NOPADDING|javax.crypto.Cipher
INSTANTIABLE|Cipher|SunJCE|Blowfish/OFB/PKCS5PADDING|javax.crypto.Cipher
INSTANTIABLE|Cipher|SunJCE|Blowfish/OFB16/ISO10126PADDING|javax.crypto.Cipher
INSTANTIABLE|Cipher|SunJCE|Blowfish/OFB16/NOPADDING|javax.crypto.Cipher
INSTANTIABLE|Cipher|SunJCE|Blowfish/OFB16/PKCS5PADDING|javax.crypto.Cipher
INSTANTIABLE|Cipher|SunJCE|Blowfish/OFB24/ISO10126PADDING|javax.crypto.Cipher
INSTANTIABLE|Cipher|SunJCE|Blowfish/OFB24/NOPADDING|javax.crypto.Cipher
INSTANTIABLE|Cipher|SunJCE|Blowfish/OFB24/PKCS5PADDING|javax.crypto.Cipher
INSTANTIABLE|Cipher|SunJCE|Blowfish/OFB32/ISO10126PADDING|javax.crypto.Cipher
INSTANTIABLE|Cipher|SunJCE|Blowfish/OFB32/NOPADDING|javax.crypto.Cipher
INSTANTIABLE|Cipher|SunJCE|Blowfish/OFB32/PKCS5PADDING|javax.crypto.Cipher
INSTANTIABLE|Cipher|SunJCE|Blowfish/OFB40/ISO10126PADDING|javax.crypto.Cipher
INSTANTIABLE|Cipher|SunJCE|Blowfish/OFB40/NOPADDING|javax.crypto.Cipher
INSTANTIABLE|Cipher|SunJCE|Blowfish/OFB40/PKCS5PADDING|javax.crypto.Cipher
INSTANTIABLE|Cipher|SunJCE|Blowfish/OFB48/ISO10126PADDING|javax.crypto.Cipher
INSTANTIABLE|Cipher|SunJCE|Blowfish/OFB48/NOPADDING|javax.crypto.Cipher
INSTANTIABLE|Cipher|SunJCE|Blowfish/OFB48/PKCS5PADDING|javax.crypto.Cipher
INSTANTIABLE|Cipher|SunJCE|Blowfish/OFB56/ISO10126PADDING|javax.crypto.Cipher
INSTANTIABLE|Cipher|SunJCE|Blowfish/OFB56/NOPADDING|javax.crypto.Cipher
INSTANTIABLE|Cipher|SunJCE|Blowfish/OFB56/PKCS5PADDING|javax.crypto.Cipher
INSTANTIABLE|Cipher|SunJCE|Blowfish/OFB64/ISO10126PADDING|javax.crypto.Cipher
INSTANTIABLE|Cipher|SunJCE|Blowfish/OFB64/NOPADDING|javax.crypto.Cipher
INSTANTIABLE|Cipher|SunJCE|Blowfish/OFB64/PKCS5PADDING|javax.crypto.Cipher
INSTANTIABLE|Cipher|SunJCE|Blowfish/OFB8/ISO10126PADDING|javax.crypto.Cipher
INSTANTIABLE|Cipher|SunJCE|Blowfish/OFB8/NOPADDING|javax.crypto.Cipher
INSTANTIABLE|Cipher|SunJCE|Blowfish/OFB8/PKCS5PADDING|javax.crypto.Cipher
INSTANTIABLE|Cipher|SunJCE|Blowfish/PCBC/ISO10126PADDING|javax.crypto.Cipher
INSTANTIABLE|Cipher|SunJCE|Blowfish/PCBC/NOPADDING|javax.crypto.Cipher
INSTANTIABLE|Cipher|SunJCE|Blowfish/PCBC/PKCS5PADDING|javax.crypto.Cipher
INSTANTIABLE|Cipher|SunJCE|ChaCha20|javax.crypto.Cipher
INSTANTIABLE|Cipher|SunJCE|ChaCha20-Poly1305|javax.crypto.Cipher
INSTANTIABLE|Cipher|SunJCE|DES|javax.crypto.Cipher
INSTANTIABLE|Cipher|SunJCE|DES/CBC/ISO10126PADDING|javax.crypto.Cipher
INSTANTIABLE|Cipher|SunJCE|DES/CBC/NOPADDING|javax.crypto.Cipher
INSTANTIABLE|Cipher|SunJCE|DES/CBC/PKCS5PADDING|javax.crypto.Cipher
INSTANTIABLE|Cipher|SunJCE|DES/CFB/ISO10126PADDING|javax.crypto.Cipher
INSTANTIABLE|Cipher|SunJCE|DES/CFB/NOPADDING|javax.crypto.Cipher
INSTANTIABLE|Cipher|SunJCE|DES/CFB/PKCS5PADDING|javax.crypto.Cipher
INSTANTIABLE|Cipher|SunJCE|DES/CFB16/ISO10126PADDING|javax.crypto.Cipher
INSTANTIABLE|Cipher|SunJCE|DES/CFB16/NOPADDING|javax.crypto.Cipher
INSTANTIABLE|Cipher|SunJCE|DES/CFB16/PKCS5PADDING|javax.crypto.Cipher
INSTANTIABLE|Cipher|SunJCE|DES/CFB24/ISO10126PADDING|javax.crypto.Cipher
INSTANTIABLE|Cipher|SunJCE|DES/CFB24/NOPADDING|javax.crypto.Cipher
INSTANTIABLE|Cipher|SunJCE|DES/CFB24/PKCS5PADDING|javax.crypto.Cipher
INSTANTIABLE|Cipher|SunJCE|DES/CFB32/ISO10126PADDING|javax.crypto.Cipher
INSTANTIABLE|Cipher|SunJCE|DES/CFB32/NOPADDING|javax.crypto.Cipher
INSTANTIABLE|Cipher|SunJCE|DES/CFB32/PKCS5PADDING|javax.crypto.Cipher
INSTANTIABLE|Cipher|SunJCE|DES/CFB40/ISO10126PADDING|javax.crypto.Cipher
INSTANTIABLE|Cipher|SunJCE|DES/CFB40/NOPADDING|javax.crypto.Cipher
INSTANTIABLE|Cipher|SunJCE|DES/CFB40/PKCS5PADDING|javax.crypto.Cipher
INSTANTIABLE|Cipher|SunJCE|DES/CFB48/ISO10126PADDING|javax.crypto.Cipher
INSTANTIABLE|Cipher|SunJCE|DES/CFB48/NOPADDING|javax.crypto.Cipher
INSTANTIABLE|Cipher|SunJCE|DES/CFB48/PKCS5PADDING|javax.crypto.Cipher
INSTANTIABLE|Cipher|SunJCE|DES/CFB56/ISO10126PADDING|javax.crypto.Cipher
INSTANTIABLE|Cipher|SunJCE|DES/CFB56/NOPADDING|javax.crypto.Cipher
INSTANTIABLE|Cipher|SunJCE|DES/CFB56/PKCS5PADDING|javax.crypto.Cipher
INSTANTIABLE|Cipher|SunJCE|DES/CFB64/ISO10126PADDING|javax.crypto.Cipher
INSTANTIABLE|Cipher|SunJCE|DES/CFB64/NOPADDING|javax.crypto.Cipher
INSTANTIABLE|Cipher|SunJCE|DES/CFB64/PKCS5PADDING|javax.crypto.Cipher
INSTANTIABLE|Cipher|SunJCE|DES/CFB8/ISO10126PADDING|javax.crypto.Cipher
INSTANTIABLE|Cipher|SunJCE|DES/CFB8/NOPADDING|javax.crypto.Cipher
INSTANTIABLE|Cipher|SunJCE|DES/CFB8/PKCS5PADDING|javax.crypto.Cipher
NOT_INSTANTIABLE|Cipher|SunJCE|DES/CTR/ISO10126PADDING|javax.crypto.NoSuchPaddingException:CTR mode must be used with NoPadding
INSTANTIABLE|Cipher|SunJCE|DES/CTR/NOPADDING|javax.crypto.Cipher
NOT_INSTANTIABLE|Cipher|SunJCE|DES/CTR/PKCS5PADDING|javax.crypto.NoSuchPaddingException:CTR mode must be used with NoPadding
NOT_INSTANTIABLE|Cipher|SunJCE|DES/CTS/ISO10126PADDING|javax.crypto.NoSuchPaddingException:CTS mode must be used with NoPadding
INSTANTIABLE|Cipher|SunJCE|DES/CTS/NOPADDING|javax.crypto.Cipher
NOT_INSTANTIABLE|Cipher|SunJCE|DES/CTS/PKCS5PADDING|javax.crypto.NoSuchPaddingException:CTS mode must be used with NoPadding
INSTANTIABLE|Cipher|SunJCE|DES/ECB/ISO10126PADDING|javax.crypto.Cipher
INSTANTIABLE|Cipher|SunJCE|DES/ECB/NOPADDING|javax.crypto.Cipher
INSTANTIABLE|Cipher|SunJCE|DES/ECB/PKCS5PADDING|javax.crypto.Cipher
INSTANTIABLE|Cipher|SunJCE|DES/OFB/ISO10126PADDING|javax.crypto.Cipher
INSTANTIABLE|Cipher|SunJCE|DES/OFB/NOPADDING|javax.crypto.Cipher
INSTANTIABLE|Cipher|SunJCE|DES/OFB/PKCS5PADDING|javax.crypto.Cipher
INSTANTIABLE|Cipher|SunJCE|DES/OFB16/ISO10126PADDING|javax.crypto.Cipher
INSTANTIABLE|Cipher|SunJCE|DES/OFB16/NOPADDING|javax.crypto.Cipher
INSTANTIABLE|Cipher|SunJCE|DES/OFB16/PKCS5PADDING|javax.crypto.Cipher
INSTANTIABLE|Cipher|SunJCE|DES/OFB24/ISO10126PADDING|javax.crypto.Cipher
INSTANTIABLE|Cipher|SunJCE|DES/OFB24/NOPADDING|javax.crypto.Cipher
INSTANTIABLE|Cipher|SunJCE|DES/OFB24/PKCS5PADDING|javax.crypto.Cipher
INSTANTIABLE|Cipher|SunJCE|DES/OFB32/ISO10126PADDING|javax.crypto.Cipher
INSTANTIABLE|Cipher|SunJCE|DES/OFB32/NOPADDING|javax.crypto.Cipher
INSTANTIABLE|Cipher|SunJCE|DES/OFB32/PKCS5PADDING|javax.crypto.Cipher
INSTANTIABLE|Cipher|SunJCE|DES/OFB40/ISO10126PADDING|javax.crypto.Cipher
INSTANTIABLE|Cipher|SunJCE|DES/OFB40/NOPADDING|javax.crypto.Cipher
INSTANTIABLE|Cipher|SunJCE|DES/OFB40/PKCS5PADDING|javax.crypto.Cipher
INSTANTIABLE|Cipher|SunJCE|DES/OFB48/ISO10126PADDING|javax.crypto.Cipher
INSTANTIABLE|Cipher|SunJCE|DES/OFB48/NOPADDING|javax.crypto.Cipher
INSTANTIABLE|Cipher|SunJCE|DES/OFB48/PKCS5PADDING|javax.crypto.Cipher
INSTANTIABLE|Cipher|SunJCE|DES/OFB56/ISO10126PADDING|javax.crypto.Cipher
INSTANTIABLE|Cipher|SunJCE|DES/OFB56/NOPADDING|javax.crypto.Cipher
INSTANTIABLE|Cipher|SunJCE|DES/OFB56/PKCS5PADDING|javax.crypto.Cipher
INSTANTIABLE|Cipher|SunJCE|DES/OFB64/ISO10126PADDING|javax.crypto.Cipher
INSTANTIABLE|Cipher|SunJCE|DES/OFB64/NOPADDING|javax.crypto.Cipher
INSTANTIABLE|Cipher|SunJCE|DES/OFB64/PKCS5PADDING|javax.crypto.Cipher
INSTANTIABLE|Cipher|SunJCE|DES/OFB8/ISO10126PADDING|javax.crypto.Cipher
INSTANTIABLE|Cipher|SunJCE|DES/OFB8/NOPADDING|javax.crypto.Cipher
INSTANTIABLE|Cipher|SunJCE|DES/OFB8/PKCS5PADDING|javax.crypto.Cipher
INSTANTIABLE|Cipher|SunJCE|DES/PCBC/ISO10126PADDING|javax.crypto.Cipher
INSTANTIABLE|Cipher|SunJCE|DES/PCBC/NOPADDING|javax.crypto.Cipher
INSTANTIABLE|Cipher|SunJCE|DES/PCBC/PKCS5PADDING|javax.crypto.Cipher
INSTANTIABLE|Cipher|SunJCE|DESede|javax.crypto.Cipher
INSTANTIABLE|Cipher|SunJCE|DESede/CBC/ISO10126PADDING|javax.crypto.Cipher
INSTANTIABLE|Cipher|SunJCE|DESede/CBC/NOPADDING|javax.crypto.Cipher
INSTANTIABLE|Cipher|SunJCE|DESede/CBC/PKCS5PADDING|javax.crypto.Cipher
INSTANTIABLE|Cipher|SunJCE|DESede/CFB/ISO10126PADDING|javax.crypto.Cipher
INSTANTIABLE|Cipher|SunJCE|DESede/CFB/NOPADDING|javax.crypto.Cipher
INSTANTIABLE|Cipher|SunJCE|DESede/CFB/PKCS5PADDING|javax.crypto.Cipher
INSTANTIABLE|Cipher|SunJCE|DESede/CFB16/ISO10126PADDING|javax.crypto.Cipher
INSTANTIABLE|Cipher|SunJCE|DESede/CFB16/NOPADDING|javax.crypto.Cipher
INSTANTIABLE|Cipher|SunJCE|DESede/CFB16/PKCS5PADDING|javax.crypto.Cipher
INSTANTIABLE|Cipher|SunJCE|DESede/CFB24/ISO10126PADDING|javax.crypto.Cipher
INSTANTIABLE|Cipher|SunJCE|DESede/CFB24/NOPADDING|javax.crypto.Cipher
INSTANTIABLE|Cipher|SunJCE|DESede/CFB24/PKCS5PADDING|javax.crypto.Cipher
INSTANTIABLE|Cipher|SunJCE|DESede/CFB32/ISO10126PADDING|javax.crypto.Cipher
INSTANTIABLE|Cipher|SunJCE|DESede/CFB32/NOPADDING|javax.crypto.Cipher
INSTANTIABLE|Cipher|SunJCE|DESede/CFB32/PKCS5PADDING|javax.crypto.Cipher
INSTANTIABLE|Cipher|SunJCE|DESede/CFB40/ISO10126PADDING|javax.crypto.Cipher
INSTANTIABLE|Cipher|SunJCE|DESede/CFB40/NOPADDING|javax.crypto.Cipher
INSTANTIABLE|Cipher|SunJCE|DESede/CFB40/PKCS5PADDING|javax.crypto.Cipher
INSTANTIABLE|Cipher|SunJCE|DESede/CFB48/ISO10126PADDING|javax.crypto.Cipher
INSTANTIABLE|Cipher|SunJCE|DESede/CFB48/NOPADDING|javax.crypto.Cipher
INSTANTIABLE|Cipher|SunJCE|DESede/CFB48/PKCS5PADDING|javax.crypto.Cipher
INSTANTIABLE|Cipher|SunJCE|DESede/CFB56/ISO10126PADDING|javax.crypto.Cipher
INSTANTIABLE|Cipher|SunJCE|DESede/CFB56/NOPADDING|javax.crypto.Cipher
INSTANTIABLE|Cipher|SunJCE|DESede/CFB56/PKCS5PADDING|javax.crypto.Cipher
INSTANTIABLE|Cipher|SunJCE|DESede/CFB64/ISO10126PADDING|javax.crypto.Cipher
INSTANTIABLE|Cipher|SunJCE|DESede/CFB64/NOPADDING|javax.crypto.Cipher
INSTANTIABLE|Cipher|SunJCE|DESede/CFB64/PKCS5PADDING|javax.crypto.Cipher
INSTANTIABLE|Cipher|SunJCE|DESede/CFB8/ISO10126PADDING|javax.crypto.Cipher
INSTANTIABLE|Cipher|SunJCE|DESede/CFB8/NOPADDING|javax.crypto.Cipher
INSTANTIABLE|Cipher|SunJCE|DESede/CFB8/PKCS5PADDING|javax.crypto.Cipher
NOT_INSTANTIABLE|Cipher|SunJCE|DESede/CTR/ISO10126PADDING|javax.crypto.NoSuchPaddingException:CTR mode must be used with NoPadding
INSTANTIABLE|Cipher|SunJCE|DESede/CTR/NOPADDING|javax.crypto.Cipher
NOT_INSTANTIABLE|Cipher|SunJCE|DESede/CTR/PKCS5PADDING|javax.crypto.NoSuchPaddingException:CTR mode must be used with NoPadding
NOT_INSTANTIABLE|Cipher|SunJCE|DESede/CTS/ISO10126PADDING|javax.crypto.NoSuchPaddingException:CTS mode must be used with NoPadding
INSTANTIABLE|Cipher|SunJCE|DESede/CTS/NOPADDING|javax.crypto.Cipher
NOT_INSTANTIABLE|Cipher|SunJCE|DESede/CTS/PKCS5PADDING|javax.crypto.NoSuchPaddingException:CTS mode must be used with NoPadding
INSTANTIABLE|Cipher|SunJCE|DESede/ECB/ISO10126PADDING|javax.crypto.Cipher
INSTANTIABLE|Cipher|SunJCE|DESede/ECB/NOPADDING|javax.crypto.Cipher
INSTANTIABLE|Cipher|SunJCE|DESede/ECB/PKCS5PADDING|javax.crypto.Cipher
INSTANTIABLE|Cipher|SunJCE|DESede/OFB/ISO10126PADDING|javax.crypto.Cipher
INSTANTIABLE|Cipher|SunJCE|DESede/OFB/NOPADDING|javax.crypto.Cipher
INSTANTIABLE|Cipher|SunJCE|DESede/OFB/PKCS5PADDING|javax.crypto.Cipher
INSTANTIABLE|Cipher|SunJCE|DESede/OFB16/ISO10126PADDING|javax.crypto.Cipher
INSTANTIABLE|Cipher|SunJCE|DESede/OFB16/NOPADDING|javax.crypto.Cipher
INSTANTIABLE|Cipher|SunJCE|DESede/OFB16/PKCS5PADDING|javax.crypto.Cipher
INSTANTIABLE|Cipher|SunJCE|DESede/OFB24/ISO10126PADDING|javax.crypto.Cipher
INSTANTIABLE|Cipher|SunJCE|DESede/OFB24/NOPADDING|javax.crypto.Cipher
INSTANTIABLE|Cipher|SunJCE|DESede/OFB24/PKCS5PADDING|javax.crypto.Cipher
INSTANTIABLE|Cipher|SunJCE|DESede/OFB32/ISO10126PADDING|javax.crypto.Cipher
INSTANTIABLE|Cipher|SunJCE|DESede/OFB32/NOPADDING|javax.crypto.Cipher
INSTANTIABLE|Cipher|SunJCE|DESede/OFB32/PKCS5PADDING|javax.crypto.Cipher
INSTANTIABLE|Cipher|SunJCE|DESede/OFB40/ISO10126PADDING|javax.crypto.Cipher
INSTANTIABLE|Cipher|SunJCE|DESede/OFB40/NOPADDING|javax.crypto.Cipher
INSTANTIABLE|Cipher|SunJCE|DESede/OFB40/PKCS5PADDING|javax.crypto.Cipher
INSTANTIABLE|Cipher|SunJCE|DESede/OFB48/ISO10126PADDING|javax.crypto.Cipher
INSTANTIABLE|Cipher|SunJCE|DESede/OFB48/NOPADDING|javax.crypto.Cipher
INSTANTIABLE|Cipher|SunJCE|DESede/OFB48/PKCS5PADDING|javax.crypto.Cipher
INSTANTIABLE|Cipher|SunJCE|DESede/OFB56/ISO10126PADDING|javax.crypto.Cipher
INSTANTIABLE|Cipher|SunJCE|DESede/OFB56/NOPADDING|javax.crypto.Cipher
INSTANTIABLE|Cipher|SunJCE|DESede/OFB56/PKCS5PADDING|javax.crypto.Cipher
INSTANTIABLE|Cipher|SunJCE|DESede/OFB64/ISO10126PADDING|javax.crypto.Cipher
INSTANTIABLE|Cipher|SunJCE|DESede/OFB64/NOPADDING|javax.crypto.Cipher
INSTANTIABLE|Cipher|SunJCE|DESede/OFB64/PKCS5PADDING|javax.crypto.Cipher
INSTANTIABLE|Cipher|SunJCE|DESede/OFB8/ISO10126PADDING|javax.crypto.Cipher
INSTANTIABLE|Cipher|SunJCE|DESede/OFB8/NOPADDING|javax.crypto.Cipher
INSTANTIABLE|Cipher|SunJCE|DESede/OFB8/PKCS5PADDING|javax.crypto.Cipher
INSTANTIABLE|Cipher|SunJCE|DESede/PCBC/ISO10126PADDING|javax.crypto.Cipher
INSTANTIABLE|Cipher|SunJCE|DESede/PCBC/NOPADDING|javax.crypto.Cipher
INSTANTIABLE|Cipher|SunJCE|DESede/PCBC/PKCS5PADDING|javax.crypto.Cipher
INSTANTIABLE|Cipher|SunJCE|DESedeWrap|javax.crypto.Cipher
INSTANTIABLE|Cipher|SunJCE|DESedeWrap/CBC/NOPADDING|javax.crypto.Cipher
INSTANTIABLE|Cipher|SunJCE|OID.1.2.840.113549.1.12.1.1|javax.crypto.Cipher
INSTANTIABLE|Cipher|SunJCE|OID.1.2.840.113549.1.12.1.2|javax.crypto.Cipher
INSTANTIABLE|Cipher|SunJCE|OID.1.2.840.113549.1.12.1.3|javax.crypto.Cipher
INSTANTIABLE|Cipher|SunJCE|OID.1.2.840.113549.1.12.1.5|javax.crypto.Cipher
INSTANTIABLE|Cipher|SunJCE|OID.1.2.840.113549.1.12.1.6|javax.crypto.Cipher
INSTANTIABLE|Cipher|SunJCE|OID.1.2.840.113549.1.5.3|javax.crypto.Cipher
INSTANTIABLE|Cipher|SunJCE|OID.1.2.840.113549.1.9.16.3.18|javax.crypto.Cipher
INSTANTIABLE|Cipher|SunJCE|OID.1.2.840.113549.3.4|javax.crypto.Cipher
INSTANTIABLE|Cipher|SunJCE|OID.2.16.840.1.101.3.4.1|javax.crypto.Cipher
INSTANTIABLE|Cipher|SunJCE|OID.2.16.840.1.101.3.4.1.1|javax.crypto.Cipher
INSTANTIABLE|Cipher|SunJCE|OID.2.16.840.1.101.3.4.1.2|javax.crypto.Cipher
INSTANTIABLE|Cipher|SunJCE|OID.2.16.840.1.101.3.4.1.21|javax.crypto.Cipher
INSTANTIABLE|Cipher|SunJCE|OID.2.16.840.1.101.3.4.1.22|javax.crypto.Cipher
INSTANTIABLE|Cipher|SunJCE|OID.2.16.840.1.101.3.4.1.23|javax.crypto.Cipher
INSTANTIABLE|Cipher|SunJCE|OID.2.16.840.1.101.3.4.1.24|javax.crypto.Cipher
INSTANTIABLE|Cipher|SunJCE|OID.2.16.840.1.101.3.4.1.25|javax.crypto.Cipher
INSTANTIABLE|Cipher|SunJCE|OID.2.16.840.1.101.3.4.1.26|javax.crypto.Cipher
INSTANTIABLE|Cipher|SunJCE|OID.2.16.840.1.101.3.4.1.28|javax.crypto.Cipher
INSTANTIABLE|Cipher|SunJCE|OID.2.16.840.1.101.3.4.1.3|javax.crypto.Cipher
INSTANTIABLE|Cipher|SunJCE|OID.2.16.840.1.101.3.4.1.4|javax.crypto.Cipher
INSTANTIABLE|Cipher|SunJCE|OID.2.16.840.1.101.3.4.1.41|javax.crypto.Cipher
INSTANTIABLE|Cipher|SunJCE|OID.2.16.840.1.101.3.4.1.42|javax.crypto.Cipher
INSTANTIABLE|Cipher|SunJCE|OID.2.16.840.1.101.3.4.1.43|javax.crypto.Cipher
INSTANTIABLE|Cipher|SunJCE|OID.2.16.840.1.101.3.4.1.44|javax.crypto.Cipher
INSTANTIABLE|Cipher|SunJCE|OID.2.16.840.1.101.3.4.1.45|javax.crypto.Cipher
INSTANTIABLE|Cipher|SunJCE|OID.2.16.840.1.101.3.4.1.46|javax.crypto.Cipher
INSTANTIABLE|Cipher|SunJCE|OID.2.16.840.1.101.3.4.1.48|javax.crypto.Cipher
INSTANTIABLE|Cipher|SunJCE|OID.2.16.840.1.101.3.4.1.5|javax.crypto.Cipher
INSTANTIABLE|Cipher|SunJCE|OID.2.16.840.1.101.3.4.1.6|javax.crypto.Cipher
INSTANTIABLE|Cipher|SunJCE|OID.2.16.840.1.101.3.4.1.8|javax.crypto.Cipher
INSTANTIABLE|Cipher|SunJCE|PBE|javax.crypto.Cipher
INSTANTIABLE|Cipher|SunJCE|PBEWithHmacSHA1AndAES_128|javax.crypto.Cipher
INSTANTIABLE|Cipher|SunJCE|PBEWithHmacSHA1AndAES_256|javax.crypto.Cipher
INSTANTIABLE|Cipher|SunJCE|PBEWithHmacSHA224AndAES_128|javax.crypto.Cipher
INSTANTIABLE|Cipher|SunJCE|PBEWithHmacSHA224AndAES_256|javax.crypto.Cipher
INSTANTIABLE|Cipher|SunJCE|PBEWithHmacSHA256AndAES_128|javax.crypto.Cipher
INSTANTIABLE|Cipher|SunJCE|PBEWithHmacSHA256AndAES_256|javax.crypto.Cipher
INSTANTIABLE|Cipher|SunJCE|PBEWithHmacSHA384AndAES_128|javax.crypto.Cipher
INSTANTIABLE|Cipher|SunJCE|PBEWithHmacSHA384AndAES_256|javax.crypto.Cipher
INSTANTIABLE|Cipher|SunJCE|PBEWithHmacSHA512/224AndAES_128|javax.crypto.Cipher
INSTANTIABLE|Cipher|SunJCE|PBEWithHmacSHA512/224AndAES_256|javax.crypto.Cipher
INSTANTIABLE|Cipher|SunJCE|PBEWithHmacSHA512/256AndAES_128|javax.crypto.Cipher
INSTANTIABLE|Cipher|SunJCE|PBEWithHmacSHA512/256AndAES_256|javax.crypto.Cipher
INSTANTIABLE|Cipher|SunJCE|PBEWithHmacSHA512AndAES_128|javax.crypto.Cipher
INSTANTIABLE|Cipher|SunJCE|PBEWithHmacSHA512AndAES_256|javax.crypto.Cipher
INSTANTIABLE|Cipher|SunJCE|PBEWithMD5AndDES|javax.crypto.Cipher
INSTANTIABLE|Cipher|SunJCE|PBEWithMD5AndTripleDES|javax.crypto.Cipher
INSTANTIABLE|Cipher|SunJCE|PBEWithSHA1AndDESede|javax.crypto.Cipher
INSTANTIABLE|Cipher|SunJCE|PBEWithSHA1AndRC2_128|javax.crypto.Cipher
INSTANTIABLE|Cipher|SunJCE|PBEWithSHA1AndRC2_40|javax.crypto.Cipher
INSTANTIABLE|Cipher|SunJCE|PBEWithSHA1AndRC4_128|javax.crypto.Cipher
INSTANTIABLE|Cipher|SunJCE|PBEWithSHA1AndRC4_40|javax.crypto.Cipher
INSTANTIABLE|Cipher|SunJCE|RC2|javax.crypto.Cipher
INSTANTIABLE|Cipher|SunJCE|RC2/CBC/ISO10126PADDING|javax.crypto.Cipher
INSTANTIABLE|Cipher|SunJCE|RC2/CBC/NOPADDING|javax.crypto.Cipher
INSTANTIABLE|Cipher|SunJCE|RC2/CBC/PKCS5PADDING|javax.crypto.Cipher
INSTANTIABLE|Cipher|SunJCE|RC2/CFB/ISO10126PADDING|javax.crypto.Cipher
INSTANTIABLE|Cipher|SunJCE|RC2/CFB/NOPADDING|javax.crypto.Cipher
INSTANTIABLE|Cipher|SunJCE|RC2/CFB/PKCS5PADDING|javax.crypto.Cipher
INSTANTIABLE|Cipher|SunJCE|RC2/CFB16/ISO10126PADDING|javax.crypto.Cipher
INSTANTIABLE|Cipher|SunJCE|RC2/CFB16/NOPADDING|javax.crypto.Cipher
INSTANTIABLE|Cipher|SunJCE|RC2/CFB16/PKCS5PADDING|javax.crypto.Cipher
INSTANTIABLE|Cipher|SunJCE|RC2/CFB24/ISO10126PADDING|javax.crypto.Cipher
INSTANTIABLE|Cipher|SunJCE|RC2/CFB24/NOPADDING|javax.crypto.Cipher
INSTANTIABLE|Cipher|SunJCE|RC2/CFB24/PKCS5PADDING|javax.crypto.Cipher
INSTANTIABLE|Cipher|SunJCE|RC2/CFB32/ISO10126PADDING|javax.crypto.Cipher
INSTANTIABLE|Cipher|SunJCE|RC2/CFB32/NOPADDING|javax.crypto.Cipher
INSTANTIABLE|Cipher|SunJCE|RC2/CFB32/PKCS5PADDING|javax.crypto.Cipher
INSTANTIABLE|Cipher|SunJCE|RC2/CFB40/ISO10126PADDING|javax.crypto.Cipher
INSTANTIABLE|Cipher|SunJCE|RC2/CFB40/NOPADDING|javax.crypto.Cipher
INSTANTIABLE|Cipher|SunJCE|RC2/CFB40/PKCS5PADDING|javax.crypto.Cipher
INSTANTIABLE|Cipher|SunJCE|RC2/CFB48/ISO10126PADDING|javax.crypto.Cipher
INSTANTIABLE|Cipher|SunJCE|RC2/CFB48/NOPADDING|javax.crypto.Cipher
INSTANTIABLE|Cipher|SunJCE|RC2/CFB48/PKCS5PADDING|javax.crypto.Cipher
INSTANTIABLE|Cipher|SunJCE|RC2/CFB56/ISO10126PADDING|javax.crypto.Cipher
INSTANTIABLE|Cipher|SunJCE|RC2/CFB56/NOPADDING|javax.crypto.Cipher
INSTANTIABLE|Cipher|SunJCE|RC2/CFB56/PKCS5PADDING|javax.crypto.Cipher
INSTANTIABLE|Cipher|SunJCE|RC2/CFB64/ISO10126PADDING|javax.crypto.Cipher
INSTANTIABLE|Cipher|SunJCE|RC2/CFB64/NOPADDING|javax.crypto.Cipher
INSTANTIABLE|Cipher|SunJCE|RC2/CFB64/PKCS5PADDING|javax.crypto.Cipher
INSTANTIABLE|Cipher|SunJCE|RC2/CFB8/ISO10126PADDING|javax.crypto.Cipher
INSTANTIABLE|Cipher|SunJCE|RC2/CFB8/NOPADDING|javax.crypto.Cipher
INSTANTIABLE|Cipher|SunJCE|RC2/CFB8/PKCS5PADDING|javax.crypto.Cipher
NOT_INSTANTIABLE|Cipher|SunJCE|RC2/CTR/ISO10126PADDING|javax.crypto.NoSuchPaddingException:CTR mode must be used with NoPadding
INSTANTIABLE|Cipher|SunJCE|RC2/CTR/NOPADDING|javax.crypto.Cipher
NOT_INSTANTIABLE|Cipher|SunJCE|RC2/CTR/PKCS5PADDING|javax.crypto.NoSuchPaddingException:CTR mode must be used with NoPadding
NOT_INSTANTIABLE|Cipher|SunJCE|RC2/CTS/ISO10126PADDING|javax.crypto.NoSuchPaddingException:CTS mode must be used with NoPadding
INSTANTIABLE|Cipher|SunJCE|RC2/CTS/NOPADDING|javax.crypto.Cipher
NOT_INSTANTIABLE|Cipher|SunJCE|RC2/CTS/PKCS5PADDING|javax.crypto.NoSuchPaddingException:CTS mode must be used with NoPadding
INSTANTIABLE|Cipher|SunJCE|RC2/ECB/ISO10126PADDING|javax.crypto.Cipher
INSTANTIABLE|Cipher|SunJCE|RC2/ECB/NOPADDING|javax.crypto.Cipher
INSTANTIABLE|Cipher|SunJCE|RC2/ECB/PKCS5PADDING|javax.crypto.Cipher
INSTANTIABLE|Cipher|SunJCE|RC2/OFB/ISO10126PADDING|javax.crypto.Cipher
INSTANTIABLE|Cipher|SunJCE|RC2/OFB/NOPADDING|javax.crypto.Cipher
INSTANTIABLE|Cipher|SunJCE|RC2/OFB/PKCS5PADDING|javax.crypto.Cipher
INSTANTIABLE|Cipher|SunJCE|RC2/OFB16/ISO10126PADDING|javax.crypto.Cipher
INSTANTIABLE|Cipher|SunJCE|RC2/OFB16/NOPADDING|javax.crypto.Cipher
INSTANTIABLE|Cipher|SunJCE|RC2/OFB16/PKCS5PADDING|javax.crypto.Cipher
INSTANTIABLE|Cipher|SunJCE|RC2/OFB24/ISO10126PADDING|javax.crypto.Cipher
INSTANTIABLE|Cipher|SunJCE|RC2/OFB24/NOPADDING|javax.crypto.Cipher
INSTANTIABLE|Cipher|SunJCE|RC2/OFB24/PKCS5PADDING|javax.crypto.Cipher
INSTANTIABLE|Cipher|SunJCE|RC2/OFB32/ISO10126PADDING|javax.crypto.Cipher
INSTANTIABLE|Cipher|SunJCE|RC2/OFB32/NOPADDING|javax.crypto.Cipher
INSTANTIABLE|Cipher|SunJCE|RC2/OFB32/PKCS5PADDING|javax.crypto.Cipher
INSTANTIABLE|Cipher|SunJCE|RC2/OFB40/ISO10126PADDING|javax.crypto.Cipher
INSTANTIABLE|Cipher|SunJCE|RC2/OFB40/NOPADDING|javax.crypto.Cipher
INSTANTIABLE|Cipher|SunJCE|RC2/OFB40/PKCS5PADDING|javax.crypto.Cipher
INSTANTIABLE|Cipher|SunJCE|RC2/OFB48/ISO10126PADDING|javax.crypto.Cipher
INSTANTIABLE|Cipher|SunJCE|RC2/OFB48/NOPADDING|javax.crypto.Cipher
INSTANTIABLE|Cipher|SunJCE|RC2/OFB48/PKCS5PADDING|javax.crypto.Cipher
INSTANTIABLE|Cipher|SunJCE|RC2/OFB56/ISO10126PADDING|javax.crypto.Cipher
INSTANTIABLE|Cipher|SunJCE|RC2/OFB56/NOPADDING|javax.crypto.Cipher
INSTANTIABLE|Cipher|SunJCE|RC2/OFB56/PKCS5PADDING|javax.crypto.Cipher
INSTANTIABLE|Cipher|SunJCE|RC2/OFB64/ISO10126PADDING|javax.crypto.Cipher
INSTANTIABLE|Cipher|SunJCE|RC2/OFB64/NOPADDING|javax.crypto.Cipher
INSTANTIABLE|Cipher|SunJCE|RC2/OFB64/PKCS5PADDING|javax.crypto.Cipher
INSTANTIABLE|Cipher|SunJCE|RC2/OFB8/ISO10126PADDING|javax.crypto.Cipher
INSTANTIABLE|Cipher|SunJCE|RC2/OFB8/NOPADDING|javax.crypto.Cipher
INSTANTIABLE|Cipher|SunJCE|RC2/OFB8/PKCS5PADDING|javax.crypto.Cipher
INSTANTIABLE|Cipher|SunJCE|RC2/PCBC/ISO10126PADDING|javax.crypto.Cipher
INSTANTIABLE|Cipher|SunJCE|RC2/PCBC/NOPADDING|javax.crypto.Cipher
INSTANTIABLE|Cipher|SunJCE|RC2/PCBC/PKCS5PADDING|javax.crypto.Cipher
INSTANTIABLE|Cipher|SunJCE|RC4|javax.crypto.Cipher
INSTANTIABLE|Cipher|SunJCE|RSA|javax.crypto.Cipher
INSTANTIABLE|Cipher|SunJCE|RSA/ECB/NOPADDING|javax.crypto.Cipher
INSTANTIABLE|Cipher|SunJCE|RSA/ECB/OAEPPADDING|javax.crypto.Cipher
INSTANTIABLE|Cipher|SunJCE|RSA/ECB/OAEPWITHMD5ANDMGF1PADDING|javax.crypto.Cipher
INSTANTIABLE|Cipher|SunJCE|RSA/ECB/OAEPWITHSHA-1ANDMGF1PADDING|javax.crypto.Cipher
INSTANTIABLE|Cipher|SunJCE|RSA/ECB/OAEPWITHSHA-224ANDMGF1PADDING|javax.crypto.Cipher
INSTANTIABLE|Cipher|SunJCE|RSA/ECB/OAEPWITHSHA-256ANDMGF1PADDING|javax.crypto.Cipher
INSTANTIABLE|Cipher|SunJCE|RSA/ECB/OAEPWITHSHA-384ANDMGF1PADDING|javax.crypto.Cipher
NOT_INSTANTIABLE|Cipher|SunJCE|RSA/ECB/OAEPWITHSHA-512224ANDMGF1PADDING|javax.crypto.NoSuchPaddingException:Padding not supported: OAEPWITHSHA-512224ANDMGF1PADDING
NOT_INSTANTIABLE|Cipher|SunJCE|RSA/ECB/OAEPWITHSHA-512256ANDMGF1PADDING|javax.crypto.NoSuchPaddingException:Padding not supported: OAEPWITHSHA-512256ANDMGF1PADDING
INSTANTIABLE|Cipher|SunJCE|RSA/ECB/OAEPWITHSHA-512ANDMGF1PADDING|javax.crypto.Cipher
INSTANTIABLE|Cipher|SunJCE|RSA/ECB/OAEPWITHSHA1ANDMGF1PADDING|javax.crypto.Cipher
INSTANTIABLE|Cipher|SunJCE|RSA/ECB/PKCS1PADDING|javax.crypto.Cipher
INSTANTIABLE|Cipher|SunJCE|TripleDES|javax.crypto.Cipher
INSTANTIABLE|KeyAgreement|BCFIPS|1.3.132.1.11.0|javax.crypto.KeyAgreement
INSTANTIABLE|KeyAgreement|BCFIPS|1.3.132.1.11.1|javax.crypto.KeyAgreement
INSTANTIABLE|KeyAgreement|BCFIPS|1.3.132.1.11.2|javax.crypto.KeyAgreement
INSTANTIABLE|KeyAgreement|BCFIPS|1.3.132.1.11.3|javax.crypto.KeyAgreement
INSTANTIABLE|KeyAgreement|BCFIPS|1.3.132.1.14.0|javax.crypto.KeyAgreement
INSTANTIABLE|KeyAgreement|BCFIPS|1.3.132.1.14.1|javax.crypto.KeyAgreement
INSTANTIABLE|KeyAgreement|BCFIPS|1.3.132.1.14.2|javax.crypto.KeyAgreement
INSTANTIABLE|KeyAgreement|BCFIPS|1.3.132.1.14.3|javax.crypto.KeyAgreement
INSTANTIABLE|KeyAgreement|BCFIPS|1.3.132.1.15.0|javax.crypto.KeyAgreement
INSTANTIABLE|KeyAgreement|BCFIPS|1.3.132.1.15.1|javax.crypto.KeyAgreement
INSTANTIABLE|KeyAgreement|BCFIPS|1.3.132.1.15.2|javax.crypto.KeyAgreement
INSTANTIABLE|KeyAgreement|BCFIPS|1.3.132.1.15.3|javax.crypto.KeyAgreement
INSTANTIABLE|KeyAgreement|BCFIPS|1.3.133.16.840.63.0.16|javax.crypto.KeyAgreement
INSTANTIABLE|KeyAgreement|BCFIPS|1.3.133.16.840.63.0.2|javax.crypto.KeyAgreement
INSTANTIABLE|KeyAgreement|BCFIPS|1.3.133.16.840.63.0.3|javax.crypto.KeyAgreement
INSTANTIABLE|KeyAgreement|BCFIPS|DH|javax.crypto.KeyAgreement
INSTANTIABLE|KeyAgreement|BCFIPS|DHUWITHCMACTSKDF|javax.crypto.KeyAgreement
INSTANTIABLE|KeyAgreement|BCFIPS|DHUWITHHMACSHA1TSKDF|javax.crypto.KeyAgreement
INSTANTIABLE|KeyAgreement|BCFIPS|DHUWITHHMACSHA224CKDF|javax.crypto.KeyAgreement
INSTANTIABLE|KeyAgreement|BCFIPS|DHUWITHHMACSHA224TSKDF|javax.crypto.KeyAgreement
INSTANTIABLE|KeyAgreement|BCFIPS|DHUWITHHMACSHA256CKDF|javax.crypto.KeyAgreement
INSTANTIABLE|KeyAgreement|BCFIPS|DHUWITHHMACSHA256TSKDF|javax.crypto.KeyAgreement
INSTANTIABLE|KeyAgreement|BCFIPS|DHUWITHHMACSHA3-224CKDF|javax.crypto.KeyAgreement
INSTANTIABLE|KeyAgreement|BCFIPS|DHUWITHHMACSHA3-224TSKDF|javax.crypto.KeyAgreement
INSTANTIABLE|KeyAgreement|BCFIPS|DHUWITHHMACSHA3-256CKDF|javax.crypto.KeyAgreement
INSTANTIABLE|KeyAgreement|BCFIPS|DHUWITHHMACSHA3-256TSKDF|javax.crypto.KeyAgreement
INSTANTIABLE|KeyAgreement|BCFIPS|DHUWITHHMACSHA3-384CKDF|javax.crypto.KeyAgreement
INSTANTIABLE|KeyAgreement|BCFIPS|DHUWITHHMACSHA3-384TSKDF|javax.crypto.KeyAgreement
INSTANTIABLE|KeyAgreement|BCFIPS|DHUWITHHMACSHA3-512CKDF|javax.crypto.KeyAgreement
INSTANTIABLE|KeyAgreement|BCFIPS|DHUWITHHMACSHA3-512TSKDF|javax.crypto.KeyAgreement
INSTANTIABLE|KeyAgreement|BCFIPS|DHUWITHHMACSHA384CKDF|javax.crypto.KeyAgreement
INSTANTIABLE|KeyAgreement|BCFIPS|DHUWITHHMACSHA384TSKDF|javax.crypto.KeyAgreement
INSTANTIABLE|KeyAgreement|BCFIPS|DHUWITHHMACSHA512(224)CKDF|javax.crypto.KeyAgreement
INSTANTIABLE|KeyAgreement|BCFIPS|DHUWITHHMACSHA512(224)TSKDF|javax.crypto.KeyAgreement
INSTANTIABLE|KeyAgreement|BCFIPS|DHUWITHHMACSHA512(256)CKDF|javax.crypto.KeyAgreement
INSTANTIABLE|KeyAgreement|BCFIPS|DHUWITHHMACSHA512(256)TSKDF|javax.crypto.KeyAgreement
INSTANTIABLE|KeyAgreement|BCFIPS|DHUWITHHMACSHA512CKDF|javax.crypto.KeyAgreement
INSTANTIABLE|KeyAgreement|BCFIPS|DHUWITHHMACSHA512TSKDF|javax.crypto.KeyAgreement
INSTANTIABLE|KeyAgreement|BCFIPS|DHUWITHKMAC-128CKDF|javax.crypto.KeyAgreement
INSTANTIABLE|KeyAgreement|BCFIPS|DHUWITHKMAC-256CKDF|javax.crypto.KeyAgreement
INSTANTIABLE|KeyAgreement|BCFIPS|DHUWITHSHA1CKDF|javax.crypto.KeyAgreement
INSTANTIABLE|KeyAgreement|BCFIPS|DHUWITHSHA1KDF|javax.crypto.KeyAgreement
INSTANTIABLE|KeyAgreement|BCFIPS|DHUWITHSHA224CKDF|javax.crypto.KeyAgreement
INSTANTIABLE|KeyAgreement|BCFIPS|DHUWITHSHA224KDF|javax.crypto.KeyAgreement
INSTANTIABLE|KeyAgreement|BCFIPS|DHUWITHSHA256CKDF|javax.crypto.KeyAgreement
INSTANTIABLE|KeyAgreement|BCFIPS|DHUWITHSHA256KDF|javax.crypto.KeyAgreement
INSTANTIABLE|KeyAgreement|BCFIPS|DHUWITHSHA3-224CKDF|javax.crypto.KeyAgreement
INSTANTIABLE|KeyAgreement|BCFIPS|DHUWITHSHA3-256CKDF|javax.crypto.KeyAgreement
INSTANTIABLE|KeyAgreement|BCFIPS|DHUWITHSHA3-384CKDF|javax.crypto.KeyAgreement
INSTANTIABLE|KeyAgreement|BCFIPS|DHUWITHSHA3-512CKDF|javax.crypto.KeyAgreement
INSTANTIABLE|KeyAgreement|BCFIPS|DHUWITHSHA384CKDF|javax.crypto.KeyAgreement
INSTANTIABLE|KeyAgreement|BCFIPS|DHUWITHSHA384KDF|javax.crypto.KeyAgreement
INSTANTIABLE|KeyAgreement|BCFIPS|DHUWITHSHA512(224)CKDF|javax.crypto.KeyAgreement
INSTANTIABLE|KeyAgreement|BCFIPS|DHUWITHSHA512(224)KDF|javax.crypto.KeyAgreement
INSTANTIABLE|KeyAgreement|BCFIPS|DHUWITHSHA512(256)CKDF|javax.crypto.KeyAgreement
INSTANTIABLE|KeyAgreement|BCFIPS|DHUWITHSHA512(256)KDF|javax.crypto.KeyAgreement
INSTANTIABLE|KeyAgreement|BCFIPS|DHUWITHSHA512CKDF|javax.crypto.KeyAgreement
INSTANTIABLE|KeyAgreement|BCFIPS|DHUWITHSHA512KDF|javax.crypto.KeyAgreement
INSTANTIABLE|KeyAgreement|BCFIPS|DHWITHCMACTSKDF|javax.crypto.KeyAgreement
INSTANTIABLE|KeyAgreement|BCFIPS|DHWITHHMACSHA1TSKDF|javax.crypto.KeyAgreement
INSTANTIABLE|KeyAgreement|BCFIPS|DHWITHHMACSHA224CKDF|javax.crypto.KeyAgreement
INSTANTIABLE|KeyAgreement|BCFIPS|DHWITHHMACSHA224TSKDF|javax.crypto.KeyAgreement
INSTANTIABLE|KeyAgreement|BCFIPS|DHWITHHMACSHA256CKDF|javax.crypto.KeyAgreement
INSTANTIABLE|KeyAgreement|BCFIPS|DHWITHHMACSHA256TSKDF|javax.crypto.KeyAgreement
INSTANTIABLE|KeyAgreement|BCFIPS|DHWITHHMACSHA3-224CKDF|javax.crypto.KeyAgreement
INSTANTIABLE|KeyAgreement|BCFIPS|DHWITHHMACSHA3-224TSKDF|javax.crypto.KeyAgreement
INSTANTIABLE|KeyAgreement|BCFIPS|DHWITHHMACSHA3-256CKDF|javax.crypto.KeyAgreement
INSTANTIABLE|KeyAgreement|BCFIPS|DHWITHHMACSHA3-256TSKDF|javax.crypto.KeyAgreement
INSTANTIABLE|KeyAgreement|BCFIPS|DHWITHHMACSHA3-384CKDF|javax.crypto.KeyAgreement
INSTANTIABLE|KeyAgreement|BCFIPS|DHWITHHMACSHA3-384TSKDF|javax.crypto.KeyAgreement
INSTANTIABLE|KeyAgreement|BCFIPS|DHWITHHMACSHA3-512CKDF|javax.crypto.KeyAgreement
INSTANTIABLE|KeyAgreement|BCFIPS|DHWITHHMACSHA3-512TSKDF|javax.crypto.KeyAgreement
INSTANTIABLE|KeyAgreement|BCFIPS|DHWITHHMACSHA384CKDF|javax.crypto.KeyAgreement
INSTANTIABLE|KeyAgreement|BCFIPS|DHWITHHMACSHA384TSKDF|javax.crypto.KeyAgreement
INSTANTIABLE|KeyAgreement|BCFIPS|DHWITHHMACSHA512(224)CKDF|javax.crypto.KeyAgreement
INSTANTIABLE|KeyAgreement|BCFIPS|DHWITHHMACSHA512(224)TSKDF|javax.crypto.KeyAgreement
INSTANTIABLE|KeyAgreement|BCFIPS|DHWITHHMACSHA512(256)CKDF|javax.crypto.KeyAgreement
INSTANTIABLE|KeyAgreement|BCFIPS|DHWITHHMACSHA512(256)TSKDF|javax.crypto.KeyAgreement
INSTANTIABLE|KeyAgreement|BCFIPS|DHWITHHMACSHA512CKDF|javax.crypto.KeyAgreement
INSTANTIABLE|KeyAgreement|BCFIPS|DHWITHHMACSHA512TSKDF|javax.crypto.KeyAgreement
INSTANTIABLE|KeyAgreement|BCFIPS|DHWITHKMAC-128CKDF|javax.crypto.KeyAgreement
INSTANTIABLE|KeyAgreement|BCFIPS|DHWITHKMAC-256CKDF|javax.crypto.KeyAgreement
INSTANTIABLE|KeyAgreement|BCFIPS|DHWITHSHA1CKDF|javax.crypto.KeyAgreement
INSTANTIABLE|KeyAgreement|BCFIPS|DHWITHSHA1KDF|javax.crypto.KeyAgreement
INSTANTIABLE|KeyAgreement|BCFIPS|DHWITHSHA224CKDF|javax.crypto.KeyAgreement
INSTANTIABLE|KeyAgreement|BCFIPS|DHWITHSHA224KDF|javax.crypto.KeyAgreement
INSTANTIABLE|KeyAgreement|BCFIPS|DHWITHSHA256CKDF|javax.crypto.KeyAgreement
INSTANTIABLE|KeyAgreement|BCFIPS|DHWITHSHA256KDF|javax.crypto.KeyAgreement
INSTANTIABLE|KeyAgreement|BCFIPS|DHWITHSHA3-224CKDF|javax.crypto.KeyAgreement
INSTANTIABLE|KeyAgreement|BCFIPS|DHWITHSHA3-256CKDF|javax.crypto.KeyAgreement
INSTANTIABLE|KeyAgreement|BCFIPS|DHWITHSHA3-384CKDF|javax.crypto.KeyAgreement
INSTANTIABLE|KeyAgreement|BCFIPS|DHWITHSHA3-512CKDF|javax.crypto.KeyAgreement
INSTANTIABLE|KeyAgreement|BCFIPS|DHWITHSHA384CKDF|javax.crypto.KeyAgreement
INSTANTIABLE|KeyAgreement|BCFIPS|DHWITHSHA384KDF|javax.crypto.KeyAgreement
INSTANTIABLE|KeyAgreement|BCFIPS|DHWITHSHA512(224)CKDF|javax.crypto.KeyAgreement
INSTANTIABLE|KeyAgreement|BCFIPS|DHWITHSHA512(224)KDF|javax.crypto.KeyAgreement
INSTANTIABLE|KeyAgreement|BCFIPS|DHWITHSHA512(256)CKDF|javax.crypto.KeyAgreement
INSTANTIABLE|KeyAgreement|BCFIPS|DHWITHSHA512(256)KDF|javax.crypto.KeyAgreement
INSTANTIABLE|KeyAgreement|BCFIPS|DHWITHSHA512CKDF|javax.crypto.KeyAgreement
INSTANTIABLE|KeyAgreement|BCFIPS|DHWITHSHA512KDF|javax.crypto.KeyAgreement
INSTANTIABLE|KeyAgreement|BCFIPS|DIFFIEHELLMAN|javax.crypto.KeyAgreement
INSTANTIABLE|KeyAgreement|BCFIPS|ECCDH|javax.crypto.KeyAgreement
INSTANTIABLE|KeyAgreement|BCFIPS|ECCDHUWITHCMACTSKDF|javax.crypto.KeyAgreement
INSTANTIABLE|KeyAgreement|BCFIPS|ECCDHUWITHHMACSHA1TSKDF|javax.crypto.KeyAgreement
INSTANTIABLE|KeyAgreement|BCFIPS|ECCDHUWITHHMACSHA224CKDF|javax.crypto.KeyAgreement
INSTANTIABLE|KeyAgreement|BCFIPS|ECCDHUWITHHMACSHA224TSKDF|javax.crypto.KeyAgreement
INSTANTIABLE|KeyAgreement|BCFIPS|ECCDHUWITHHMACSHA256CKDF|javax.crypto.KeyAgreement
INSTANTIABLE|KeyAgreement|BCFIPS|ECCDHUWITHHMACSHA256TSKDF|javax.crypto.KeyAgreement
INSTANTIABLE|KeyAgreement|BCFIPS|ECCDHUWITHHMACSHA3-224CKDF|javax.crypto.KeyAgreement
INSTANTIABLE|KeyAgreement|BCFIPS|ECCDHUWITHHMACSHA3-224TSKDF|javax.crypto.KeyAgreement
INSTANTIABLE|KeyAgreement|BCFIPS|ECCDHUWITHHMACSHA3-256CKDF|javax.crypto.KeyAgreement
INSTANTIABLE|KeyAgreement|BCFIPS|ECCDHUWITHHMACSHA3-256TSKDF|javax.crypto.KeyAgreement
INSTANTIABLE|KeyAgreement|BCFIPS|ECCDHUWITHHMACSHA3-384CKDF|javax.crypto.KeyAgreement
INSTANTIABLE|KeyAgreement|BCFIPS|ECCDHUWITHHMACSHA3-384TSKDF|javax.crypto.KeyAgreement
INSTANTIABLE|KeyAgreement|BCFIPS|ECCDHUWITHHMACSHA3-512CKDF|javax.crypto.KeyAgreement
INSTANTIABLE|KeyAgreement|BCFIPS|ECCDHUWITHHMACSHA3-512TSKDF|javax.crypto.KeyAgreement
INSTANTIABLE|KeyAgreement|BCFIPS|ECCDHUWITHHMACSHA384CKDF|javax.crypto.KeyAgreement
INSTANTIABLE|KeyAgreement|BCFIPS|ECCDHUWITHHMACSHA384TSKDF|javax.crypto.KeyAgreement
INSTANTIABLE|KeyAgreement|BCFIPS|ECCDHUWITHHMACSHA512(224)CKDF|javax.crypto.KeyAgreement
INSTANTIABLE|KeyAgreement|BCFIPS|ECCDHUWITHHMACSHA512(224)TSKDF|javax.crypto.KeyAgreement
INSTANTIABLE|KeyAgreement|BCFIPS|ECCDHUWITHHMACSHA512(256)CKDF|javax.crypto.KeyAgreement
INSTANTIABLE|KeyAgreement|BCFIPS|ECCDHUWITHHMACSHA512(256)TSKDF|javax.crypto.KeyAgreement
INSTANTIABLE|KeyAgreement|BCFIPS|ECCDHUWITHHMACSHA512CKDF|javax.crypto.KeyAgreement
INSTANTIABLE|KeyAgreement|BCFIPS|ECCDHUWITHHMACSHA512TSKDF|javax.crypto.KeyAgreement
INSTANTIABLE|KeyAgreement|BCFIPS|ECCDHUWITHKMAC-128CKDF|javax.crypto.KeyAgreement
INSTANTIABLE|KeyAgreement|BCFIPS|ECCDHUWITHKMAC-256CKDF|javax.crypto.KeyAgreement
INSTANTIABLE|KeyAgreement|BCFIPS|ECCDHUWITHSHA1CKDF|javax.crypto.KeyAgreement
INSTANTIABLE|KeyAgreement|BCFIPS|ECCDHUWITHSHA1KDF|javax.crypto.KeyAgreement
INSTANTIABLE|KeyAgreement|BCFIPS|ECCDHUWITHSHA224CKDF|javax.crypto.KeyAgreement
INSTANTIABLE|KeyAgreement|BCFIPS|ECCDHUWITHSHA224KDF|javax.crypto.KeyAgreement
INSTANTIABLE|KeyAgreement|BCFIPS|ECCDHUWITHSHA256CKDF|javax.crypto.KeyAgreement
INSTANTIABLE|KeyAgreement|BCFIPS|ECCDHUWITHSHA256KDF|javax.crypto.KeyAgreement
INSTANTIABLE|KeyAgreement|BCFIPS|ECCDHUWITHSHA3-224CKDF|javax.crypto.KeyAgreement
INSTANTIABLE|KeyAgreement|BCFIPS|ECCDHUWITHSHA3-256CKDF|javax.crypto.KeyAgreement
INSTANTIABLE|KeyAgreement|BCFIPS|ECCDHUWITHSHA3-384CKDF|javax.crypto.KeyAgreement
INSTANTIABLE|KeyAgreement|BCFIPS|ECCDHUWITHSHA3-512CKDF|javax.crypto.KeyAgreement
INSTANTIABLE|KeyAgreement|BCFIPS|ECCDHUWITHSHA384CKDF|javax.crypto.KeyAgreement
INSTANTIABLE|KeyAgreement|BCFIPS|ECCDHUWITHSHA384KDF|javax.crypto.KeyAgreement
INSTANTIABLE|KeyAgreement|BCFIPS|ECCDHUWITHSHA512(224)CKDF|javax.crypto.KeyAgreement
INSTANTIABLE|KeyAgreement|BCFIPS|ECCDHUWITHSHA512(224)KDF|javax.crypto.KeyAgreement
INSTANTIABLE|KeyAgreement|BCFIPS|ECCDHUWITHSHA512(256)CKDF|javax.crypto.KeyAgreement
INSTANTIABLE|KeyAgreement|BCFIPS|ECCDHUWITHSHA512(256)KDF|javax.crypto.KeyAgreement
INSTANTIABLE|KeyAgreement|BCFIPS|ECCDHUWITHSHA512CKDF|javax.crypto.KeyAgreement
INSTANTIABLE|KeyAgreement|BCFIPS|ECCDHUWITHSHA512KDF|javax.crypto.KeyAgreement
INSTANTIABLE|KeyAgreement|BCFIPS|ECCDHWITHCMACTSKDF|javax.crypto.KeyAgreement
INSTANTIABLE|KeyAgreement|BCFIPS|ECCDHWITHHMACSHA1TSKDF|javax.crypto.KeyAgreement
INSTANTIABLE|KeyAgreement|BCFIPS|ECCDHWITHHMACSHA224CKDF|javax.crypto.KeyAgreement
INSTANTIABLE|KeyAgreement|BCFIPS|ECCDHWITHHMACSHA224TSKDF|javax.crypto.KeyAgreement
INSTANTIABLE|KeyAgreement|BCFIPS|ECCDHWITHHMACSHA256CKDF|javax.crypto.KeyAgreement
INSTANTIABLE|KeyAgreement|BCFIPS|ECCDHWITHHMACSHA256TSKDF|javax.crypto.KeyAgreement
INSTANTIABLE|KeyAgreement|BCFIPS|ECCDHWITHHMACSHA3-224CKDF|javax.crypto.KeyAgreement
INSTANTIABLE|KeyAgreement|BCFIPS|ECCDHWITHHMACSHA3-224TSKDF|javax.crypto.KeyAgreement
INSTANTIABLE|KeyAgreement|BCFIPS|ECCDHWITHHMACSHA3-256CKDF|javax.crypto.KeyAgreement
INSTANTIABLE|KeyAgreement|BCFIPS|ECCDHWITHHMACSHA3-256TSKDF|javax.crypto.KeyAgreement
INSTANTIABLE|KeyAgreement|BCFIPS|ECCDHWITHHMACSHA3-384CKDF|javax.crypto.KeyAgreement
INSTANTIABLE|KeyAgreement|BCFIPS|ECCDHWITHHMACSHA3-384TSKDF|javax.crypto.KeyAgreement
INSTANTIABLE|KeyAgreement|BCFIPS|ECCDHWITHHMACSHA3-512CKDF|javax.crypto.KeyAgreement
INSTANTIABLE|KeyAgreement|BCFIPS|ECCDHWITHHMACSHA3-512TSKDF|javax.crypto.KeyAgreement
INSTANTIABLE|KeyAgreement|BCFIPS|ECCDHWITHHMACSHA384CKDF|javax.crypto.KeyAgreement
INSTANTIABLE|KeyAgreement|BCFIPS|ECCDHWITHHMACSHA384TSKDF|javax.crypto.KeyAgreement
INSTANTIABLE|KeyAgreement|BCFIPS|ECCDHWITHHMACSHA512(224)CKDF|javax.crypto.KeyAgreement
INSTANTIABLE|KeyAgreement|BCFIPS|ECCDHWITHHMACSHA512(224)TSKDF|javax.crypto.KeyAgreement
INSTANTIABLE|KeyAgreement|BCFIPS|ECCDHWITHHMACSHA512(256)CKDF|javax.crypto.KeyAgreement
INSTANTIABLE|KeyAgreement|BCFIPS|ECCDHWITHHMACSHA512(256)TSKDF|javax.crypto.KeyAgreement
INSTANTIABLE|KeyAgreement|BCFIPS|ECCDHWITHHMACSHA512CKDF|javax.crypto.KeyAgreement
INSTANTIABLE|KeyAgreement|BCFIPS|ECCDHWITHHMACSHA512TSKDF|javax.crypto.KeyAgreement
INSTANTIABLE|KeyAgreement|BCFIPS|ECCDHWITHKMAC-128CKDF|javax.crypto.KeyAgreement
INSTANTIABLE|KeyAgreement|BCFIPS|ECCDHWITHKMAC-256CKDF|javax.crypto.KeyAgreement
INSTANTIABLE|KeyAgreement|BCFIPS|ECCDHWITHSHA1CKDF|javax.crypto.KeyAgreement
INSTANTIABLE|KeyAgreement|BCFIPS|ECCDHWITHSHA1KDF|javax.crypto.KeyAgreement
INSTANTIABLE|KeyAgreement|BCFIPS|ECCDHWITHSHA224CKDF|javax.crypto.KeyAgreement
INSTANTIABLE|KeyAgreement|BCFIPS|ECCDHWITHSHA224KDF|javax.crypto.KeyAgreement
INSTANTIABLE|KeyAgreement|BCFIPS|ECCDHWITHSHA256CKDF|javax.crypto.KeyAgreement
INSTANTIABLE|KeyAgreement|BCFIPS|ECCDHWITHSHA256KDF|javax.crypto.KeyAgreement
INSTANTIABLE|KeyAgreement|BCFIPS|ECCDHWITHSHA3-224CKDF|javax.crypto.KeyAgreement
INSTANTIABLE|KeyAgreement|BCFIPS|ECCDHWITHSHA3-256CKDF|javax.crypto.KeyAgreement
INSTANTIABLE|KeyAgreement|BCFIPS|ECCDHWITHSHA3-384CKDF|javax.crypto.KeyAgreement
INSTANTIABLE|KeyAgreement|BCFIPS|ECCDHWITHSHA3-512CKDF|javax.crypto.KeyAgreement
INSTANTIABLE|KeyAgreement|BCFIPS|ECCDHWITHSHA384CKDF|javax.crypto.KeyAgreement
INSTANTIABLE|KeyAgreement|BCFIPS|ECCDHWITHSHA384KDF|javax.crypto.KeyAgreement
INSTANTIABLE|KeyAgreement|BCFIPS|ECCDHWITHSHA512(224)CKDF|javax.crypto.KeyAgreement
INSTANTIABLE|KeyAgreement|BCFIPS|ECCDHWITHSHA512(224)KDF|javax.crypto.KeyAgreement
INSTANTIABLE|KeyAgreement|BCFIPS|ECCDHWITHSHA512(256)CKDF|javax.crypto.KeyAgreement
INSTANTIABLE|KeyAgreement|BCFIPS|ECCDHWITHSHA512(256)KDF|javax.crypto.KeyAgreement
INSTANTIABLE|KeyAgreement|BCFIPS|ECCDHWITHSHA512CKDF|javax.crypto.KeyAgreement
INSTANTIABLE|KeyAgreement|BCFIPS|ECCDHWITHSHA512KDF|javax.crypto.KeyAgreement
INSTANTIABLE|KeyAgreement|BCFIPS|ECDH|javax.crypto.KeyAgreement
INSTANTIABLE|KeyAgreement|BCFIPS|ECDHC|javax.crypto.KeyAgreement
INSTANTIABLE|KeyAgreement|BCFIPS|ECDHWITHSHA1KDF|javax.crypto.KeyAgreement
INSTANTIABLE|KeyAgreement|BCFIPS|ECDHWITHSHA224KDF|javax.crypto.KeyAgreement
INSTANTIABLE|KeyAgreement|BCFIPS|ECDHWITHSHA256KDF|javax.crypto.KeyAgreement
INSTANTIABLE|KeyAgreement|BCFIPS|ECDHWITHSHA384KDF|javax.crypto.KeyAgreement
INSTANTIABLE|KeyAgreement|BCFIPS|ECDHWITHSHA512KDF|javax.crypto.KeyAgreement
INSTANTIABLE|KeyAgreement|BCFIPS|ECMQV|javax.crypto.KeyAgreement
INSTANTIABLE|KeyAgreement|BCFIPS|ECMQVWITHCMACTSKDF|javax.crypto.KeyAgreement
INSTANTIABLE|KeyAgreement|BCFIPS|ECMQVWITHHMACSHA1TSKDF|javax.crypto.KeyAgreement
INSTANTIABLE|KeyAgreement|BCFIPS|ECMQVWITHHMACSHA224CKDF|javax.crypto.KeyAgreement
INSTANTIABLE|KeyAgreement|BCFIPS|ECMQVWITHHMACSHA224TSKDF|javax.crypto.KeyAgreement
INSTANTIABLE|KeyAgreement|BCFIPS|ECMQVWITHHMACSHA256CKDF|javax.crypto.KeyAgreement
INSTANTIABLE|KeyAgreement|BCFIPS|ECMQVWITHHMACSHA256TSKDF|javax.crypto.KeyAgreement
INSTANTIABLE|KeyAgreement|BCFIPS|ECMQVWITHHMACSHA3-224CKDF|javax.crypto.KeyAgreement
INSTANTIABLE|KeyAgreement|BCFIPS|ECMQVWITHHMACSHA3-224TSKDF|javax.crypto.KeyAgreement
INSTANTIABLE|KeyAgreement|BCFIPS|ECMQVWITHHMACSHA3-256CKDF|javax.crypto.KeyAgreement
INSTANTIABLE|KeyAgreement|BCFIPS|ECMQVWITHHMACSHA3-256TSKDF|javax.crypto.KeyAgreement
INSTANTIABLE|KeyAgreement|BCFIPS|ECMQVWITHHMACSHA3-384CKDF|javax.crypto.KeyAgreement
INSTANTIABLE|KeyAgreement|BCFIPS|ECMQVWITHHMACSHA3-384TSKDF|javax.crypto.KeyAgreement
INSTANTIABLE|KeyAgreement|BCFIPS|ECMQVWITHHMACSHA3-512CKDF|javax.crypto.KeyAgreement
INSTANTIABLE|KeyAgreement|BCFIPS|ECMQVWITHHMACSHA3-512TSKDF|javax.crypto.KeyAgreement
INSTANTIABLE|KeyAgreement|BCFIPS|ECMQVWITHHMACSHA384CKDF|javax.crypto.KeyAgreement
INSTANTIABLE|KeyAgreement|BCFIPS|ECMQVWITHHMACSHA384TSKDF|javax.crypto.KeyAgreement
INSTANTIABLE|KeyAgreement|BCFIPS|ECMQVWITHHMACSHA512(224)CKDF|javax.crypto.KeyAgreement
INSTANTIABLE|KeyAgreement|BCFIPS|ECMQVWITHHMACSHA512(224)TSKDF|javax.crypto.KeyAgreement
INSTANTIABLE|KeyAgreement|BCFIPS|ECMQVWITHHMACSHA512(256)CKDF|javax.crypto.KeyAgreement
INSTANTIABLE|KeyAgreement|BCFIPS|ECMQVWITHHMACSHA512(256)TSKDF|javax.crypto.KeyAgreement
INSTANTIABLE|KeyAgreement|BCFIPS|ECMQVWITHHMACSHA512CKDF|javax.crypto.KeyAgreement
INSTANTIABLE|KeyAgreement|BCFIPS|ECMQVWITHHMACSHA512TSKDF|javax.crypto.KeyAgreement
INSTANTIABLE|KeyAgreement|BCFIPS|ECMQVWITHKMAC-128CKDF|javax.crypto.KeyAgreement
INSTANTIABLE|KeyAgreement|BCFIPS|ECMQVWITHKMAC-256CKDF|javax.crypto.KeyAgreement
INSTANTIABLE|KeyAgreement|BCFIPS|ECMQVWITHSHA1CKDF|javax.crypto.KeyAgreement
INSTANTIABLE|KeyAgreement|BCFIPS|ECMQVWITHSHA1KDF|javax.crypto.KeyAgreement
INSTANTIABLE|KeyAgreement|BCFIPS|ECMQVWITHSHA224CKDF|javax.crypto.KeyAgreement
INSTANTIABLE|KeyAgreement|BCFIPS|ECMQVWITHSHA224KDF|javax.crypto.KeyAgreement
INSTANTIABLE|KeyAgreement|BCFIPS|ECMQVWITHSHA256CKDF|javax.crypto.KeyAgreement
INSTANTIABLE|KeyAgreement|BCFIPS|ECMQVWITHSHA256KDF|javax.crypto.KeyAgreement
INSTANTIABLE|KeyAgreement|BCFIPS|ECMQVWITHSHA3-224CKDF|javax.crypto.KeyAgreement
INSTANTIABLE|KeyAgreement|BCFIPS|ECMQVWITHSHA3-256CKDF|javax.crypto.KeyAgreement
INSTANTIABLE|KeyAgreement|BCFIPS|ECMQVWITHSHA3-384CKDF|javax.crypto.KeyAgreement
INSTANTIABLE|KeyAgreement|BCFIPS|ECMQVWITHSHA3-512CKDF|javax.crypto.KeyAgreement
INSTANTIABLE|KeyAgreement|BCFIPS|ECMQVWITHSHA384CKDF|javax.crypto.KeyAgreement
INSTANTIABLE|KeyAgreement|BCFIPS|ECMQVWITHSHA384KDF|javax.crypto.KeyAgreement
INSTANTIABLE|KeyAgreement|BCFIPS|ECMQVWITHSHA512(224)CKDF|javax.crypto.KeyAgreement
INSTANTIABLE|KeyAgreement|BCFIPS|ECMQVWITHSHA512(224)KDF|javax.crypto.KeyAgreement
INSTANTIABLE|KeyAgreement|BCFIPS|ECMQVWITHSHA512(256)CKDF|javax.crypto.KeyAgreement
INSTANTIABLE|KeyAgreement|BCFIPS|ECMQVWITHSHA512(256)KDF|javax.crypto.KeyAgreement
INSTANTIABLE|KeyAgreement|BCFIPS|ECMQVWITHSHA512CKDF|javax.crypto.KeyAgreement
INSTANTIABLE|KeyAgreement|BCFIPS|ECMQVWITHSHA512KDF|javax.crypto.KeyAgreement
INSTANTIABLE|KeyAgreement|BCFIPS|MQVWITHCMACTSKDF|javax.crypto.KeyAgreement
INSTANTIABLE|KeyAgreement|BCFIPS|MQVWITHHMACSHA1TSKDF|javax.crypto.KeyAgreement
INSTANTIABLE|KeyAgreement|BCFIPS|MQVWITHHMACSHA224CKDF|javax.crypto.KeyAgreement
INSTANTIABLE|KeyAgreement|BCFIPS|MQVWITHHMACSHA224TSKDF|javax.crypto.KeyAgreement
INSTANTIABLE|KeyAgreement|BCFIPS|MQVWITHHMACSHA256CKDF|javax.crypto.KeyAgreement
INSTANTIABLE|KeyAgreement|BCFIPS|MQVWITHHMACSHA256TSKDF|javax.crypto.KeyAgreement
INSTANTIABLE|KeyAgreement|BCFIPS|MQVWITHHMACSHA3-224CKDF|javax.crypto.KeyAgreement
INSTANTIABLE|KeyAgreement|BCFIPS|MQVWITHHMACSHA3-224TSKDF|javax.crypto.KeyAgreement
INSTANTIABLE|KeyAgreement|BCFIPS|MQVWITHHMACSHA3-256CKDF|javax.crypto.KeyAgreement
INSTANTIABLE|KeyAgreement|BCFIPS|MQVWITHHMACSHA3-256TSKDF|javax.crypto.KeyAgreement
INSTANTIABLE|KeyAgreement|BCFIPS|MQVWITHHMACSHA3-384CKDF|javax.crypto.KeyAgreement
INSTANTIABLE|KeyAgreement|BCFIPS|MQVWITHHMACSHA3-384TSKDF|javax.crypto.KeyAgreement
INSTANTIABLE|KeyAgreement|BCFIPS|MQVWITHHMACSHA3-512CKDF|javax.crypto.KeyAgreement
INSTANTIABLE|KeyAgreement|BCFIPS|MQVWITHHMACSHA3-512TSKDF|javax.crypto.KeyAgreement
INSTANTIABLE|KeyAgreement|BCFIPS|MQVWITHHMACSHA384CKDF|javax.crypto.KeyAgreement
INSTANTIABLE|KeyAgreement|BCFIPS|MQVWITHHMACSHA384TSKDF|javax.crypto.KeyAgreement
INSTANTIABLE|KeyAgreement|BCFIPS|MQVWITHHMACSHA512(224)CKDF|javax.crypto.KeyAgreement
INSTANTIABLE|KeyAgreement|BCFIPS|MQVWITHHMACSHA512(224)TSKDF|javax.crypto.KeyAgreement
INSTANTIABLE|KeyAgreement|BCFIPS|MQVWITHHMACSHA512(256)CKDF|javax.crypto.KeyAgreement
INSTANTIABLE|KeyAgreement|BCFIPS|MQVWITHHMACSHA512(256)TSKDF|javax.crypto.KeyAgreement
INSTANTIABLE|KeyAgreement|BCFIPS|MQVWITHHMACSHA512CKDF|javax.crypto.KeyAgreement
INSTANTIABLE|KeyAgreement|BCFIPS|MQVWITHHMACSHA512TSKDF|javax.crypto.KeyAgreement
INSTANTIABLE|KeyAgreement|BCFIPS|MQVWITHKMAC-128CKDF|javax.crypto.KeyAgreement
INSTANTIABLE|KeyAgreement|BCFIPS|MQVWITHKMAC-256CKDF|javax.crypto.KeyAgreement
INSTANTIABLE|KeyAgreement|BCFIPS|MQVWITHSHA1CKDF|javax.crypto.KeyAgreement
INSTANTIABLE|KeyAgreement|BCFIPS|MQVWITHSHA1KDF|javax.crypto.KeyAgreement
INSTANTIABLE|KeyAgreement|BCFIPS|MQVWITHSHA224CKDF|javax.crypto.KeyAgreement
INSTANTIABLE|KeyAgreement|BCFIPS|MQVWITHSHA224KDF|javax.crypto.KeyAgreement
INSTANTIABLE|KeyAgreement|BCFIPS|MQVWITHSHA256CKDF|javax.crypto.KeyAgreement
INSTANTIABLE|KeyAgreement|BCFIPS|MQVWITHSHA256KDF|javax.crypto.KeyAgreement
INSTANTIABLE|KeyAgreement|BCFIPS|MQVWITHSHA3-224CKDF|javax.crypto.KeyAgreement
INSTANTIABLE|KeyAgreement|BCFIPS|MQVWITHSHA3-256CKDF|javax.crypto.KeyAgreement
INSTANTIABLE|KeyAgreement|BCFIPS|MQVWITHSHA3-384CKDF|javax.crypto.KeyAgreement
INSTANTIABLE|KeyAgreement|BCFIPS|MQVWITHSHA3-512CKDF|javax.crypto.KeyAgreement
INSTANTIABLE|KeyAgreement|BCFIPS|MQVWITHSHA384CKDF|javax.crypto.KeyAgreement
INSTANTIABLE|KeyAgreement|BCFIPS|MQVWITHSHA384KDF|javax.crypto.KeyAgreement
INSTANTIABLE|KeyAgreement|BCFIPS|MQVWITHSHA512(224)CKDF|javax.crypto.KeyAgreement
INSTANTIABLE|KeyAgreement|BCFIPS|MQVWITHSHA512(224)KDF|javax.crypto.KeyAgreement
INSTANTIABLE|KeyAgreement|BCFIPS|MQVWITHSHA512(256)CKDF|javax.crypto.KeyAgreement
INSTANTIABLE|KeyAgreement|BCFIPS|MQVWITHSHA512(256)KDF|javax.crypto.KeyAgreement
INSTANTIABLE|KeyAgreement|BCFIPS|MQVWITHSHA512CKDF|javax.crypto.KeyAgreement
INSTANTIABLE|KeyAgreement|BCFIPS|MQVWITHSHA512KDF|javax.crypto.KeyAgreement
INSTANTIABLE|KeyAgreement|BCFIPS|OID.1.3.132.1.11.0|javax.crypto.KeyAgreement
INSTANTIABLE|KeyAgreement|BCFIPS|OID.1.3.132.1.11.1|javax.crypto.KeyAgreement
INSTANTIABLE|KeyAgreement|BCFIPS|OID.1.3.132.1.11.2|javax.crypto.KeyAgreement
INSTANTIABLE|KeyAgreement|BCFIPS|OID.1.3.132.1.11.3|javax.crypto.KeyAgreement
INSTANTIABLE|KeyAgreement|BCFIPS|OID.1.3.132.1.14.0|javax.crypto.KeyAgreement
INSTANTIABLE|KeyAgreement|BCFIPS|OID.1.3.132.1.14.1|javax.crypto.KeyAgreement
INSTANTIABLE|KeyAgreement|BCFIPS|OID.1.3.132.1.14.2|javax.crypto.KeyAgreement
INSTANTIABLE|KeyAgreement|BCFIPS|OID.1.3.132.1.14.3|javax.crypto.KeyAgreement
INSTANTIABLE|KeyAgreement|BCFIPS|OID.1.3.132.1.15.0|javax.crypto.KeyAgreement
INSTANTIABLE|KeyAgreement|BCFIPS|OID.1.3.132.1.15.1|javax.crypto.KeyAgreement
INSTANTIABLE|KeyAgreement|BCFIPS|OID.1.3.132.1.15.2|javax.crypto.KeyAgreement
INSTANTIABLE|KeyAgreement|BCFIPS|OID.1.3.132.1.15.3|javax.crypto.KeyAgreement
INSTANTIABLE|KeyAgreement|BCFIPS|OID.1.3.133.16.840.63.0.16|javax.crypto.KeyAgreement
INSTANTIABLE|KeyAgreement|BCFIPS|OID.1.3.133.16.840.63.0.2|javax.crypto.KeyAgreement
INSTANTIABLE|KeyAgreement|BCFIPS|OID.1.3.133.16.840.63.0.3|javax.crypto.KeyAgreement
INSTANTIABLE|KeyAgreement|SunEC|1.3.101.110|javax.crypto.KeyAgreement
INSTANTIABLE|KeyAgreement|SunEC|1.3.101.111|javax.crypto.KeyAgreement
INSTANTIABLE|KeyAgreement|SunEC|ECDH|javax.crypto.KeyAgreement
INSTANTIABLE|KeyAgreement|SunEC|OID.1.3.101.110|javax.crypto.KeyAgreement
INSTANTIABLE|KeyAgreement|SunEC|OID.1.3.101.111|javax.crypto.KeyAgreement
INSTANTIABLE|KeyAgreement|SunEC|X25519|javax.crypto.KeyAgreement
INSTANTIABLE|KeyAgreement|SunEC|X448|javax.crypto.KeyAgreement
INSTANTIABLE|KeyAgreement|SunEC|XDH|javax.crypto.KeyAgreement
INSTANTIABLE|KeyAgreement|SunJCE|1.2.840.113549.1.3.1|javax.crypto.KeyAgreement
INSTANTIABLE|KeyAgreement|SunJCE|DH|javax.crypto.KeyAgreement
INSTANTIABLE|KeyAgreement|SunJCE|DiffieHellman|javax.crypto.KeyAgreement
INSTANTIABLE|KeyAgreement|SunJCE|OID.1.2.840.113549.1.3.1|javax.crypto.KeyAgreement
INSTANTIABLE|KeyFactory|BCFIPS|1.2.840.10040.4.1|java.security.KeyFactory
INSTANTIABLE|KeyFactory|BCFIPS|1.2.840.10040.4.3|java.security.KeyFactory
INSTANTIABLE|KeyFactory|BCFIPS|1.2.840.10045.2.1|java.security.KeyFactory
INSTANTIABLE|KeyFactory|BCFIPS|1.2.840.10046.2.1|java.security.KeyFactory
INSTANTIABLE|KeyFactory|BCFIPS|1.2.840.113549.1.1.1|java.security.KeyFactory
INSTANTIABLE|KeyFactory|BCFIPS|1.2.840.113549.1.1.10|java.security.KeyFactory
INSTANTIABLE|KeyFactory|BCFIPS|1.2.840.113549.1.1.7|java.security.KeyFactory
INSTANTIABLE|KeyFactory|BCFIPS|1.2.840.113549.1.3.1|java.security.KeyFactory
INSTANTIABLE|KeyFactory|BCFIPS|1.2.840.113549.1.9.16.3.14|java.security.KeyFactory
INSTANTIABLE|KeyFactory|BCFIPS|1.2.840.113549.1.9.16.3.17|java.security.KeyFactory
INSTANTIABLE|KeyFactory|BCFIPS|1.3.101.112|java.security.KeyFactory
INSTANTIABLE|KeyFactory|BCFIPS|1.3.101.113|java.security.KeyFactory
INSTANTIABLE|KeyFactory|BCFIPS|1.3.132.1.11.0|java.security.KeyFactory
INSTANTIABLE|KeyFactory|BCFIPS|1.3.132.1.11.1|java.security.KeyFactory
INSTANTIABLE|KeyFactory|BCFIPS|1.3.132.1.11.2|java.security.KeyFactory
INSTANTIABLE|KeyFactory|BCFIPS|1.3.132.1.11.3|java.security.KeyFactory
INSTANTIABLE|KeyFactory|BCFIPS|1.3.132.1.14.0|java.security.KeyFactory
INSTANTIABLE|KeyFactory|BCFIPS|1.3.132.1.14.1|java.security.KeyFactory
INSTANTIABLE|KeyFactory|BCFIPS|1.3.132.1.14.2|java.security.KeyFactory
INSTANTIABLE|KeyFactory|BCFIPS|1.3.132.1.14.3|java.security.KeyFactory
INSTANTIABLE|KeyFactory|BCFIPS|1.3.132.1.15.0|java.security.KeyFactory
INSTANTIABLE|KeyFactory|BCFIPS|1.3.132.1.15.1|java.security.KeyFactory
INSTANTIABLE|KeyFactory|BCFIPS|1.3.132.1.15.2|java.security.KeyFactory
INSTANTIABLE|KeyFactory|BCFIPS|1.3.132.1.15.3|java.security.KeyFactory
INSTANTIABLE|KeyFactory|BCFIPS|1.3.133.16.840.63.0.16|java.security.KeyFactory
INSTANTIABLE|KeyFactory|BCFIPS|1.3.133.16.840.63.0.2|java.security.KeyFactory
INSTANTIABLE|KeyFactory|BCFIPS|1.3.133.16.840.63.0.3|java.security.KeyFactory
INSTANTIABLE|KeyFactory|BCFIPS|1.3.14.3.2.27|java.security.KeyFactory
INSTANTIABLE|KeyFactory|BCFIPS|2.5.8.1.1|java.security.KeyFactory
INSTANTIABLE|KeyFactory|BCFIPS|DH|java.security.KeyFactory
INSTANTIABLE|KeyFactory|BCFIPS|DIFFIEHELLMAN|java.security.KeyFactory
INSTANTIABLE|KeyFactory|BCFIPS|DSA|java.security.KeyFactory
INSTANTIABLE|KeyFactory|BCFIPS|EC|java.security.KeyFactory
INSTANTIABLE|KeyFactory|BCFIPS|ECCDH|java.security.KeyFactory
INSTANTIABLE|KeyFactory|BCFIPS|ECDH|java.security.KeyFactory
INSTANTIABLE|KeyFactory|BCFIPS|ECDSA|java.security.KeyFactory
INSTANTIABLE|KeyFactory|BCFIPS|ECMQV|java.security.KeyFactory
INSTANTIABLE|KeyFactory|BCFIPS|ED25519|java.security.KeyFactory
INSTANTIABLE|KeyFactory|BCFIPS|ED448|java.security.KeyFactory
INSTANTIABLE|KeyFactory|BCFIPS|EDDSA|java.security.KeyFactory
INSTANTIABLE|KeyFactory|BCFIPS|LMS|java.security.KeyFactory
INSTANTIABLE|KeyFactory|BCFIPS|MQV|java.security.KeyFactory
INSTANTIABLE|KeyFactory|BCFIPS|OID.1.2.840.10040.4.1|java.security.KeyFactory
INSTANTIABLE|KeyFactory|BCFIPS|OID.1.2.840.10040.4.3|java.security.KeyFactory
INSTANTIABLE|KeyFactory|BCFIPS|OID.1.2.840.10045.2.1|java.security.KeyFactory
INSTANTIABLE|KeyFactory|BCFIPS|OID.1.2.840.10046.2.1|java.security.KeyFactory
INSTANTIABLE|KeyFactory|BCFIPS|OID.1.2.840.113549.1.1.1|java.security.KeyFactory
INSTANTIABLE|KeyFactory|BCFIPS|OID.1.2.840.113549.1.1.10|java.security.KeyFactory
INSTANTIABLE|KeyFactory|BCFIPS|OID.1.2.840.113549.1.1.7|java.security.KeyFactory
INSTANTIABLE|KeyFactory|BCFIPS|OID.1.2.840.113549.1.3.1|java.security.KeyFactory
INSTANTIABLE|KeyFactory|BCFIPS|OID.1.2.840.113549.1.9.16.3.14|java.security.KeyFactory
INSTANTIABLE|KeyFactory|BCFIPS|OID.1.2.840.113549.1.9.16.3.17|java.security.KeyFactory
INSTANTIABLE|KeyFactory|BCFIPS|OID.1.3.101.112|java.security.KeyFactory
INSTANTIABLE|KeyFactory|BCFIPS|OID.1.3.101.113|java.security.KeyFactory
INSTANTIABLE|KeyFactory|BCFIPS|OID.1.3.132.1.11.0|java.security.KeyFactory
INSTANTIABLE|KeyFactory|BCFIPS|OID.1.3.132.1.11.1|java.security.KeyFactory
INSTANTIABLE|KeyFactory|BCFIPS|OID.1.3.132.1.11.2|java.security.KeyFactory
INSTANTIABLE|KeyFactory|BCFIPS|OID.1.3.132.1.11.3|java.security.KeyFactory
INSTANTIABLE|KeyFactory|BCFIPS|OID.1.3.132.1.14.0|java.security.KeyFactory
INSTANTIABLE|KeyFactory|BCFIPS|OID.1.3.132.1.14.1|java.security.KeyFactory
INSTANTIABLE|KeyFactory|BCFIPS|OID.1.3.132.1.14.2|java.security.KeyFactory
INSTANTIABLE|KeyFactory|BCFIPS|OID.1.3.132.1.14.3|java.security.KeyFactory
INSTANTIABLE|KeyFactory|BCFIPS|OID.1.3.132.1.15.0|java.security.KeyFactory
INSTANTIABLE|KeyFactory|BCFIPS|OID.1.3.132.1.15.1|java.security.KeyFactory
INSTANTIABLE|KeyFactory|BCFIPS|OID.1.3.132.1.15.2|java.security.KeyFactory
INSTANTIABLE|KeyFactory|BCFIPS|OID.1.3.132.1.15.3|java.security.KeyFactory
INSTANTIABLE|KeyFactory|BCFIPS|OID.1.3.133.16.840.63.0.16|java.security.KeyFactory
INSTANTIABLE|KeyFactory|BCFIPS|OID.1.3.133.16.840.63.0.2|java.security.KeyFactory
INSTANTIABLE|KeyFactory|BCFIPS|OID.1.3.133.16.840.63.0.3|java.security.KeyFactory
INSTANTIABLE|KeyFactory|BCFIPS|OID.1.3.14.3.2.27|java.security.KeyFactory
INSTANTIABLE|KeyFactory|BCFIPS|OID.2.5.8.1.1|java.security.KeyFactory
INSTANTIABLE|KeyFactory|BCFIPS|RSA|java.security.KeyFactory
INSTANTIABLE|KeyFactory|BCFIPS|RSASSA-PSS|java.security.KeyFactory
INSTANTIABLE|KeyFactory|BCFIPS|X.509|java.security.KeyFactory
INSTANTIABLE|KeyFactory|BCFIPS|X509|java.security.KeyFactory
INSTANTIABLE|KeyFactory|SUN|1.2.840.10040.4.1|java.security.KeyFactory
INSTANTIABLE|KeyFactory|SUN|1.2.840.113549.1.9.16.3.17|java.security.KeyFactory
INSTANTIABLE|KeyFactory|SUN|1.3.14.3.2.12|java.security.KeyFactory
INSTANTIABLE|KeyFactory|SUN|DSA|java.security.KeyFactory
INSTANTIABLE|KeyFactory|SUN|HSS/LMS|java.security.KeyFactory
INSTANTIABLE|KeyFactory|SUN|OID.1.2.840.10040.4.1|java.security.KeyFactory
INSTANTIABLE|KeyFactory|SUN|OID.1.2.840.113549.1.9.16.3.17|java.security.KeyFactory
INSTANTIABLE|KeyFactory|SunEC|1.2.840.10045.2.1|java.security.KeyFactory
INSTANTIABLE|KeyFactory|SunEC|1.3.101.110|java.security.KeyFactory
INSTANTIABLE|KeyFactory|SunEC|1.3.101.111|java.security.KeyFactory
INSTANTIABLE|KeyFactory|SunEC|1.3.101.112|java.security.KeyFactory
INSTANTIABLE|KeyFactory|SunEC|1.3.101.113|java.security.KeyFactory
INSTANTIABLE|KeyFactory|SunEC|EC|java.security.KeyFactory
INSTANTIABLE|KeyFactory|SunEC|Ed25519|java.security.KeyFactory
INSTANTIABLE|KeyFactory|SunEC|Ed448|java.security.KeyFactory
INSTANTIABLE|KeyFactory|SunEC|EdDSA|java.security.KeyFactory
INSTANTIABLE|KeyFactory|SunEC|EllipticCurve|java.security.KeyFactory
INSTANTIABLE|KeyFactory|SunEC|OID.1.2.840.10045.2.1|java.security.KeyFactory
INSTANTIABLE|KeyFactory|SunEC|OID.1.3.101.110|java.security.KeyFactory
INSTANTIABLE|KeyFactory|SunEC|OID.1.3.101.111|java.security.KeyFactory
INSTANTIABLE|KeyFactory|SunEC|OID.1.3.101.112|java.security.KeyFactory
INSTANTIABLE|KeyFactory|SunEC|OID.1.3.101.113|java.security.KeyFactory
INSTANTIABLE|KeyFactory|SunEC|X25519|java.security.KeyFactory
INSTANTIABLE|KeyFactory|SunEC|X448|java.security.KeyFactory
INSTANTIABLE|KeyFactory|SunEC|XDH|java.security.KeyFactory
INSTANTIABLE|KeyFactory|SunJCE|1.2.840.113549.1.3.1|java.security.KeyFactory
INSTANTIABLE|KeyFactory|SunJCE|DH|java.security.KeyFactory
INSTANTIABLE|KeyFactory|SunJCE|DiffieHellman|java.security.KeyFactory
INSTANTIABLE|KeyFactory|SunJCE|OID.1.2.840.113549.1.3.1|java.security.KeyFactory
INSTANTIABLE|KeyFactory|SunRsaSign|1.2.840.113549.1.1|java.security.KeyFactory
INSTANTIABLE|KeyFactory|SunRsaSign|1.2.840.113549.1.1.1|java.security.KeyFactory
INSTANTIABLE|KeyFactory|SunRsaSign|1.2.840.113549.1.1.10|java.security.KeyFactory
INSTANTIABLE|KeyFactory|SunRsaSign|OID.1.2.840.113549.1.1|java.security.KeyFactory
INSTANTIABLE|KeyFactory|SunRsaSign|OID.1.2.840.113549.1.1.10|java.security.KeyFactory
INSTANTIABLE|KeyFactory|SunRsaSign|PSS|java.security.KeyFactory
INSTANTIABLE|KeyFactory|SunRsaSign|RSA|java.security.KeyFactory
INSTANTIABLE|KeyFactory|SunRsaSign|RSASSA-PSS|java.security.KeyFactory
INSTANTIABLE|KeyGenerator|BCFIPS|1.2.840.113549.2.10|javax.crypto.KeyGenerator
INSTANTIABLE|KeyGenerator|BCFIPS|1.2.840.113549.2.11|javax.crypto.KeyGenerator
INSTANTIABLE|KeyGenerator|BCFIPS|1.2.840.113549.2.7|javax.crypto.KeyGenerator
INSTANTIABLE|KeyGenerator|BCFIPS|1.2.840.113549.2.8|javax.crypto.KeyGenerator
INSTANTIABLE|KeyGenerator|BCFIPS|1.2.840.113549.2.9|javax.crypto.KeyGenerator
INSTANTIABLE|KeyGenerator|BCFIPS|1.2.840.113549.3.7|javax.crypto.KeyGenerator
INSTANTIABLE|KeyGenerator|BCFIPS|1.3.14.3.2.17|javax.crypto.KeyGenerator
INSTANTIABLE|KeyGenerator|BCFIPS|1.3.14.3.2.26|javax.crypto.KeyGenerator
INSTANTIABLE|KeyGenerator|BCFIPS|1.3.6.1.5.5.8.1.2|javax.crypto.KeyGenerator
INSTANTIABLE|KeyGenerator|BCFIPS|2.16.840.1.101.3.4.1|javax.crypto.KeyGenerator
INSTANTIABLE|KeyGenerator|BCFIPS|2.16.840.1.101.3.4.1.1|javax.crypto.KeyGenerator
INSTANTIABLE|KeyGenerator|BCFIPS|2.16.840.1.101.3.4.1.2|javax.crypto.KeyGenerator
INSTANTIABLE|KeyGenerator|BCFIPS|2.16.840.1.101.3.4.1.21|javax.crypto.KeyGenerator
INSTANTIABLE|KeyGenerator|BCFIPS|2.16.840.1.101.3.4.1.22|javax.crypto.KeyGenerator
INSTANTIABLE|KeyGenerator|BCFIPS|2.16.840.1.101.3.4.1.23|javax.crypto.KeyGenerator
INSTANTIABLE|KeyGenerator|BCFIPS|2.16.840.1.101.3.4.1.24|javax.crypto.KeyGenerator
INSTANTIABLE|KeyGenerator|BCFIPS|2.16.840.1.101.3.4.1.25|javax.crypto.KeyGenerator
INSTANTIABLE|KeyGenerator|BCFIPS|2.16.840.1.101.3.4.1.26|javax.crypto.KeyGenerator
INSTANTIABLE|KeyGenerator|BCFIPS|2.16.840.1.101.3.4.1.27|javax.crypto.KeyGenerator
INSTANTIABLE|KeyGenerator|BCFIPS|2.16.840.1.101.3.4.1.3|javax.crypto.KeyGenerator
INSTANTIABLE|KeyGenerator|BCFIPS|2.16.840.1.101.3.4.1.4|javax.crypto.KeyGenerator
INSTANTIABLE|KeyGenerator|BCFIPS|2.16.840.1.101.3.4.1.41|javax.crypto.KeyGenerator
INSTANTIABLE|KeyGenerator|BCFIPS|2.16.840.1.101.3.4.1.42|javax.crypto.KeyGenerator
INSTANTIABLE|KeyGenerator|BCFIPS|2.16.840.1.101.3.4.1.43|javax.crypto.KeyGenerator
INSTANTIABLE|KeyGenerator|BCFIPS|2.16.840.1.101.3.4.1.44|javax.crypto.KeyGenerator
INSTANTIABLE|KeyGenerator|BCFIPS|2.16.840.1.101.3.4.1.45|javax.crypto.KeyGenerator
INSTANTIABLE|KeyGenerator|BCFIPS|2.16.840.1.101.3.4.1.46|javax.crypto.KeyGenerator
INSTANTIABLE|KeyGenerator|BCFIPS|2.16.840.1.101.3.4.1.47|javax.crypto.KeyGenerator
INSTANTIABLE|KeyGenerator|BCFIPS|2.16.840.1.101.3.4.1.5|javax.crypto.KeyGenerator
INSTANTIABLE|KeyGenerator|BCFIPS|2.16.840.1.101.3.4.1.6|javax.crypto.KeyGenerator
INSTANTIABLE|KeyGenerator|BCFIPS|2.16.840.1.101.3.4.1.7|javax.crypto.KeyGenerator
INSTANTIABLE|KeyGenerator|BCFIPS|2.16.840.1.101.3.4.2.1|javax.crypto.KeyGenerator
INSTANTIABLE|KeyGenerator|BCFIPS|2.16.840.1.101.3.4.2.10|javax.crypto.KeyGenerator
INSTANTIABLE|KeyGenerator|BCFIPS|2.16.840.1.101.3.4.2.13|javax.crypto.KeyGenerator
INSTANTIABLE|KeyGenerator|BCFIPS|2.16.840.1.101.3.4.2.14|javax.crypto.KeyGenerator
INSTANTIABLE|KeyGenerator|BCFIPS|2.16.840.1.101.3.4.2.15|javax.crypto.KeyGenerator
INSTANTIABLE|KeyGenerator|BCFIPS|2.16.840.1.101.3.4.2.16|javax.crypto.KeyGenerator
INSTANTIABLE|KeyGenerator|BCFIPS|2.16.840.1.101.3.4.2.19|javax.crypto.KeyGenerator
INSTANTIABLE|KeyGenerator|BCFIPS|2.16.840.1.101.3.4.2.2|javax.crypto.KeyGenerator
INSTANTIABLE|KeyGenerator|BCFIPS|2.16.840.1.101.3.4.2.20|javax.crypto.KeyGenerator
INSTANTIABLE|KeyGenerator|BCFIPS|2.16.840.1.101.3.4.2.3|javax.crypto.KeyGenerator
INSTANTIABLE|KeyGenerator|BCFIPS|2.16.840.1.101.3.4.2.4|javax.crypto.KeyGenerator
INSTANTIABLE|KeyGenerator|BCFIPS|2.16.840.1.101.3.4.2.7|javax.crypto.KeyGenerator
INSTANTIABLE|KeyGenerator|BCFIPS|2.16.840.1.101.3.4.2.8|javax.crypto.KeyGenerator
INSTANTIABLE|KeyGenerator|BCFIPS|2.16.840.1.101.3.4.2.9|javax.crypto.KeyGenerator
INSTANTIABLE|KeyGenerator|BCFIPS|AES|javax.crypto.KeyGenerator
INSTANTIABLE|KeyGenerator|BCFIPS|DESEDE|javax.crypto.KeyGenerator
INSTANTIABLE|KeyGenerator|BCFIPS|HMAC-SHA-1|javax.crypto.KeyGenerator
INSTANTIABLE|KeyGenerator|BCFIPS|HMAC-SHA-224|javax.crypto.KeyGenerator
INSTANTIABLE|KeyGenerator|BCFIPS|HMAC-SHA-256|javax.crypto.KeyGenerator
INSTANTIABLE|KeyGenerator|BCFIPS|HMAC-SHA-384|javax.crypto.KeyGenerator
INSTANTIABLE|KeyGenerator|BCFIPS|HMAC-SHA-512|javax.crypto.KeyGenerator
INSTANTIABLE|KeyGenerator|BCFIPS|HMAC-SHA-512(224)|javax.crypto.KeyGenerator
INSTANTIABLE|KeyGenerator|BCFIPS|HMAC-SHA-512(256)|javax.crypto.KeyGenerator
INSTANTIABLE|KeyGenerator|BCFIPS|HMAC-SHA1|javax.crypto.KeyGenerator
INSTANTIABLE|KeyGenerator|BCFIPS|HMAC-SHA224|javax.crypto.KeyGenerator
INSTANTIABLE|KeyGenerator|BCFIPS|HMAC-SHA256|javax.crypto.KeyGenerator
INSTANTIABLE|KeyGenerator|BCFIPS|HMAC-SHA3-224|javax.crypto.KeyGenerator
INSTANTIABLE|KeyGenerator|BCFIPS|HMAC-SHA3-256|javax.crypto.KeyGenerator
INSTANTIABLE|KeyGenerator|BCFIPS|HMAC-SHA3-384|javax.crypto.KeyGenerator
INSTANTIABLE|KeyGenerator|BCFIPS|HMAC-SHA3-512|javax.crypto.KeyGenerator
INSTANTIABLE|KeyGenerator|BCFIPS|HMAC-SHA384|javax.crypto.KeyGenerator
INSTANTIABLE|KeyGenerator|BCFIPS|HMAC-SHA512|javax.crypto.KeyGenerator
INSTANTIABLE|KeyGenerator|BCFIPS|HMAC-SHA512(224)|javax.crypto.KeyGenerator
INSTANTIABLE|KeyGenerator|BCFIPS|HMAC-SHA512(256)|javax.crypto.KeyGenerator
INSTANTIABLE|KeyGenerator|BCFIPS|HMAC-SHA512/224|javax.crypto.KeyGenerator
INSTANTIABLE|KeyGenerator|BCFIPS|HMAC-SHA512/256|javax.crypto.KeyGenerator
INSTANTIABLE|KeyGenerator|BCFIPS|HMAC/SHA-1|javax.crypto.KeyGenerator
INSTANTIABLE|KeyGenerator|BCFIPS|HMAC/SHA-224|javax.crypto.KeyGenerator
INSTANTIABLE|KeyGenerator|BCFIPS|HMAC/SHA-256|javax.crypto.KeyGenerator
INSTANTIABLE|KeyGenerator|BCFIPS|HMAC/SHA-384|javax.crypto.KeyGenerator
INSTANTIABLE|KeyGenerator|BCFIPS|HMAC/SHA-512|javax.crypto.KeyGenerator
INSTANTIABLE|KeyGenerator|BCFIPS|HMAC/SHA-512(224)|javax.crypto.KeyGenerator
INSTANTIABLE|KeyGenerator|BCFIPS|HMAC/SHA-512(256)|javax.crypto.KeyGenerator
INSTANTIABLE|KeyGenerator|BCFIPS|HMAC/SHA3-224|javax.crypto.KeyGenerator
INSTANTIABLE|KeyGenerator|BCFIPS|HMAC/SHA3-256|javax.crypto.KeyGenerator
INSTANTIABLE|KeyGenerator|BCFIPS|HMAC/SHA3-384|javax.crypto.KeyGenerator
INSTANTIABLE|KeyGenerator|BCFIPS|HMAC/SHA3-512|javax.crypto.KeyGenerator
INSTANTIABLE|KeyGenerator|BCFIPS|HMACSHA|javax.crypto.KeyGenerator
INSTANTIABLE|KeyGenerator|BCFIPS|HMACSHA-1|javax.crypto.KeyGenerator
INSTANTIABLE|KeyGenerator|BCFIPS|HMACSHA-224|javax.crypto.KeyGenerator
INSTANTIABLE|KeyGenerator|BCFIPS|HMACSHA-256|javax.crypto.KeyGenerator
INSTANTIABLE|KeyGenerator|BCFIPS|HMACSHA-384|javax.crypto.KeyGenerator
INSTANTIABLE|KeyGenerator|BCFIPS|HMACSHA-512|javax.crypto.KeyGenerator
INSTANTIABLE|KeyGenerator|BCFIPS|HMACSHA-512(224)|javax.crypto.KeyGenerator
INSTANTIABLE|KeyGenerator|BCFIPS|HMACSHA-512(256)|javax.crypto.KeyGenerator
INSTANTIABLE|KeyGenerator|BCFIPS|HMACSHA1|javax.crypto.KeyGenerator
INSTANTIABLE|KeyGenerator|BCFIPS|HMACSHA224|javax.crypto.KeyGenerator
INSTANTIABLE|KeyGenerator|BCFIPS|HMACSHA256|javax.crypto.KeyGenerator
INSTANTIABLE|KeyGenerator|BCFIPS|HMACSHA3-224|javax.crypto.KeyGenerator
INSTANTIABLE|KeyGenerator|BCFIPS|HMACSHA3-256|javax.crypto.KeyGenerator
INSTANTIABLE|KeyGenerator|BCFIPS|HMACSHA3-384|javax.crypto.KeyGenerator
INSTANTIABLE|KeyGenerator|BCFIPS|HMACSHA3-512|javax.crypto.KeyGenerator
INSTANTIABLE|KeyGenerator|BCFIPS|HMACSHA384|javax.crypto.KeyGenerator
INSTANTIABLE|KeyGenerator|BCFIPS|HMACSHA512|javax.crypto.KeyGenerator
INSTANTIABLE|KeyGenerator|BCFIPS|HMACSHA512(224)|javax.crypto.KeyGenerator
INSTANTIABLE|KeyGenerator|BCFIPS|HMACSHA512(256)|javax.crypto.KeyGenerator
INSTANTIABLE|KeyGenerator|BCFIPS|HMACSHA512/224|javax.crypto.KeyGenerator
INSTANTIABLE|KeyGenerator|BCFIPS|HMACSHA512/256|javax.crypto.KeyGenerator
INSTANTIABLE|KeyGenerator|BCFIPS|KMAC128|javax.crypto.KeyGenerator
INSTANTIABLE|KeyGenerator|BCFIPS|KMAC256|javax.crypto.KeyGenerator
INSTANTIABLE|KeyGenerator|BCFIPS|KMACWITHSHAKE128|javax.crypto.KeyGenerator
INSTANTIABLE|KeyGenerator|BCFIPS|KMACWITHSHAKE256|javax.crypto.KeyGenerator
INSTANTIABLE|KeyGenerator|BCFIPS|OID.1.2.840.113549.2.10|javax.crypto.KeyGenerator
INSTANTIABLE|KeyGenerator|BCFIPS|OID.1.2.840.113549.2.11|javax.crypto.KeyGenerator
INSTANTIABLE|KeyGenerator|BCFIPS|OID.1.2.840.113549.2.7|javax.crypto.KeyGenerator
INSTANTIABLE|KeyGenerator|BCFIPS|OID.1.2.840.113549.2.8|javax.crypto.KeyGenerator
INSTANTIABLE|KeyGenerator|BCFIPS|OID.1.2.840.113549.2.9|javax.crypto.KeyGenerator
INSTANTIABLE|KeyGenerator|BCFIPS|OID.1.2.840.113549.3.7|javax.crypto.KeyGenerator
INSTANTIABLE|KeyGenerator|BCFIPS|OID.1.3.14.3.2.17|javax.crypto.KeyGenerator
INSTANTIABLE|KeyGenerator|BCFIPS|OID.1.3.14.3.2.26|javax.crypto.KeyGenerator
INSTANTIABLE|KeyGenerator|BCFIPS|OID.1.3.6.1.5.5.8.1.2|javax.crypto.KeyGenerator
INSTANTIABLE|KeyGenerator|BCFIPS|OID.2.16.840.1.101.3.4.1|javax.crypto.KeyGenerator
INSTANTIABLE|KeyGenerator|BCFIPS|OID.2.16.840.1.101.3.4.1.1|javax.crypto.KeyGenerator
INSTANTIABLE|KeyGenerator|BCFIPS|OID.2.16.840.1.101.3.4.1.2|javax.crypto.KeyGenerator
INSTANTIABLE|KeyGenerator|BCFIPS|OID.2.16.840.1.101.3.4.1.21|javax.crypto.KeyGenerator
INSTANTIABLE|KeyGenerator|BCFIPS|OID.2.16.840.1.101.3.4.1.22|javax.crypto.KeyGenerator
INSTANTIABLE|KeyGenerator|BCFIPS|OID.2.16.840.1.101.3.4.1.23|javax.crypto.KeyGenerator
INSTANTIABLE|KeyGenerator|BCFIPS|OID.2.16.840.1.101.3.4.1.24|javax.crypto.KeyGenerator
INSTANTIABLE|KeyGenerator|BCFIPS|OID.2.16.840.1.101.3.4.1.25|javax.crypto.KeyGenerator
INSTANTIABLE|KeyGenerator|BCFIPS|OID.2.16.840.1.101.3.4.1.26|javax.crypto.KeyGenerator
INSTANTIABLE|KeyGenerator|BCFIPS|OID.2.16.840.1.101.3.4.1.27|javax.crypto.KeyGenerator
INSTANTIABLE|KeyGenerator|BCFIPS|OID.2.16.840.1.101.3.4.1.3|javax.crypto.KeyGenerator
INSTANTIABLE|KeyGenerator|BCFIPS|OID.2.16.840.1.101.3.4.1.4|javax.crypto.KeyGenerator
INSTANTIABLE|KeyGenerator|BCFIPS|OID.2.16.840.1.101.3.4.1.41|javax.crypto.KeyGenerator
INSTANTIABLE|KeyGenerator|BCFIPS|OID.2.16.840.1.101.3.4.1.42|javax.crypto.KeyGenerator
INSTANTIABLE|KeyGenerator|BCFIPS|OID.2.16.840.1.101.3.4.1.43|javax.crypto.KeyGenerator
INSTANTIABLE|KeyGenerator|BCFIPS|OID.2.16.840.1.101.3.4.1.44|javax.crypto.KeyGenerator
INSTANTIABLE|KeyGenerator|BCFIPS|OID.2.16.840.1.101.3.4.1.45|javax.crypto.KeyGenerator
INSTANTIABLE|KeyGenerator|BCFIPS|OID.2.16.840.1.101.3.4.1.46|javax.crypto.KeyGenerator
INSTANTIABLE|KeyGenerator|BCFIPS|OID.2.16.840.1.101.3.4.1.47|javax.crypto.KeyGenerator
INSTANTIABLE|KeyGenerator|BCFIPS|OID.2.16.840.1.101.3.4.1.5|javax.crypto.KeyGenerator
INSTANTIABLE|KeyGenerator|BCFIPS|OID.2.16.840.1.101.3.4.1.6|javax.crypto.KeyGenerator
INSTANTIABLE|KeyGenerator|BCFIPS|OID.2.16.840.1.101.3.4.1.7|javax.crypto.KeyGenerator
INSTANTIABLE|KeyGenerator|BCFIPS|OID.2.16.840.1.101.3.4.2.1|javax.crypto.KeyGenerator
INSTANTIABLE|KeyGenerator|BCFIPS|OID.2.16.840.1.101.3.4.2.10|javax.crypto.KeyGenerator
INSTANTIABLE|KeyGenerator|BCFIPS|OID.2.16.840.1.101.3.4.2.13|javax.crypto.KeyGenerator
INSTANTIABLE|KeyGenerator|BCFIPS|OID.2.16.840.1.101.3.4.2.14|javax.crypto.KeyGenerator
INSTANTIABLE|KeyGenerator|BCFIPS|OID.2.16.840.1.101.3.4.2.15|javax.crypto.KeyGenerator
INSTANTIABLE|KeyGenerator|BCFIPS|OID.2.16.840.1.101.3.4.2.16|javax.crypto.KeyGenerator
INSTANTIABLE|KeyGenerator|BCFIPS|OID.2.16.840.1.101.3.4.2.19|javax.crypto.KeyGenerator
INSTANTIABLE|KeyGenerator|BCFIPS|OID.2.16.840.1.101.3.4.2.2|javax.crypto.KeyGenerator
INSTANTIABLE|KeyGenerator|BCFIPS|OID.2.16.840.1.101.3.4.2.20|javax.crypto.KeyGenerator
INSTANTIABLE|KeyGenerator|BCFIPS|OID.2.16.840.1.101.3.4.2.3|javax.crypto.KeyGenerator
INSTANTIABLE|KeyGenerator|BCFIPS|OID.2.16.840.1.101.3.4.2.4|javax.crypto.KeyGenerator
INSTANTIABLE|KeyGenerator|BCFIPS|OID.2.16.840.1.101.3.4.2.7|javax.crypto.KeyGenerator
INSTANTIABLE|KeyGenerator|BCFIPS|OID.2.16.840.1.101.3.4.2.8|javax.crypto.KeyGenerator
INSTANTIABLE|KeyGenerator|BCFIPS|OID.2.16.840.1.101.3.4.2.9|javax.crypto.KeyGenerator
INSTANTIABLE|KeyGenerator|BCFIPS|TDEA|javax.crypto.KeyGenerator
INSTANTIABLE|KeyGenerator|BCFIPS|TRIPLEDES|javax.crypto.KeyGenerator
INSTANTIABLE|KeyGenerator|SunJCE|1.2.840.113549.2.10|javax.crypto.KeyGenerator
INSTANTIABLE|KeyGenerator|SunJCE|1.2.840.113549.2.11|javax.crypto.KeyGenerator
INSTANTIABLE|KeyGenerator|SunJCE|1.2.840.113549.2.12|javax.crypto.KeyGenerator
INSTANTIABLE|KeyGenerator|SunJCE|1.2.840.113549.2.13|javax.crypto.KeyGenerator
INSTANTIABLE|KeyGenerator|SunJCE|1.2.840.113549.2.7|javax.crypto.KeyGenerator
INSTANTIABLE|KeyGenerator|SunJCE|1.2.840.113549.2.8|javax.crypto.KeyGenerator
INSTANTIABLE|KeyGenerator|SunJCE|1.2.840.113549.2.9|javax.crypto.KeyGenerator
INSTANTIABLE|KeyGenerator|SunJCE|1.2.840.113549.3.4|javax.crypto.KeyGenerator
INSTANTIABLE|KeyGenerator|SunJCE|2.16.840.1.101.3.4.1|javax.crypto.KeyGenerator
INSTANTIABLE|KeyGenerator|SunJCE|2.16.840.1.101.3.4.2.13|javax.crypto.KeyGenerator
INSTANTIABLE|KeyGenerator|SunJCE|2.16.840.1.101.3.4.2.14|javax.crypto.KeyGenerator
INSTANTIABLE|KeyGenerator|SunJCE|2.16.840.1.101.3.4.2.15|javax.crypto.KeyGenerator
INSTANTIABLE|KeyGenerator|SunJCE|2.16.840.1.101.3.4.2.16|javax.crypto.KeyGenerator
INSTANTIABLE|KeyGenerator|SunJCE|AES|javax.crypto.KeyGenerator
INSTANTIABLE|KeyGenerator|SunJCE|ARCFOUR|javax.crypto.KeyGenerator
INSTANTIABLE|KeyGenerator|SunJCE|Blowfish|javax.crypto.KeyGenerator
INSTANTIABLE|KeyGenerator|SunJCE|ChaCha20|javax.crypto.KeyGenerator
INSTANTIABLE|KeyGenerator|SunJCE|DES|javax.crypto.KeyGenerator
INSTANTIABLE|KeyGenerator|SunJCE|DESede|javax.crypto.KeyGenerator
INSTANTIABLE|KeyGenerator|SunJCE|HmacMD5|javax.crypto.KeyGenerator
INSTANTIABLE|KeyGenerator|SunJCE|HmacSHA1|javax.crypto.KeyGenerator
INSTANTIABLE|KeyGenerator|SunJCE|HmacSHA224|javax.crypto.KeyGenerator
INSTANTIABLE|KeyGenerator|SunJCE|HmacSHA256|javax.crypto.KeyGenerator
INSTANTIABLE|KeyGenerator|SunJCE|HmacSHA3-224|javax.crypto.KeyGenerator
INSTANTIABLE|KeyGenerator|SunJCE|HmacSHA3-256|javax.crypto.KeyGenerator
INSTANTIABLE|KeyGenerator|SunJCE|HmacSHA3-384|javax.crypto.KeyGenerator
INSTANTIABLE|KeyGenerator|SunJCE|HmacSHA3-512|javax.crypto.KeyGenerator
INSTANTIABLE|KeyGenerator|SunJCE|HmacSHA384|javax.crypto.KeyGenerator
INSTANTIABLE|KeyGenerator|SunJCE|HmacSHA512|javax.crypto.KeyGenerator
INSTANTIABLE|KeyGenerator|SunJCE|HmacSHA512/224|javax.crypto.KeyGenerator
INSTANTIABLE|KeyGenerator|SunJCE|HmacSHA512/256|javax.crypto.KeyGenerator
INSTANTIABLE|KeyGenerator|SunJCE|OID.1.2.840.113549.2.10|javax.crypto.KeyGenerator
INSTANTIABLE|KeyGenerator|SunJCE|OID.1.2.840.113549.2.11|javax.crypto.KeyGenerator
INSTANTIABLE|KeyGenerator|SunJCE|OID.1.2.840.113549.2.12|javax.crypto.KeyGenerator
INSTANTIABLE|KeyGenerator|SunJCE|OID.1.2.840.113549.2.13|javax.crypto.KeyGenerator
INSTANTIABLE|KeyGenerator|SunJCE|OID.1.2.840.113549.2.7|javax.crypto.KeyGenerator
INSTANTIABLE|KeyGenerator|SunJCE|OID.1.2.840.113549.2.8|javax.crypto.KeyGenerator
INSTANTIABLE|KeyGenerator|SunJCE|OID.1.2.840.113549.2.9|javax.crypto.KeyGenerator
INSTANTIABLE|KeyGenerator|SunJCE|OID.1.2.840.113549.3.4|javax.crypto.KeyGenerator
INSTANTIABLE|KeyGenerator|SunJCE|OID.2.16.840.1.101.3.4.1|javax.crypto.KeyGenerator
INSTANTIABLE|KeyGenerator|SunJCE|OID.2.16.840.1.101.3.4.2.13|javax.crypto.KeyGenerator
INSTANTIABLE|KeyGenerator|SunJCE|OID.2.16.840.1.101.3.4.2.14|javax.crypto.KeyGenerator
INSTANTIABLE|KeyGenerator|SunJCE|OID.2.16.840.1.101.3.4.2.15|javax.crypto.KeyGenerator
INSTANTIABLE|KeyGenerator|SunJCE|OID.2.16.840.1.101.3.4.2.16|javax.crypto.KeyGenerator
INSTANTIABLE|KeyGenerator|SunJCE|RC2|javax.crypto.KeyGenerator
INSTANTIABLE|KeyGenerator|SunJCE|RC4|javax.crypto.KeyGenerator
INSTANTIABLE|KeyGenerator|SunJCE|SunTls12KeyMaterial|javax.crypto.KeyGenerator
INSTANTIABLE|KeyGenerator|SunJCE|SunTls12MasterSecret|javax.crypto.KeyGenerator
INSTANTIABLE|KeyGenerator|SunJCE|SunTls12Prf|javax.crypto.KeyGenerator
INSTANTIABLE|KeyGenerator|SunJCE|SunTls12RsaPremasterSecret|javax.crypto.KeyGenerator
INSTANTIABLE|KeyGenerator|SunJCE|SunTlsExtendedMasterSecret|javax.crypto.KeyGenerator
INSTANTIABLE|KeyGenerator|SunJCE|SunTlsKeyMaterial|javax.crypto.KeyGenerator
INSTANTIABLE|KeyGenerator|SunJCE|SunTlsMasterSecret|javax.crypto.KeyGenerator
INSTANTIABLE|KeyGenerator|SunJCE|SunTlsPrf|javax.crypto.KeyGenerator
INSTANTIABLE|KeyGenerator|SunJCE|SunTlsRsaPremasterSecret|javax.crypto.KeyGenerator
INSTANTIABLE|KeyGenerator|SunJCE|TripleDES|javax.crypto.KeyGenerator
INSTANTIABLE|KeyManagerFactory|BCJSSE|PKIX|javax.net.ssl.KeyManagerFactory
INSTANTIABLE|KeyManagerFactory|BCJSSE|X.509|javax.net.ssl.KeyManagerFactory
INSTANTIABLE|KeyManagerFactory|BCJSSE|X509|javax.net.ssl.KeyManagerFactory
INSTANTIABLE|KeyManagerFactory|SunJSSE|NewSunX509|javax.net.ssl.KeyManagerFactory
INSTANTIABLE|KeyManagerFactory|SunJSSE|PKIX|javax.net.ssl.KeyManagerFactory
INSTANTIABLE|KeyManagerFactory|SunJSSE|SunX509|javax.net.ssl.KeyManagerFactory
INSTANTIABLE|KeyPairGenerator|BCFIPS|1.2.840.10045.2.1|org.bouncycastle.jcajce.provider.ProvEC$ECKeyPairGenerator
INSTANTIABLE|KeyPairGenerator|BCFIPS|1.2.840.10046.2.1|org.bouncycastle.jcajce.provider.ProvDH$KeyPairGeneratorSpi
INSTANTIABLE|KeyPairGenerator|BCFIPS|1.2.840.113549.1.1.1|org.bouncycastle.jcajce.provider.ProvRSA$KeyPairGenerator
INSTANTIABLE|KeyPairGenerator|BCFIPS|1.2.840.113549.1.1.10|org.bouncycastle.jcajce.provider.ProvRSA$KeyPairGenerator
INSTANTIABLE|KeyPairGenerator|BCFIPS|1.2.840.113549.1.1.7|org.bouncycastle.jcajce.provider.ProvRSA$KeyPairGenerator
INSTANTIABLE|KeyPairGenerator|BCFIPS|1.2.840.113549.1.3.1|org.bouncycastle.jcajce.provider.ProvDH$KeyPairGeneratorSpi
INSTANTIABLE|KeyPairGenerator|BCFIPS|1.2.840.113549.1.9.16.3.14|org.bouncycastle.jcajce.provider.ProvRSA$KeyPairGenerator
INSTANTIABLE|KeyPairGenerator|BCFIPS|1.3.101.112|org.bouncycastle.jcajce.provider.ProvEdEC$KeyPairGeneratorSpi
INSTANTIABLE|KeyPairGenerator|BCFIPS|1.3.101.113|org.bouncycastle.jcajce.provider.ProvEdEC$KeyPairGeneratorSpi
INSTANTIABLE|KeyPairGenerator|BCFIPS|1.3.132.1.11.0|org.bouncycastle.jcajce.provider.ProvEC$ECKeyPairGenerator
INSTANTIABLE|KeyPairGenerator|BCFIPS|1.3.132.1.11.1|org.bouncycastle.jcajce.provider.ProvEC$ECKeyPairGenerator
INSTANTIABLE|KeyPairGenerator|BCFIPS|1.3.132.1.11.2|org.bouncycastle.jcajce.provider.ProvEC$ECKeyPairGenerator
INSTANTIABLE|KeyPairGenerator|BCFIPS|1.3.132.1.11.3|org.bouncycastle.jcajce.provider.ProvEC$ECKeyPairGenerator
INSTANTIABLE|KeyPairGenerator|BCFIPS|1.3.132.1.14.0|org.bouncycastle.jcajce.provider.ProvEC$ECKeyPairGenerator
INSTANTIABLE|KeyPairGenerator|BCFIPS|1.3.132.1.14.1|org.bouncycastle.jcajce.provider.ProvEC$ECKeyPairGenerator
INSTANTIABLE|KeyPairGenerator|BCFIPS|1.3.132.1.14.2|org.bouncycastle.jcajce.provider.ProvEC$ECKeyPairGenerator
INSTANTIABLE|KeyPairGenerator|BCFIPS|1.3.132.1.14.3|org.bouncycastle.jcajce.provider.ProvEC$ECKeyPairGenerator
INSTANTIABLE|KeyPairGenerator|BCFIPS|1.3.132.1.15.0|org.bouncycastle.jcajce.provider.ProvEC$ECKeyPairGenerator
INSTANTIABLE|KeyPairGenerator|BCFIPS|1.3.132.1.15.1|org.bouncycastle.jcajce.provider.ProvEC$ECKeyPairGenerator
INSTANTIABLE|KeyPairGenerator|BCFIPS|1.3.132.1.15.2|org.bouncycastle.jcajce.provider.ProvEC$ECKeyPairGenerator
INSTANTIABLE|KeyPairGenerator|BCFIPS|1.3.132.1.15.3|org.bouncycastle.jcajce.provider.ProvEC$ECKeyPairGenerator
INSTANTIABLE|KeyPairGenerator|BCFIPS|1.3.133.16.840.63.0.16|org.bouncycastle.jcajce.provider.ProvEC$ECKeyPairGenerator
INSTANTIABLE|KeyPairGenerator|BCFIPS|1.3.133.16.840.63.0.2|org.bouncycastle.jcajce.provider.ProvEC$ECKeyPairGenerator
INSTANTIABLE|KeyPairGenerator|BCFIPS|1.3.133.16.840.63.0.3|org.bouncycastle.jcajce.provider.ProvEC$ECKeyPairGenerator
INSTANTIABLE|KeyPairGenerator|BCFIPS|2.5.8.1.1|org.bouncycastle.jcajce.provider.ProvRSA$KeyPairGenerator
INSTANTIABLE|KeyPairGenerator|BCFIPS|DH|org.bouncycastle.jcajce.provider.ProvDH$KeyPairGeneratorSpi
INSTANTIABLE|KeyPairGenerator|BCFIPS|DHU|org.bouncycastle.jcajce.provider.ProvDH$KeyPairGeneratorSpi
INSTANTIABLE|KeyPairGenerator|BCFIPS|DIFFIEHELLMAN|org.bouncycastle.jcajce.provider.ProvDH$KeyPairGeneratorSpi
INSTANTIABLE|KeyPairGenerator|BCFIPS|EC|org.bouncycastle.jcajce.provider.ProvEC$ECKeyPairGenerator
INSTANTIABLE|KeyPairGenerator|BCFIPS|ECCDH|org.bouncycastle.jcajce.provider.ProvEC$ECKeyPairGenerator
INSTANTIABLE|KeyPairGenerator|BCFIPS|ECDH|org.bouncycastle.jcajce.provider.ProvEC$ECKeyPairGenerator
INSTANTIABLE|KeyPairGenerator|BCFIPS|ECDSA|org.bouncycastle.jcajce.provider.ProvEC$ECKeyPairGenerator
INSTANTIABLE|KeyPairGenerator|BCFIPS|ECMQV|org.bouncycastle.jcajce.provider.ProvEC$ECKeyPairGenerator
INSTANTIABLE|KeyPairGenerator|BCFIPS|ED25519|org.bouncycastle.jcajce.provider.ProvEdEC$KeyPairGeneratorSpi
INSTANTIABLE|KeyPairGenerator|BCFIPS|ED448|org.bouncycastle.jcajce.provider.ProvEdEC$KeyPairGeneratorSpi
INSTANTIABLE|KeyPairGenerator|BCFIPS|EDDSA|org.bouncycastle.jcajce.provider.ProvEdEC$KeyPairGeneratorSpi
INSTANTIABLE|KeyPairGenerator|BCFIPS|MQV|org.bouncycastle.jcajce.provider.ProvDH$KeyPairGeneratorSpi
INSTANTIABLE|KeyPairGenerator|BCFIPS|OID.1.2.840.10045.2.1|org.bouncycastle.jcajce.provider.ProvEC$ECKeyPairGenerator
INSTANTIABLE|KeyPairGenerator|BCFIPS|OID.1.2.840.10046.2.1|org.bouncycastle.jcajce.provider.ProvDH$KeyPairGeneratorSpi
INSTANTIABLE|KeyPairGenerator|BCFIPS|OID.1.2.840.113549.1.1.1|org.bouncycastle.jcajce.provider.ProvRSA$KeyPairGenerator
INSTANTIABLE|KeyPairGenerator|BCFIPS|OID.1.2.840.113549.1.1.10|org.bouncycastle.jcajce.provider.ProvRSA$KeyPairGenerator
INSTANTIABLE|KeyPairGenerator|BCFIPS|OID.1.2.840.113549.1.1.7|org.bouncycastle.jcajce.provider.ProvRSA$KeyPairGenerator
INSTANTIABLE|KeyPairGenerator|BCFIPS|OID.1.2.840.113549.1.3.1|org.bouncycastle.jcajce.provider.ProvDH$KeyPairGeneratorSpi
INSTANTIABLE|KeyPairGenerator|BCFIPS|OID.1.2.840.113549.1.9.16.3.14|org.bouncycastle.jcajce.provider.ProvRSA$KeyPairGenerator
INSTANTIABLE|KeyPairGenerator|BCFIPS|OID.1.3.101.112|org.bouncycastle.jcajce.provider.ProvEdEC$KeyPairGeneratorSpi
INSTANTIABLE|KeyPairGenerator|BCFIPS|OID.1.3.101.113|org.bouncycastle.jcajce.provider.ProvEdEC$KeyPairGeneratorSpi
INSTANTIABLE|KeyPairGenerator|BCFIPS|OID.1.3.132.1.11.0|org.bouncycastle.jcajce.provider.ProvEC$ECKeyPairGenerator
INSTANTIABLE|KeyPairGenerator|BCFIPS|OID.1.3.132.1.11.1|org.bouncycastle.jcajce.provider.ProvEC$ECKeyPairGenerator
INSTANTIABLE|KeyPairGenerator|BCFIPS|OID.1.3.132.1.11.2|org.bouncycastle.jcajce.provider.ProvEC$ECKeyPairGenerator
INSTANTIABLE|KeyPairGenerator|BCFIPS|OID.1.3.132.1.11.3|org.bouncycastle.jcajce.provider.ProvEC$ECKeyPairGenerator
INSTANTIABLE|KeyPairGenerator|BCFIPS|OID.1.3.132.1.14.0|org.bouncycastle.jcajce.provider.ProvEC$ECKeyPairGenerator
INSTANTIABLE|KeyPairGenerator|BCFIPS|OID.1.3.132.1.14.1|org.bouncycastle.jcajce.provider.ProvEC$ECKeyPairGenerator
INSTANTIABLE|KeyPairGenerator|BCFIPS|OID.1.3.132.1.14.2|org.bouncycastle.jcajce.provider.ProvEC$ECKeyPairGenerator
INSTANTIABLE|KeyPairGenerator|BCFIPS|OID.1.3.132.1.14.3|org.bouncycastle.jcajce.provider.ProvEC$ECKeyPairGenerator
INSTANTIABLE|KeyPairGenerator|BCFIPS|OID.1.3.132.1.15.0|org.bouncycastle.jcajce.provider.ProvEC$ECKeyPairGenerator
INSTANTIABLE|KeyPairGenerator|BCFIPS|OID.1.3.132.1.15.1|org.bouncycastle.jcajce.provider.ProvEC$ECKeyPairGenerator
INSTANTIABLE|KeyPairGenerator|BCFIPS|OID.1.3.132.1.15.2|org.bouncycastle.jcajce.provider.ProvEC$ECKeyPairGenerator
INSTANTIABLE|KeyPairGenerator|BCFIPS|OID.1.3.132.1.15.3|org.bouncycastle.jcajce.provider.ProvEC$ECKeyPairGenerator
INSTANTIABLE|KeyPairGenerator|BCFIPS|OID.1.3.133.16.840.63.0.16|org.bouncycastle.jcajce.provider.ProvEC$ECKeyPairGenerator
INSTANTIABLE|KeyPairGenerator|BCFIPS|OID.1.3.133.16.840.63.0.2|org.bouncycastle.jcajce.provider.ProvEC$ECKeyPairGenerator
INSTANTIABLE|KeyPairGenerator|BCFIPS|OID.1.3.133.16.840.63.0.3|org.bouncycastle.jcajce.provider.ProvEC$ECKeyPairGenerator
INSTANTIABLE|KeyPairGenerator|BCFIPS|OID.2.5.8.1.1|org.bouncycastle.jcajce.provider.ProvRSA$KeyPairGenerator
INSTANTIABLE|KeyPairGenerator|BCFIPS|RSA|org.bouncycastle.jcajce.provider.ProvRSA$KeyPairGenerator
INSTANTIABLE|KeyPairGenerator|BCFIPS|RSASSA-PSS|org.bouncycastle.jcajce.provider.ProvRSA$KeyPairGenerator
INSTANTIABLE|KeyPairGenerator|SUN|1.2.840.10040.4.1|sun.security.provider.DSAKeyPairGenerator$Current
INSTANTIABLE|KeyPairGenerator|SUN|1.3.14.3.2.12|sun.security.provider.DSAKeyPairGenerator$Current
INSTANTIABLE|KeyPairGenerator|SUN|DSA|sun.security.provider.DSAKeyPairGenerator$Current
INSTANTIABLE|KeyPairGenerator|SUN|OID.1.2.840.10040.4.1|sun.security.provider.DSAKeyPairGenerator$Current
NOT_INSTANTIABLE|KeyPairGenerator|SunEC|1.2.840.10045.2.1|java.security.NoSuchAlgorithmException:Error constructing KeyPairGenerator for EC using SunEC
INSTANTIABLE|KeyPairGenerator|SunEC|1.3.101.110|java.security.KeyPairGenerator$Delegate
INSTANTIABLE|KeyPairGenerator|SunEC|1.3.101.111|java.security.KeyPairGenerator$Delegate
INSTANTIABLE|KeyPairGenerator|SunEC|1.3.101.112|java.security.KeyPairGenerator$Delegate
INSTANTIABLE|KeyPairGenerator|SunEC|1.3.101.113|java.security.KeyPairGenerator$Delegate
NOT_INSTANTIABLE|KeyPairGenerator|SunEC|EC|java.security.NoSuchAlgorithmException:Error constructing KeyPairGenerator for EC using SunEC
INSTANTIABLE|KeyPairGenerator|SunEC|Ed25519|java.security.KeyPairGenerator$Delegate
INSTANTIABLE|KeyPairGenerator|SunEC|Ed448|java.security.KeyPairGenerator$Delegate
INSTANTIABLE|KeyPairGenerator|SunEC|EdDSA|java.security.KeyPairGenerator$Delegate
NOT_INSTANTIABLE|KeyPairGenerator|SunEC|EllipticCurve|java.security.NoSuchAlgorithmException:Error constructing KeyPairGenerator for EC using SunEC
NOT_INSTANTIABLE|KeyPairGenerator|SunEC|OID.1.2.840.10045.2.1|java.security.NoSuchAlgorithmException:Error constructing KeyPairGenerator for EC using SunEC
INSTANTIABLE|KeyPairGenerator|SunEC|OID.1.3.101.110|java.security.KeyPairGenerator$Delegate
INSTANTIABLE|KeyPairGenerator|SunEC|OID.1.3.101.111|java.security.KeyPairGenerator$Delegate
INSTANTIABLE|KeyPairGenerator|SunEC|OID.1.3.101.112|java.security.KeyPairGenerator$Delegate
INSTANTIABLE|KeyPairGenerator|SunEC|OID.1.3.101.113|java.security.KeyPairGenerator$Delegate
INSTANTIABLE|KeyPairGenerator|SunEC|X25519|java.security.KeyPairGenerator$Delegate
INSTANTIABLE|KeyPairGenerator|SunEC|X448|java.security.KeyPairGenerator$Delegate
INSTANTIABLE|KeyPairGenerator|SunEC|XDH|java.security.KeyPairGenerator$Delegate
INSTANTIABLE|KeyPairGenerator|SunJCE|1.2.840.113549.1.3.1|java.security.KeyPairGenerator$Delegate
INSTANTIABLE|KeyPairGenerator|SunJCE|DH|java.security.KeyPairGenerator$Delegate
INSTANTIABLE|KeyPairGenerator|SunJCE|DiffieHellman|java.security.KeyPairGenerator$Delegate
INSTANTIABLE|KeyPairGenerator|SunJCE|OID.1.2.840.113549.1.3.1|java.security.KeyPairGenerator$Delegate
INSTANTIABLE|KeyPairGenerator|SunRsaSign|1.2.840.113549.1.1|java.security.KeyPairGenerator$Delegate
INSTANTIABLE|KeyPairGenerator|SunRsaSign|1.2.840.113549.1.1.1|java.security.KeyPairGenerator$Delegate
INSTANTIABLE|KeyPairGenerator|SunRsaSign|1.2.840.113549.1.1.10|java.security.KeyPairGenerator$Delegate
INSTANTIABLE|KeyPairGenerator|SunRsaSign|OID.1.2.840.113549.1.1|java.security.KeyPairGenerator$Delegate
INSTANTIABLE|KeyPairGenerator|SunRsaSign|OID.1.2.840.113549.1.1.10|java.security.KeyPairGenerator$Delegate
INSTANTIABLE|KeyPairGenerator|SunRsaSign|PSS|java.security.KeyPairGenerator$Delegate
INSTANTIABLE|KeyPairGenerator|SunRsaSign|RSA|java.security.KeyPairGenerator$Delegate
INSTANTIABLE|KeyPairGenerator|SunRsaSign|RSASSA-PSS|java.security.KeyPairGenerator$Delegate
INSTANTIABLE|KeyStore|BCFIPS|BCFKS|java.security.KeyStore
INSTANTIABLE|KeyStore|BCFIPS|FIPS|java.security.KeyStore
INSTANTIABLE|KeyStore|BCFIPS|IBCFKS|java.security.KeyStore
INSTANTIABLE|KeyStore|BCFIPS|IFIPS|java.security.KeyStore
INSTANTIABLE|KeyStore|SUN|CaseExactJKS|java.security.KeyStore
INSTANTIABLE|KeyStore|SUN|DKS|java.security.KeyStore
INSTANTIABLE|KeyStore|SUN|JKS|java.security.KeyStore
INSTANTIABLE|KeyStore|SUN|PKCS12|java.security.KeyStore
INSTANTIABLE|KeyStore|SunJCE|JCEKS|java.security.KeyStore
INSTANTIABLE|KeyStore|SunJSSE|PKCS12|java.security.KeyStore
INSTANTIABLE|Mac|BCFIPS|1.2.840.113549.2.10|javax.crypto.Mac
INSTANTIABLE|Mac|BCFIPS|1.2.840.113549.2.11|javax.crypto.Mac
INSTANTIABLE|Mac|BCFIPS|1.2.840.113549.2.7|javax.crypto.Mac
INSTANTIABLE|Mac|BCFIPS|1.2.840.113549.2.8|javax.crypto.Mac
INSTANTIABLE|Mac|BCFIPS|1.2.840.113549.2.9|javax.crypto.Mac
INSTANTIABLE|Mac|BCFIPS|1.3.14.3.2.26|javax.crypto.Mac
INSTANTIABLE|Mac|BCFIPS|1.3.6.1.5.5.8.1.2|javax.crypto.Mac
INSTANTIABLE|Mac|BCFIPS|2.16.840.1.101.3.4.1.27|javax.crypto.Mac
INSTANTIABLE|Mac|BCFIPS|2.16.840.1.101.3.4.1.47|javax.crypto.Mac
INSTANTIABLE|Mac|BCFIPS|2.16.840.1.101.3.4.1.7|javax.crypto.Mac
INSTANTIABLE|Mac|BCFIPS|2.16.840.1.101.3.4.2.1|javax.crypto.Mac
INSTANTIABLE|Mac|BCFIPS|2.16.840.1.101.3.4.2.10|javax.crypto.Mac
INSTANTIABLE|Mac|BCFIPS|2.16.840.1.101.3.4.2.13|javax.crypto.Mac
INSTANTIABLE|Mac|BCFIPS|2.16.840.1.101.3.4.2.14|javax.crypto.Mac
INSTANTIABLE|Mac|BCFIPS|2.16.840.1.101.3.4.2.15|javax.crypto.Mac
INSTANTIABLE|Mac|BCFIPS|2.16.840.1.101.3.4.2.16|javax.crypto.Mac
INSTANTIABLE|Mac|BCFIPS|2.16.840.1.101.3.4.2.19|javax.crypto.Mac
INSTANTIABLE|Mac|BCFIPS|2.16.840.1.101.3.4.2.2|javax.crypto.Mac
INSTANTIABLE|Mac|BCFIPS|2.16.840.1.101.3.4.2.20|javax.crypto.Mac
INSTANTIABLE|Mac|BCFIPS|2.16.840.1.101.3.4.2.3|javax.crypto.Mac
INSTANTIABLE|Mac|BCFIPS|2.16.840.1.101.3.4.2.4|javax.crypto.Mac
INSTANTIABLE|Mac|BCFIPS|2.16.840.1.101.3.4.2.7|javax.crypto.Mac
INSTANTIABLE|Mac|BCFIPS|2.16.840.1.101.3.4.2.8|javax.crypto.Mac
INSTANTIABLE|Mac|BCFIPS|2.16.840.1.101.3.4.2.9|javax.crypto.Mac
INSTANTIABLE|Mac|BCFIPS|AES-CCMMAC|javax.crypto.Mac
INSTANTIABLE|Mac|BCFIPS|AES-CMAC|javax.crypto.Mac
INSTANTIABLE|Mac|BCFIPS|AES-GMAC|javax.crypto.Mac
INSTANTIABLE|Mac|BCFIPS|AESCCMMAC|javax.crypto.Mac
INSTANTIABLE|Mac|BCFIPS|AESCMAC|javax.crypto.Mac
INSTANTIABLE|Mac|BCFIPS|AESGMAC|javax.crypto.Mac
INSTANTIABLE|Mac|BCFIPS|CCM|javax.crypto.Mac
INSTANTIABLE|Mac|BCFIPS|CCMMAC|javax.crypto.Mac
INSTANTIABLE|Mac|BCFIPS|CMAC|javax.crypto.Mac
INSTANTIABLE|Mac|BCFIPS|DESEDE-CMAC|javax.crypto.Mac
INSTANTIABLE|Mac|BCFIPS|DESEDECMAC|javax.crypto.Mac
INSTANTIABLE|Mac|BCFIPS|GMAC|javax.crypto.Mac
INSTANTIABLE|Mac|BCFIPS|HMAC-SHA-1|javax.crypto.Mac
INSTANTIABLE|Mac|BCFIPS|HMAC-SHA-224|javax.crypto.Mac
INSTANTIABLE|Mac|BCFIPS|HMAC-SHA-256|javax.crypto.Mac
INSTANTIABLE|Mac|BCFIPS|HMAC-SHA-384|javax.crypto.Mac
INSTANTIABLE|Mac|BCFIPS|HMAC-SHA-512|javax.crypto.Mac
INSTANTIABLE|Mac|BCFIPS|HMAC-SHA-512(224)|javax.crypto.Mac
INSTANTIABLE|Mac|BCFIPS|HMAC-SHA-512(256)|javax.crypto.Mac
INSTANTIABLE|Mac|BCFIPS|HMAC-SHA1|javax.crypto.Mac
INSTANTIABLE|Mac|BCFIPS|HMAC-SHA224|javax.crypto.Mac
INSTANTIABLE|Mac|BCFIPS|HMAC-SHA256|javax.crypto.Mac
INSTANTIABLE|Mac|BCFIPS|HMAC-SHA3-224|javax.crypto.Mac
INSTANTIABLE|Mac|BCFIPS|HMAC-SHA3-256|javax.crypto.Mac
INSTANTIABLE|Mac|BCFIPS|HMAC-SHA3-384|javax.crypto.Mac
INSTANTIABLE|Mac|BCFIPS|HMAC-SHA3-512|javax.crypto.Mac
INSTANTIABLE|Mac|BCFIPS|HMAC-SHA384|javax.crypto.Mac
INSTANTIABLE|Mac|BCFIPS|HMAC-SHA512|javax.crypto.Mac
INSTANTIABLE|Mac|BCFIPS|HMAC-SHA512(224)|javax.crypto.Mac
INSTANTIABLE|Mac|BCFIPS|HMAC-SHA512(256)|javax.crypto.Mac
INSTANTIABLE|Mac|BCFIPS|HMAC-SHA512/224|javax.crypto.Mac
INSTANTIABLE|Mac|BCFIPS|HMAC-SHA512/256|javax.crypto.Mac
INSTANTIABLE|Mac|BCFIPS|HMAC/SHA-1|javax.crypto.Mac
INSTANTIABLE|Mac|BCFIPS|HMAC/SHA-224|javax.crypto.Mac
INSTANTIABLE|Mac|BCFIPS|HMAC/SHA-256|javax.crypto.Mac
INSTANTIABLE|Mac|BCFIPS|HMAC/SHA-384|javax.crypto.Mac
INSTANTIABLE|Mac|BCFIPS|HMAC/SHA-512|javax.crypto.Mac
INSTANTIABLE|Mac|BCFIPS|HMAC/SHA-512(224)|javax.crypto.Mac
INSTANTIABLE|Mac|BCFIPS|HMAC/SHA-512(256)|javax.crypto.Mac
INSTANTIABLE|Mac|BCFIPS|HMAC/SHA3-224|javax.crypto.Mac
INSTANTIABLE|Mac|BCFIPS|HMAC/SHA3-256|javax.crypto.Mac
INSTANTIABLE|Mac|BCFIPS|HMAC/SHA3-384|javax.crypto.Mac
INSTANTIABLE|Mac|BCFIPS|HMAC/SHA3-512|javax.crypto.Mac
INSTANTIABLE|Mac|BCFIPS|HMAC128SHA-1|javax.crypto.Mac
INSTANTIABLE|Mac|BCFIPS|HMAC128SHA-224|javax.crypto.Mac
INSTANTIABLE|Mac|BCFIPS|HMAC128SHA-256|javax.crypto.Mac
INSTANTIABLE|Mac|BCFIPS|HMAC128SHA-512(224)|javax.crypto.Mac
INSTANTIABLE|Mac|BCFIPS|HMAC128SHA-512(256)|javax.crypto.Mac
INSTANTIABLE|Mac|BCFIPS|HMAC128SHA1|javax.crypto.Mac
INSTANTIABLE|Mac|BCFIPS|HMAC128SHA224|javax.crypto.Mac
INSTANTIABLE|Mac|BCFIPS|HMAC128SHA256|javax.crypto.Mac
INSTANTIABLE|Mac|BCFIPS|HMAC128SHA3-224|javax.crypto.Mac
INSTANTIABLE|Mac|BCFIPS|HMAC128SHA3-256|javax.crypto.Mac
INSTANTIABLE|Mac|BCFIPS|HMAC128SHA512(224)|javax.crypto.Mac
INSTANTIABLE|Mac|BCFIPS|HMAC128SHA512(256)|javax.crypto.Mac
INSTANTIABLE|Mac|BCFIPS|HMAC256SHA-384|javax.crypto.Mac
INSTANTIABLE|Mac|BCFIPS|HMAC256SHA-512|javax.crypto.Mac
INSTANTIABLE|Mac|BCFIPS|HMAC256SHA3-384|javax.crypto.Mac
INSTANTIABLE|Mac|BCFIPS|HMAC256SHA3-512|javax.crypto.Mac
INSTANTIABLE|Mac|BCFIPS|HMAC256SHA384|javax.crypto.Mac
INSTANTIABLE|Mac|BCFIPS|HMAC256SHA512|javax.crypto.Mac
INSTANTIABLE|Mac|BCFIPS|HMACSHA|javax.crypto.Mac
INSTANTIABLE|Mac|BCFIPS|HMACSHA-1|javax.crypto.Mac
INSTANTIABLE|Mac|BCFIPS|HMACSHA-224|javax.crypto.Mac
INSTANTIABLE|Mac|BCFIPS|HMACSHA-256|javax.crypto.Mac
INSTANTIABLE|Mac|BCFIPS|HMACSHA-384|javax.crypto.Mac
INSTANTIABLE|Mac|BCFIPS|HMACSHA-512|javax.crypto.Mac
INSTANTIABLE|Mac|BCFIPS|HMACSHA-512(224)|javax.crypto.Mac
INSTANTIABLE|Mac|BCFIPS|HMACSHA-512(256)|javax.crypto.Mac
INSTANTIABLE|Mac|BCFIPS|HMACSHA1|javax.crypto.Mac
INSTANTIABLE|Mac|BCFIPS|HMACSHA224|javax.crypto.Mac
INSTANTIABLE|Mac|BCFIPS|HMACSHA256|javax.crypto.Mac
INSTANTIABLE|Mac|BCFIPS|HMACSHA3-224|javax.crypto.Mac
INSTANTIABLE|Mac|BCFIPS|HMACSHA3-256|javax.crypto.Mac
INSTANTIABLE|Mac|BCFIPS|HMACSHA3-384|javax.crypto.Mac
INSTANTIABLE|Mac|BCFIPS|HMACSHA3-512|javax.crypto.Mac
INSTANTIABLE|Mac|BCFIPS|HMACSHA384|javax.crypto.Mac
INSTANTIABLE|Mac|BCFIPS|HMACSHA512|javax.crypto.Mac
INSTANTIABLE|Mac|BCFIPS|HMACSHA512(224)|javax.crypto.Mac
INSTANTIABLE|Mac|BCFIPS|HMACSHA512(256)|javax.crypto.Mac
INSTANTIABLE|Mac|BCFIPS|HMACSHA512/224|javax.crypto.Mac
INSTANTIABLE|Mac|BCFIPS|HMACSHA512/256|javax.crypto.Mac
INSTANTIABLE|Mac|BCFIPS|KMAC128|javax.crypto.Mac
INSTANTIABLE|Mac|BCFIPS|KMAC256|javax.crypto.Mac
INSTANTIABLE|Mac|BCFIPS|KMACWITHSHAKE128|javax.crypto.Mac
INSTANTIABLE|Mac|BCFIPS|KMACWITHSHAKE256|javax.crypto.Mac
INSTANTIABLE|Mac|BCFIPS|OID.1.2.840.113549.2.10|javax.crypto.Mac
INSTANTIABLE|Mac|BCFIPS|OID.1.2.840.113549.2.11|javax.crypto.Mac
INSTANTIABLE|Mac|BCFIPS|OID.1.2.840.113549.2.7|javax.crypto.Mac
INSTANTIABLE|Mac|BCFIPS|OID.1.2.840.113549.2.8|javax.crypto.Mac
INSTANTIABLE|Mac|BCFIPS|OID.1.2.840.113549.2.9|javax.crypto.Mac
INSTANTIABLE|Mac|BCFIPS|OID.1.3.14.3.2.26|javax.crypto.Mac
INSTANTIABLE|Mac|BCFIPS|OID.1.3.6.1.5.5.8.1.2|javax.crypto.Mac
INSTANTIABLE|Mac|BCFIPS|OID.2.16.840.1.101.3.4.1.27|javax.crypto.Mac
INSTANTIABLE|Mac|BCFIPS|OID.2.16.840.1.101.3.4.1.47|javax.crypto.Mac
INSTANTIABLE|Mac|BCFIPS|OID.2.16.840.1.101.3.4.1.7|javax.crypto.Mac
INSTANTIABLE|Mac|BCFIPS|OID.2.16.840.1.101.3.4.2.1|javax.crypto.Mac
INSTANTIABLE|Mac|BCFIPS|OID.2.16.840.1.101.3.4.2.10|javax.crypto.Mac
INSTANTIABLE|Mac|BCFIPS|OID.2.16.840.1.101.3.4.2.13|javax.crypto.Mac
INSTANTIABLE|Mac|BCFIPS|OID.2.16.840.1.101.3.4.2.14|javax.crypto.Mac
INSTANTIABLE|Mac|BCFIPS|OID.2.16.840.1.101.3.4.2.15|javax.crypto.Mac
INSTANTIABLE|Mac|BCFIPS|OID.2.16.840.1.101.3.4.2.16|javax.crypto.Mac
INSTANTIABLE|Mac|BCFIPS|OID.2.16.840.1.101.3.4.2.19|javax.crypto.Mac
INSTANTIABLE|Mac|BCFIPS|OID.2.16.840.1.101.3.4.2.2|javax.crypto.Mac
INSTANTIABLE|Mac|BCFIPS|OID.2.16.840.1.101.3.4.2.20|javax.crypto.Mac
INSTANTIABLE|Mac|BCFIPS|OID.2.16.840.1.101.3.4.2.3|javax.crypto.Mac
INSTANTIABLE|Mac|BCFIPS|OID.2.16.840.1.101.3.4.2.4|javax.crypto.Mac
INSTANTIABLE|Mac|BCFIPS|OID.2.16.840.1.101.3.4.2.7|javax.crypto.Mac
INSTANTIABLE|Mac|BCFIPS|OID.2.16.840.1.101.3.4.2.8|javax.crypto.Mac
INSTANTIABLE|Mac|BCFIPS|OID.2.16.840.1.101.3.4.2.9|javax.crypto.Mac
INSTANTIABLE|Mac|SunJCE|1.2.840.113549.2.10|javax.crypto.Mac
INSTANTIABLE|Mac|SunJCE|1.2.840.113549.2.11|javax.crypto.Mac
INSTANTIABLE|Mac|SunJCE|1.2.840.113549.2.12|javax.crypto.Mac
INSTANTIABLE|Mac|SunJCE|1.2.840.113549.2.13|javax.crypto.Mac
INSTANTIABLE|Mac|SunJCE|1.2.840.113549.2.7|javax.crypto.Mac
INSTANTIABLE|Mac|SunJCE|1.2.840.113549.2.8|javax.crypto.Mac
INSTANTIABLE|Mac|SunJCE|1.2.840.113549.2.9|javax.crypto.Mac
INSTANTIABLE|Mac|SunJCE|2.16.840.1.101.3.4.2.13|javax.crypto.Mac
INSTANTIABLE|Mac|SunJCE|2.16.840.1.101.3.4.2.14|javax.crypto.Mac
INSTANTIABLE|Mac|SunJCE|2.16.840.1.101.3.4.2.15|javax.crypto.Mac
INSTANTIABLE|Mac|SunJCE|2.16.840.1.101.3.4.2.16|javax.crypto.Mac
INSTANTIABLE|Mac|SunJCE|HmacMD5|javax.crypto.Mac
INSTANTIABLE|Mac|SunJCE|HmacPBESHA1|javax.crypto.Mac
INSTANTIABLE|Mac|SunJCE|HmacPBESHA224|javax.crypto.Mac
INSTANTIABLE|Mac|SunJCE|HmacPBESHA256|javax.crypto.Mac
INSTANTIABLE|Mac|SunJCE|HmacPBESHA384|javax.crypto.Mac
INSTANTIABLE|Mac|SunJCE|HmacPBESHA512|javax.crypto.Mac
INSTANTIABLE|Mac|SunJCE|HmacPBESHA512/224|javax.crypto.Mac
INSTANTIABLE|Mac|SunJCE|HmacPBESHA512/256|javax.crypto.Mac
INSTANTIABLE|Mac|SunJCE|HmacSHA1|javax.crypto.Mac
INSTANTIABLE|Mac|SunJCE|HmacSHA224|javax.crypto.Mac
INSTANTIABLE|Mac|SunJCE|HmacSHA256|javax.crypto.Mac
INSTANTIABLE|Mac|SunJCE|HmacSHA3-224|javax.crypto.Mac
INSTANTIABLE|Mac|SunJCE|HmacSHA3-256|javax.crypto.Mac
INSTANTIABLE|Mac|SunJCE|HmacSHA3-384|javax.crypto.Mac
INSTANTIABLE|Mac|SunJCE|HmacSHA3-512|javax.crypto.Mac
INSTANTIABLE|Mac|SunJCE|HmacSHA384|javax.crypto.Mac
INSTANTIABLE|Mac|SunJCE|HmacSHA512|javax.crypto.Mac
INSTANTIABLE|Mac|SunJCE|HmacSHA512/224|javax.crypto.Mac
INSTANTIABLE|Mac|SunJCE|HmacSHA512/256|javax.crypto.Mac
INSTANTIABLE|Mac|SunJCE|OID.1.2.840.113549.2.10|javax.crypto.Mac
INSTANTIABLE|Mac|SunJCE|OID.1.2.840.113549.2.11|javax.crypto.Mac
INSTANTIABLE|Mac|SunJCE|OID.1.2.840.113549.2.12|javax.crypto.Mac
INSTANTIABLE|Mac|SunJCE|OID.1.2.840.113549.2.13|javax.crypto.Mac
INSTANTIABLE|Mac|SunJCE|OID.1.2.840.113549.2.7|javax.crypto.Mac
INSTANTIABLE|Mac|SunJCE|OID.1.2.840.113549.2.8|javax.crypto.Mac
INSTANTIABLE|Mac|SunJCE|OID.1.2.840.113549.2.9|javax.crypto.Mac
INSTANTIABLE|Mac|SunJCE|OID.2.16.840.1.101.3.4.2.13|javax.crypto.Mac
INSTANTIABLE|Mac|SunJCE|OID.2.16.840.1.101.3.4.2.14|javax.crypto.Mac
INSTANTIABLE|Mac|SunJCE|OID.2.16.840.1.101.3.4.2.15|javax.crypto.Mac
INSTANTIABLE|Mac|SunJCE|OID.2.16.840.1.101.3.4.2.16|javax.crypto.Mac
INSTANTIABLE|Mac|SunJCE|PBEWithHmacSHA1|javax.crypto.Mac
INSTANTIABLE|Mac|SunJCE|PBEWithHmacSHA224|javax.crypto.Mac
INSTANTIABLE|Mac|SunJCE|PBEWithHmacSHA256|javax.crypto.Mac
INSTANTIABLE|Mac|SunJCE|PBEWithHmacSHA384|javax.crypto.Mac
INSTANTIABLE|Mac|SunJCE|PBEWithHmacSHA512|javax.crypto.Mac
INSTANTIABLE|Mac|SunJCE|PBEWithHmacSHA512/224|javax.crypto.Mac
INSTANTIABLE|Mac|SunJCE|PBEWithHmacSHA512/256|javax.crypto.Mac
INSTANTIABLE|Mac|SunJCE|SslMacMD5|javax.crypto.Mac
INSTANTIABLE|Mac|SunJCE|SslMacSHA1|javax.crypto.Mac
INSTANTIABLE|MessageDigest|BCFIPS|1.3.14.3.2.26|org.bouncycastle.jcajce.provider.BaseMessageDigest
INSTANTIABLE|MessageDigest|BCFIPS|2.16.840.1.101.3.4.2.1|org.bouncycastle.jcajce.provider.BaseMessageDigest
INSTANTIABLE|MessageDigest|BCFIPS|2.16.840.1.101.3.4.2.10|org.bouncycastle.jcajce.provider.BaseMessageDigest
INSTANTIABLE|MessageDigest|BCFIPS|2.16.840.1.101.3.4.2.11|org.bouncycastle.jcajce.provider.BaseMessageDigest
INSTANTIABLE|MessageDigest|BCFIPS|2.16.840.1.101.3.4.2.12|org.bouncycastle.jcajce.provider.BaseMessageDigest
INSTANTIABLE|MessageDigest|BCFIPS|2.16.840.1.101.3.4.2.2|org.bouncycastle.jcajce.provider.BaseMessageDigest
INSTANTIABLE|MessageDigest|BCFIPS|2.16.840.1.101.3.4.2.3|org.bouncycastle.jcajce.provider.BaseMessageDigest
INSTANTIABLE|MessageDigest|BCFIPS|2.16.840.1.101.3.4.2.4|org.bouncycastle.jcajce.provider.BaseMessageDigest
INSTANTIABLE|MessageDigest|BCFIPS|2.16.840.1.101.3.4.2.5|org.bouncycastle.jcajce.provider.BaseMessageDigest
INSTANTIABLE|MessageDigest|BCFIPS|2.16.840.1.101.3.4.2.6|org.bouncycastle.jcajce.provider.BaseMessageDigest
INSTANTIABLE|MessageDigest|BCFIPS|2.16.840.1.101.3.4.2.7|org.bouncycastle.jcajce.provider.BaseMessageDigest
INSTANTIABLE|MessageDigest|BCFIPS|2.16.840.1.101.3.4.2.8|org.bouncycastle.jcajce.provider.BaseMessageDigest
INSTANTIABLE|MessageDigest|BCFIPS|2.16.840.1.101.3.4.2.9|org.bouncycastle.jcajce.provider.BaseMessageDigest
INSTANTIABLE|MessageDigest|BCFIPS|OID.1.3.14.3.2.26|org.bouncycastle.jcajce.provider.BaseMessageDigest
INSTANTIABLE|MessageDigest|BCFIPS|OID.2.16.840.1.101.3.4.2.1|org.bouncycastle.jcajce.provider.BaseMessageDigest
INSTANTIABLE|MessageDigest|BCFIPS|OID.2.16.840.1.101.3.4.2.10|org.bouncycastle.jcajce.provider.BaseMessageDigest
INSTANTIABLE|MessageDigest|BCFIPS|OID.2.16.840.1.101.3.4.2.11|org.bouncycastle.jcajce.provider.BaseMessageDigest
INSTANTIABLE|MessageDigest|BCFIPS|OID.2.16.840.1.101.3.4.2.12|org.bouncycastle.jcajce.provider.BaseMessageDigest
INSTANTIABLE|MessageDigest|BCFIPS|OID.2.16.840.1.101.3.4.2.2|org.bouncycastle.jcajce.provider.BaseMessageDigest
INSTANTIABLE|MessageDigest|BCFIPS|OID.2.16.840.1.101.3.4.2.3|org.bouncycastle.jcajce.provider.BaseMessageDigest
INSTANTIABLE|MessageDigest|BCFIPS|OID.2.16.840.1.101.3.4.2.4|org.bouncycastle.jcajce.provider.BaseMessageDigest
INSTANTIABLE|MessageDigest|BCFIPS|OID.2.16.840.1.101.3.4.2.5|org.bouncycastle.jcajce.provider.BaseMessageDigest
INSTANTIABLE|MessageDigest|BCFIPS|OID.2.16.840.1.101.3.4.2.6|org.bouncycastle.jcajce.provider.BaseMessageDigest
INSTANTIABLE|MessageDigest|BCFIPS|OID.2.16.840.1.101.3.4.2.7|org.bouncycastle.jcajce.provider.BaseMessageDigest
INSTANTIABLE|MessageDigest|BCFIPS|OID.2.16.840.1.101.3.4.2.8|org.bouncycastle.jcajce.provider.BaseMessageDigest
INSTANTIABLE|MessageDigest|BCFIPS|OID.2.16.840.1.101.3.4.2.9|org.bouncycastle.jcajce.provider.BaseMessageDigest
INSTANTIABLE|MessageDigest|BCFIPS|SHA|org.bouncycastle.jcajce.provider.BaseMessageDigest
INSTANTIABLE|MessageDigest|BCFIPS|SHA-1|org.bouncycastle.jcajce.provider.BaseMessageDigest
INSTANTIABLE|MessageDigest|BCFIPS|SHA-224|org.bouncycastle.jcajce.provider.BaseMessageDigest
INSTANTIABLE|MessageDigest|BCFIPS|SHA-256|org.bouncycastle.jcajce.provider.BaseMessageDigest
INSTANTIABLE|MessageDigest|BCFIPS|SHA-384|org.bouncycastle.jcajce.provider.BaseMessageDigest
INSTANTIABLE|MessageDigest|BCFIPS|SHA-512|org.bouncycastle.jcajce.provider.BaseMessageDigest
INSTANTIABLE|MessageDigest|BCFIPS|SHA-512(224)|org.bouncycastle.jcajce.provider.BaseMessageDigest
INSTANTIABLE|MessageDigest|BCFIPS|SHA-512(256)|org.bouncycastle.jcajce.provider.BaseMessageDigest
INSTANTIABLE|MessageDigest|BCFIPS|SHA-512/224|org.bouncycastle.jcajce.provider.BaseMessageDigest
INSTANTIABLE|MessageDigest|BCFIPS|SHA-512/256|org.bouncycastle.jcajce.provider.BaseMessageDigest
INSTANTIABLE|MessageDigest|BCFIPS|SHA1|org.bouncycastle.jcajce.provider.BaseMessageDigest
INSTANTIABLE|MessageDigest|BCFIPS|SHA224|org.bouncycastle.jcajce.provider.BaseMessageDigest
INSTANTIABLE|MessageDigest|BCFIPS|SHA256|org.bouncycastle.jcajce.provider.BaseMessageDigest
INSTANTIABLE|MessageDigest|BCFIPS|SHA3-224|org.bouncycastle.jcajce.provider.BaseMessageDigest
INSTANTIABLE|MessageDigest|BCFIPS|SHA3-256|org.bouncycastle.jcajce.provider.BaseMessageDigest
INSTANTIABLE|MessageDigest|BCFIPS|SHA3-384|org.bouncycastle.jcajce.provider.BaseMessageDigest
INSTANTIABLE|MessageDigest|BCFIPS|SHA3-512|org.bouncycastle.jcajce.provider.BaseMessageDigest
INSTANTIABLE|MessageDigest|BCFIPS|SHA384|org.bouncycastle.jcajce.provider.BaseMessageDigest
INSTANTIABLE|MessageDigest|BCFIPS|SHA512|org.bouncycastle.jcajce.provider.BaseMessageDigest
INSTANTIABLE|MessageDigest|BCFIPS|SHA512(224)|org.bouncycastle.jcajce.provider.BaseMessageDigest
INSTANTIABLE|MessageDigest|BCFIPS|SHA512(256)|org.bouncycastle.jcajce.provider.BaseMessageDigest
INSTANTIABLE|MessageDigest|BCFIPS|SHA512/224|org.bouncycastle.jcajce.provider.BaseMessageDigest
INSTANTIABLE|MessageDigest|BCFIPS|SHA512/256|org.bouncycastle.jcajce.provider.BaseMessageDigest
INSTANTIABLE|MessageDigest|BCFIPS|SHAKE128|org.bouncycastle.jcajce.provider.BaseMessageDigest
INSTANTIABLE|MessageDigest|BCFIPS|SHAKE128-256|org.bouncycastle.jcajce.provider.BaseMessageDigest
INSTANTIABLE|MessageDigest|BCFIPS|SHAKE256|org.bouncycastle.jcajce.provider.BaseMessageDigest
INSTANTIABLE|MessageDigest|BCFIPS|SHAKE256-512|org.bouncycastle.jcajce.provider.BaseMessageDigest
INSTANTIABLE|MessageDigest|SUN|1.2.840.113549.2.2|java.security.MessageDigest$Delegate$CloneableDelegate
INSTANTIABLE|MessageDigest|SUN|1.2.840.113549.2.5|java.security.MessageDigest$Delegate$CloneableDelegate
INSTANTIABLE|MessageDigest|SUN|1.3.14.3.2.26|java.security.MessageDigest$Delegate$CloneableDelegate
INSTANTIABLE|MessageDigest|SUN|2.16.840.1.101.3.4.2.1|java.security.MessageDigest$Delegate$CloneableDelegate
INSTANTIABLE|MessageDigest|SUN|2.16.840.1.101.3.4.2.10|java.security.MessageDigest$Delegate$CloneableDelegate
INSTANTIABLE|MessageDigest|SUN|2.16.840.1.101.3.4.2.2|java.security.MessageDigest$Delegate$CloneableDelegate
INSTANTIABLE|MessageDigest|SUN|2.16.840.1.101.3.4.2.3|java.security.MessageDigest$Delegate$CloneableDelegate
INSTANTIABLE|MessageDigest|SUN|2.16.840.1.101.3.4.2.4|java.security.MessageDigest$Delegate$CloneableDelegate
INSTANTIABLE|MessageDigest|SUN|2.16.840.1.101.3.4.2.5|java.security.MessageDigest$Delegate$CloneableDelegate
INSTANTIABLE|MessageDigest|SUN|2.16.840.1.101.3.4.2.6|java.security.MessageDigest$Delegate$CloneableDelegate
INSTANTIABLE|MessageDigest|SUN|2.16.840.1.101.3.4.2.7|java.security.MessageDigest$Delegate$CloneableDelegate
INSTANTIABLE|MessageDigest|SUN|2.16.840.1.101.3.4.2.8|java.security.MessageDigest$Delegate$CloneableDelegate
INSTANTIABLE|MessageDigest|SUN|2.16.840.1.101.3.4.2.9|java.security.MessageDigest$Delegate$CloneableDelegate
INSTANTIABLE|MessageDigest|SUN|MD2|java.security.MessageDigest$Delegate$CloneableDelegate
INSTANTIABLE|MessageDigest|SUN|MD5|java.security.MessageDigest$Delegate$CloneableDelegate
INSTANTIABLE|MessageDigest|SUN|OID.1.2.840.113549.2.2|java.security.MessageDigest$Delegate$CloneableDelegate
INSTANTIABLE|MessageDigest|SUN|OID.1.2.840.113549.2.5|java.security.MessageDigest$Delegate$CloneableDelegate
INSTANTIABLE|MessageDigest|SUN|OID.1.3.14.3.2.26|java.security.MessageDigest$Delegate$CloneableDelegate
INSTANTIABLE|MessageDigest|SUN|OID.2.16.840.1.101.3.4.2.1|java.security.MessageDigest$Delegate$CloneableDelegate
INSTANTIABLE|MessageDigest|SUN|OID.2.16.840.1.101.3.4.2.10|java.security.MessageDigest$Delegate$CloneableDelegate
INSTANTIABLE|MessageDigest|SUN|OID.2.16.840.1.101.3.4.2.2|java.security.MessageDigest$Delegate$CloneableDelegate
INSTANTIABLE|MessageDigest|SUN|OID.2.16.840.1.101.3.4.2.3|java.security.MessageDigest$Delegate$CloneableDelegate
INSTANTIABLE|MessageDigest|SUN|OID.2.16.840.1.101.3.4.2.4|java.security.MessageDigest$Delegate$CloneableDelegate
INSTANTIABLE|MessageDigest|SUN|OID.2.16.840.1.101.3.4.2.5|java.security.MessageDigest$Delegate$CloneableDelegate
INSTANTIABLE|MessageDigest|SUN|OID.2.16.840.1.101.3.4.2.6|java.security.MessageDigest$Delegate$CloneableDelegate
INSTANTIABLE|MessageDigest|SUN|OID.2.16.840.1.101.3.4.2.7|java.security.MessageDigest$Delegate$CloneableDelegate
INSTANTIABLE|MessageDigest|SUN|OID.2.16.840.1.101.3.4.2.8|java.security.MessageDigest$Delegate$CloneableDelegate
INSTANTIABLE|MessageDigest|SUN|OID.2.16.840.1.101.3.4.2.9|java.security.MessageDigest$Delegate$CloneableDelegate
INSTANTIABLE|MessageDigest|SUN|SHA|java.security.MessageDigest$Delegate$CloneableDelegate
INSTANTIABLE|MessageDigest|SUN|SHA-1|java.security.MessageDigest$Delegate$CloneableDelegate
INSTANTIABLE|MessageDigest|SUN|SHA-224|java.security.MessageDigest$Delegate$CloneableDelegate
INSTANTIABLE|MessageDigest|SUN|SHA-256|java.security.MessageDigest$Delegate$CloneableDelegate
INSTANTIABLE|MessageDigest|SUN|SHA-384|java.security.MessageDigest$Delegate$CloneableDelegate
INSTANTIABLE|MessageDigest|SUN|SHA-512|java.security.MessageDigest$Delegate$CloneableDelegate
INSTANTIABLE|MessageDigest|SUN|SHA-512/224|java.security.MessageDigest$Delegate$CloneableDelegate
INSTANTIABLE|MessageDigest|SUN|SHA-512/256|java.security.MessageDigest$Delegate$CloneableDelegate
INSTANTIABLE|MessageDigest|SUN|SHA1|java.security.MessageDigest$Delegate$CloneableDelegate
INSTANTIABLE|MessageDigest|SUN|SHA224|java.security.MessageDigest$Delegate$CloneableDelegate
INSTANTIABLE|MessageDigest|SUN|SHA256|java.security.MessageDigest$Delegate$CloneableDelegate
INSTANTIABLE|MessageDigest|SUN|SHA3-224|java.security.MessageDigest$Delegate$CloneableDelegate
INSTANTIABLE|MessageDigest|SUN|SHA3-256|java.security.MessageDigest$Delegate$CloneableDelegate
INSTANTIABLE|MessageDigest|SUN|SHA3-384|java.security.MessageDigest$Delegate$CloneableDelegate
INSTANTIABLE|MessageDigest|SUN|SHA3-512|java.security.MessageDigest$Delegate$CloneableDelegate
INSTANTIABLE|MessageDigest|SUN|SHA384|java.security.MessageDigest$Delegate$CloneableDelegate
INSTANTIABLE|MessageDigest|SUN|SHA512|java.security.MessageDigest$Delegate$CloneableDelegate
INSTANTIABLE|MessageDigest|SUN|SHA512/224|java.security.MessageDigest$Delegate$CloneableDelegate
INSTANTIABLE|MessageDigest|SUN|SHA512/256|java.security.MessageDigest$Delegate$CloneableDelegate
INSTANTIABLE|SSLContext|BCJSSE|DEFAULT|javax.net.ssl.SSLContext
INSTANTIABLE|SSLContext|BCJSSE|SSL|javax.net.ssl.SSLContext
INSTANTIABLE|SSLContext|BCJSSE|SSLV3|javax.net.ssl.SSLContext
INSTANTIABLE|SSLContext|BCJSSE|TLS|javax.net.ssl.SSLContext
INSTANTIABLE|SSLContext|BCJSSE|TLSV1|javax.net.ssl.SSLContext
INSTANTIABLE|SSLContext|BCJSSE|TLSV1.1|javax.net.ssl.SSLContext
INSTANTIABLE|SSLContext|BCJSSE|TLSV1.2|javax.net.ssl.SSLContext
INSTANTIABLE|SSLContext|BCJSSE|TLSV1.3|javax.net.ssl.SSLContext
INSTANTIABLE|SSLContext|SunJSSE|DTLS|javax.net.ssl.SSLContext
INSTANTIABLE|SSLContext|SunJSSE|DTLSv1.0|javax.net.ssl.SSLContext
INSTANTIABLE|SSLContext|SunJSSE|DTLSv1.2|javax.net.ssl.SSLContext
INSTANTIABLE|SSLContext|SunJSSE|Default|javax.net.ssl.SSLContext
INSTANTIABLE|SSLContext|SunJSSE|SSL|javax.net.ssl.SSLContext
INSTANTIABLE|SSLContext|SunJSSE|SSLv3|javax.net.ssl.SSLContext
INSTANTIABLE|SSLContext|SunJSSE|TLS|javax.net.ssl.SSLContext
INSTANTIABLE|SSLContext|SunJSSE|TLSv1|javax.net.ssl.SSLContext
INSTANTIABLE|SSLContext|SunJSSE|TLSv1.1|javax.net.ssl.SSLContext
INSTANTIABLE|SSLContext|SunJSSE|TLSv1.2|javax.net.ssl.SSLContext
INSTANTIABLE|SSLContext|SunJSSE|TLSv1.3|javax.net.ssl.SSLContext
INSTANTIABLE|SecretKeyFactory|BCFIPS|1.2.840.113549.1.5.12|javax.crypto.SecretKeyFactory
INSTANTIABLE|SecretKeyFactory|BCFIPS|1.2.840.113549.2.10|javax.crypto.SecretKeyFactory
INSTANTIABLE|SecretKeyFactory|BCFIPS|1.2.840.113549.2.11|javax.crypto.SecretKeyFactory
INSTANTIABLE|SecretKeyFactory|BCFIPS|1.2.840.113549.2.7|javax.crypto.SecretKeyFactory
INSTANTIABLE|SecretKeyFactory|BCFIPS|1.2.840.113549.2.8|javax.crypto.SecretKeyFactory
INSTANTIABLE|SecretKeyFactory|BCFIPS|1.2.840.113549.2.9|javax.crypto.SecretKeyFactory
INSTANTIABLE|SecretKeyFactory|BCFIPS|1.3.14.3.2.17|javax.crypto.SecretKeyFactory
INSTANTIABLE|SecretKeyFactory|BCFIPS|1.3.14.3.2.26|javax.crypto.SecretKeyFactory
INSTANTIABLE|SecretKeyFactory|BCFIPS|1.3.6.1.4.1.11591.4.11|javax.crypto.SecretKeyFactory
INSTANTIABLE|SecretKeyFactory|BCFIPS|1.3.6.1.5.5.8.1.2|javax.crypto.SecretKeyFactory
INSTANTIABLE|SecretKeyFactory|BCFIPS|2.16.840.1.101.3.4.1|javax.crypto.SecretKeyFactory
INSTANTIABLE|SecretKeyFactory|BCFIPS|2.16.840.1.101.3.4.2.1|javax.crypto.SecretKeyFactory
INSTANTIABLE|SecretKeyFactory|BCFIPS|2.16.840.1.101.3.4.2.10|javax.crypto.SecretKeyFactory
INSTANTIABLE|SecretKeyFactory|BCFIPS|2.16.840.1.101.3.4.2.13|javax.crypto.SecretKeyFactory
INSTANTIABLE|SecretKeyFactory|BCFIPS|2.16.840.1.101.3.4.2.14|javax.crypto.SecretKeyFactory
INSTANTIABLE|SecretKeyFactory|BCFIPS|2.16.840.1.101.3.4.2.15|javax.crypto.SecretKeyFactory
INSTANTIABLE|SecretKeyFactory|BCFIPS|2.16.840.1.101.3.4.2.16|javax.crypto.SecretKeyFactory
INSTANTIABLE|SecretKeyFactory|BCFIPS|2.16.840.1.101.3.4.2.2|javax.crypto.SecretKeyFactory
INSTANTIABLE|SecretKeyFactory|BCFIPS|2.16.840.1.101.3.4.2.3|javax.crypto.SecretKeyFactory
INSTANTIABLE|SecretKeyFactory|BCFIPS|2.16.840.1.101.3.4.2.4|javax.crypto.SecretKeyFactory
INSTANTIABLE|SecretKeyFactory|BCFIPS|2.16.840.1.101.3.4.2.7|javax.crypto.SecretKeyFactory
INSTANTIABLE|SecretKeyFactory|BCFIPS|2.16.840.1.101.3.4.2.8|javax.crypto.SecretKeyFactory
INSTANTIABLE|SecretKeyFactory|BCFIPS|2.16.840.1.101.3.4.2.9|javax.crypto.SecretKeyFactory
INSTANTIABLE|SecretKeyFactory|BCFIPS|AES|javax.crypto.SecretKeyFactory
INSTANTIABLE|SecretKeyFactory|BCFIPS|DESEDE|javax.crypto.SecretKeyFactory
INSTANTIABLE|SecretKeyFactory|BCFIPS|HMAC-SHA-1|javax.crypto.SecretKeyFactory
INSTANTIABLE|SecretKeyFactory|BCFIPS|HMAC-SHA-224|javax.crypto.SecretKeyFactory
INSTANTIABLE|SecretKeyFactory|BCFIPS|HMAC-SHA-256|javax.crypto.SecretKeyFactory
INSTANTIABLE|SecretKeyFactory|BCFIPS|HMAC-SHA-384|javax.crypto.SecretKeyFactory
INSTANTIABLE|SecretKeyFactory|BCFIPS|HMAC-SHA-512|javax.crypto.SecretKeyFactory
INSTANTIABLE|SecretKeyFactory|BCFIPS|HMAC-SHA-512(224)|javax.crypto.SecretKeyFactory
INSTANTIABLE|SecretKeyFactory|BCFIPS|HMAC-SHA-512(256)|javax.crypto.SecretKeyFactory
INSTANTIABLE|SecretKeyFactory|BCFIPS|HMAC-SHA1|javax.crypto.SecretKeyFactory
INSTANTIABLE|SecretKeyFactory|BCFIPS|HMAC-SHA224|javax.crypto.SecretKeyFactory
INSTANTIABLE|SecretKeyFactory|BCFIPS|HMAC-SHA256|javax.crypto.SecretKeyFactory
INSTANTIABLE|SecretKeyFactory|BCFIPS|HMAC-SHA3-224|javax.crypto.SecretKeyFactory
INSTANTIABLE|SecretKeyFactory|BCFIPS|HMAC-SHA3-256|javax.crypto.SecretKeyFactory
INSTANTIABLE|SecretKeyFactory|BCFIPS|HMAC-SHA3-384|javax.crypto.SecretKeyFactory
INSTANTIABLE|SecretKeyFactory|BCFIPS|HMAC-SHA3-512|javax.crypto.SecretKeyFactory
INSTANTIABLE|SecretKeyFactory|BCFIPS|HMAC-SHA384|javax.crypto.SecretKeyFactory
INSTANTIABLE|SecretKeyFactory|BCFIPS|HMAC-SHA512|javax.crypto.SecretKeyFactory
INSTANTIABLE|SecretKeyFactory|BCFIPS|HMAC-SHA512(224)|javax.crypto.SecretKeyFactory
INSTANTIABLE|SecretKeyFactory|BCFIPS|HMAC-SHA512(256)|javax.crypto.SecretKeyFactory
INSTANTIABLE|SecretKeyFactory|BCFIPS|HMAC-SHA512/224|javax.crypto.SecretKeyFactory
INSTANTIABLE|SecretKeyFactory|BCFIPS|HMAC-SHA512/256|javax.crypto.SecretKeyFactory
INSTANTIABLE|SecretKeyFactory|BCFIPS|HMAC/SHA-1|javax.crypto.SecretKeyFactory
INSTANTIABLE|SecretKeyFactory|BCFIPS|HMAC/SHA-224|javax.crypto.SecretKeyFactory
INSTANTIABLE|SecretKeyFactory|BCFIPS|HMAC/SHA-256|javax.crypto.SecretKeyFactory
INSTANTIABLE|SecretKeyFactory|BCFIPS|HMAC/SHA-384|javax.crypto.SecretKeyFactory
INSTANTIABLE|SecretKeyFactory|BCFIPS|HMAC/SHA-512|javax.crypto.SecretKeyFactory
INSTANTIABLE|SecretKeyFactory|BCFIPS|HMAC/SHA-512(224)|javax.crypto.SecretKeyFactory
INSTANTIABLE|SecretKeyFactory|BCFIPS|HMAC/SHA-512(256)|javax.crypto.SecretKeyFactory
INSTANTIABLE|SecretKeyFactory|BCFIPS|HMAC/SHA3-224|javax.crypto.SecretKeyFactory
INSTANTIABLE|SecretKeyFactory|BCFIPS|HMAC/SHA3-256|javax.crypto.SecretKeyFactory
INSTANTIABLE|SecretKeyFactory|BCFIPS|HMAC/SHA3-384|javax.crypto.SecretKeyFactory
INSTANTIABLE|SecretKeyFactory|BCFIPS|HMAC/SHA3-512|javax.crypto.SecretKeyFactory
INSTANTIABLE|SecretKeyFactory|BCFIPS|HMACSHA|javax.crypto.SecretKeyFactory
INSTANTIABLE|SecretKeyFactory|BCFIPS|HMACSHA-1|javax.crypto.SecretKeyFactory
INSTANTIABLE|SecretKeyFactory|BCFIPS|HMACSHA-224|javax.crypto.SecretKeyFactory
INSTANTIABLE|SecretKeyFactory|BCFIPS|HMACSHA-256|javax.crypto.SecretKeyFactory
INSTANTIABLE|SecretKeyFactory|BCFIPS|HMACSHA-384|javax.crypto.SecretKeyFactory
INSTANTIABLE|SecretKeyFactory|BCFIPS|HMACSHA-512|javax.crypto.SecretKeyFactory
INSTANTIABLE|SecretKeyFactory|BCFIPS|HMACSHA-512(224)|javax.crypto.SecretKeyFactory
INSTANTIABLE|SecretKeyFactory|BCFIPS|HMACSHA-512(256)|javax.crypto.SecretKeyFactory
INSTANTIABLE|SecretKeyFactory|BCFIPS|HMACSHA1|javax.crypto.SecretKeyFactory
INSTANTIABLE|SecretKeyFactory|BCFIPS|HMACSHA224|javax.crypto.SecretKeyFactory
INSTANTIABLE|SecretKeyFactory|BCFIPS|HMACSHA256|javax.crypto.SecretKeyFactory
INSTANTIABLE|SecretKeyFactory|BCFIPS|HMACSHA3-224|javax.crypto.SecretKeyFactory
INSTANTIABLE|SecretKeyFactory|BCFIPS|HMACSHA3-256|javax.crypto.SecretKeyFactory
INSTANTIABLE|SecretKeyFactory|BCFIPS|HMACSHA3-384|javax.crypto.SecretKeyFactory
INSTANTIABLE|SecretKeyFactory|BCFIPS|HMACSHA3-512|javax.crypto.SecretKeyFactory
INSTANTIABLE|SecretKeyFactory|BCFIPS|HMACSHA384|javax.crypto.SecretKeyFactory
INSTANTIABLE|SecretKeyFactory|BCFIPS|HMACSHA512|javax.crypto.SecretKeyFactory
INSTANTIABLE|SecretKeyFactory|BCFIPS|HMACSHA512(224)|javax.crypto.SecretKeyFactory
INSTANTIABLE|SecretKeyFactory|BCFIPS|HMACSHA512(256)|javax.crypto.SecretKeyFactory
INSTANTIABLE|SecretKeyFactory|BCFIPS|HMACSHA512/224|javax.crypto.SecretKeyFactory
INSTANTIABLE|SecretKeyFactory|BCFIPS|HMACSHA512/256|javax.crypto.SecretKeyFactory
INSTANTIABLE|SecretKeyFactory|BCFIPS|OID.1.2.840.113549.1.5.12|javax.crypto.SecretKeyFactory
INSTANTIABLE|SecretKeyFactory|BCFIPS|OID.1.2.840.113549.2.10|javax.crypto.SecretKeyFactory
INSTANTIABLE|SecretKeyFactory|BCFIPS|OID.1.2.840.113549.2.11|javax.crypto.SecretKeyFactory
INSTANTIABLE|SecretKeyFactory|BCFIPS|OID.1.2.840.113549.2.7|javax.crypto.SecretKeyFactory
INSTANTIABLE|SecretKeyFactory|BCFIPS|OID.1.2.840.113549.2.8|javax.crypto.SecretKeyFactory
INSTANTIABLE|SecretKeyFactory|BCFIPS|OID.1.2.840.113549.2.9|javax.crypto.SecretKeyFactory
INSTANTIABLE|SecretKeyFactory|BCFIPS|OID.1.3.14.3.2.17|javax.crypto.SecretKeyFactory
INSTANTIABLE|SecretKeyFactory|BCFIPS|OID.1.3.14.3.2.26|javax.crypto.SecretKeyFactory
INSTANTIABLE|SecretKeyFactory|BCFIPS|OID.1.3.6.1.4.1.11591.4.11|javax.crypto.SecretKeyFactory
INSTANTIABLE|SecretKeyFactory|BCFIPS|OID.1.3.6.1.5.5.8.1.2|javax.crypto.SecretKeyFactory
INSTANTIABLE|SecretKeyFactory|BCFIPS|OID.2.16.840.1.101.3.4.1|javax.crypto.SecretKeyFactory
INSTANTIABLE|SecretKeyFactory|BCFIPS|OID.2.16.840.1.101.3.4.2.1|javax.crypto.SecretKeyFactory
INSTANTIABLE|SecretKeyFactory|BCFIPS|OID.2.16.840.1.101.3.4.2.10|javax.crypto.SecretKeyFactory
INSTANTIABLE|SecretKeyFactory|BCFIPS|OID.2.16.840.1.101.3.4.2.13|javax.crypto.SecretKeyFactory
INSTANTIABLE|SecretKeyFactory|BCFIPS|OID.2.16.840.1.101.3.4.2.14|javax.crypto.SecretKeyFactory
INSTANTIABLE|SecretKeyFactory|BCFIPS|OID.2.16.840.1.101.3.4.2.15|javax.crypto.SecretKeyFactory
INSTANTIABLE|SecretKeyFactory|BCFIPS|OID.2.16.840.1.101.3.4.2.16|javax.crypto.SecretKeyFactory
INSTANTIABLE|SecretKeyFactory|BCFIPS|OID.2.16.840.1.101.3.4.2.2|javax.crypto.SecretKeyFactory
INSTANTIABLE|SecretKeyFactory|BCFIPS|OID.2.16.840.1.101.3.4.2.3|javax.crypto.SecretKeyFactory
INSTANTIABLE|SecretKeyFactory|BCFIPS|OID.2.16.840.1.101.3.4.2.4|javax.crypto.SecretKeyFactory
INSTANTIABLE|SecretKeyFactory|BCFIPS|OID.2.16.840.1.101.3.4.2.7|javax.crypto.SecretKeyFactory
INSTANTIABLE|SecretKeyFactory|BCFIPS|OID.2.16.840.1.101.3.4.2.8|javax.crypto.SecretKeyFactory
INSTANTIABLE|SecretKeyFactory|BCFIPS|OID.2.16.840.1.101.3.4.2.9|javax.crypto.SecretKeyFactory
INSTANTIABLE|SecretKeyFactory|BCFIPS|PBKDF2|javax.crypto.SecretKeyFactory
INSTANTIABLE|SecretKeyFactory|BCFIPS|PBKDF2WITH8BIT|javax.crypto.SecretKeyFactory
INSTANTIABLE|SecretKeyFactory|BCFIPS|PBKDF2WITHASCII|javax.crypto.SecretKeyFactory
INSTANTIABLE|SecretKeyFactory|BCFIPS|PBKDF2WITHHMACSHA1|javax.crypto.SecretKeyFactory
INSTANTIABLE|SecretKeyFactory|BCFIPS|PBKDF2WITHHMACSHA224|javax.crypto.SecretKeyFactory
INSTANTIABLE|SecretKeyFactory|BCFIPS|PBKDF2WITHHMACSHA256|javax.crypto.SecretKeyFactory
INSTANTIABLE|SecretKeyFactory|BCFIPS|PBKDF2WITHHMACSHA3-224|javax.crypto.SecretKeyFactory
INSTANTIABLE|SecretKeyFactory|BCFIPS|PBKDF2WITHHMACSHA3-256|javax.crypto.SecretKeyFactory
INSTANTIABLE|SecretKeyFactory|BCFIPS|PBKDF2WITHHMACSHA3-384|javax.crypto.SecretKeyFactory
INSTANTIABLE|SecretKeyFactory|BCFIPS|PBKDF2WITHHMACSHA3-512|javax.crypto.SecretKeyFactory
INSTANTIABLE|SecretKeyFactory|BCFIPS|PBKDF2WITHHMACSHA384|javax.crypto.SecretKeyFactory
INSTANTIABLE|SecretKeyFactory|BCFIPS|PBKDF2WITHHMACSHA512|javax.crypto.SecretKeyFactory
INSTANTIABLE|SecretKeyFactory|BCFIPS|PBKDF2WITHUTF8|javax.crypto.SecretKeyFactory
INSTANTIABLE|SecretKeyFactory|BCFIPS|RSA-KAS-KEM|javax.crypto.SecretKeyFactory
INSTANTIABLE|SecretKeyFactory|BCFIPS|RSA-KTS-KEM-KWS|javax.crypto.SecretKeyFactory
INSTANTIABLE|SecretKeyFactory|BCFIPS|RSA-KTS-OAEP|javax.crypto.SecretKeyFactory
INSTANTIABLE|SecretKeyFactory|BCFIPS|SCRYPT|javax.crypto.SecretKeyFactory
INSTANTIABLE|SecretKeyFactory|BCFIPS|SCRYPTWITHUTF8|javax.crypto.SecretKeyFactory
INSTANTIABLE|SecretKeyFactory|BCFIPS|TDEA|javax.crypto.SecretKeyFactory
INSTANTIABLE|SecretKeyFactory|BCFIPS|TRIPLEDES|javax.crypto.SecretKeyFactory
INSTANTIABLE|SecretKeyFactory|SunJCE|1.2.840.113549.1.12.1.1|javax.crypto.SecretKeyFactory
INSTANTIABLE|SecretKeyFactory|SunJCE|1.2.840.113549.1.12.1.2|javax.crypto.SecretKeyFactory
INSTANTIABLE|SecretKeyFactory|SunJCE|1.2.840.113549.1.12.1.3|javax.crypto.SecretKeyFactory
INSTANTIABLE|SecretKeyFactory|SunJCE|1.2.840.113549.1.12.1.5|javax.crypto.SecretKeyFactory
INSTANTIABLE|SecretKeyFactory|SunJCE|1.2.840.113549.1.12.1.6|javax.crypto.SecretKeyFactory
INSTANTIABLE|SecretKeyFactory|SunJCE|1.2.840.113549.1.5.12|javax.crypto.SecretKeyFactory
INSTANTIABLE|SecretKeyFactory|SunJCE|1.2.840.113549.1.5.3|javax.crypto.SecretKeyFactory
INSTANTIABLE|SecretKeyFactory|SunJCE|DES|javax.crypto.SecretKeyFactory
INSTANTIABLE|SecretKeyFactory|SunJCE|DESede|javax.crypto.SecretKeyFactory
INSTANTIABLE|SecretKeyFactory|SunJCE|OID.1.2.840.113549.1.12.1.1|javax.crypto.SecretKeyFactory
INSTANTIABLE|SecretKeyFactory|SunJCE|OID.1.2.840.113549.1.12.1.2|javax.crypto.SecretKeyFactory
INSTANTIABLE|SecretKeyFactory|SunJCE|OID.1.2.840.113549.1.12.1.3|javax.crypto.SecretKeyFactory
INSTANTIABLE|SecretKeyFactory|SunJCE|OID.1.2.840.113549.1.12.1.5|javax.crypto.SecretKeyFactory
INSTANTIABLE|SecretKeyFactory|SunJCE|OID.1.2.840.113549.1.12.1.6|javax.crypto.SecretKeyFactory
INSTANTIABLE|SecretKeyFactory|SunJCE|OID.1.2.840.113549.1.5.12|javax.crypto.SecretKeyFactory
INSTANTIABLE|SecretKeyFactory|SunJCE|OID.1.2.840.113549.1.5.3|javax.crypto.SecretKeyFactory
INSTANTIABLE|SecretKeyFactory|SunJCE|PBE|javax.crypto.SecretKeyFactory
INSTANTIABLE|SecretKeyFactory|SunJCE|PBEWithHmacSHA1AndAES_128|javax.crypto.SecretKeyFactory
INSTANTIABLE|SecretKeyFactory|SunJCE|PBEWithHmacSHA1AndAES_256|javax.crypto.SecretKeyFactory
INSTANTIABLE|SecretKeyFactory|SunJCE|PBEWithHmacSHA224AndAES_128|javax.crypto.SecretKeyFactory
INSTANTIABLE|SecretKeyFactory|SunJCE|PBEWithHmacSHA224AndAES_256|javax.crypto.SecretKeyFactory
INSTANTIABLE|SecretKeyFactory|SunJCE|PBEWithHmacSHA256AndAES_128|javax.crypto.SecretKeyFactory
INSTANTIABLE|SecretKeyFactory|SunJCE|PBEWithHmacSHA256AndAES_256|javax.crypto.SecretKeyFactory
INSTANTIABLE|SecretKeyFactory|SunJCE|PBEWithHmacSHA384AndAES_128|javax.crypto.SecretKeyFactory
INSTANTIABLE|SecretKeyFactory|SunJCE|PBEWithHmacSHA384AndAES_256|javax.crypto.SecretKeyFactory
INSTANTIABLE|SecretKeyFactory|SunJCE|PBEWithHmacSHA512/224AndAES_128|javax.crypto.SecretKeyFactory
INSTANTIABLE|SecretKeyFactory|SunJCE|PBEWithHmacSHA512/224AndAES_256|javax.crypto.SecretKeyFactory
INSTANTIABLE|SecretKeyFactory|SunJCE|PBEWithHmacSHA512/256AndAES_128|javax.crypto.SecretKeyFactory
INSTANTIABLE|SecretKeyFactory|SunJCE|PBEWithHmacSHA512/256AndAES_256|javax.crypto.SecretKeyFactory
INSTANTIABLE|SecretKeyFactory|SunJCE|PBEWithHmacSHA512AndAES_128|javax.crypto.SecretKeyFactory
INSTANTIABLE|SecretKeyFactory|SunJCE|PBEWithHmacSHA512AndAES_256|javax.crypto.SecretKeyFactory
INSTANTIABLE|SecretKeyFactory|SunJCE|PBEWithMD5AndDES|javax.crypto.SecretKeyFactory
INSTANTIABLE|SecretKeyFactory|SunJCE|PBEWithMD5AndTripleDES|javax.crypto.SecretKeyFactory
INSTANTIABLE|SecretKeyFactory|SunJCE|PBEWithSHA1AndDESede|javax.crypto.SecretKeyFactory
INSTANTIABLE|SecretKeyFactory|SunJCE|PBEWithSHA1AndRC2_128|javax.crypto.SecretKeyFactory
INSTANTIABLE|SecretKeyFactory|SunJCE|PBEWithSHA1AndRC2_40|javax.crypto.SecretKeyFactory
INSTANTIABLE|SecretKeyFactory|SunJCE|PBEWithSHA1AndRC4_128|javax.crypto.SecretKeyFactory
INSTANTIABLE|SecretKeyFactory|SunJCE|PBEWithSHA1AndRC4_40|javax.crypto.SecretKeyFactory
INSTANTIABLE|SecretKeyFactory|SunJCE|PBKDF2WithHmacSHA1|javax.crypto.SecretKeyFactory
INSTANTIABLE|SecretKeyFactory|SunJCE|PBKDF2WithHmacSHA224|javax.crypto.SecretKeyFactory
INSTANTIABLE|SecretKeyFactory|SunJCE|PBKDF2WithHmacSHA256|javax.crypto.SecretKeyFactory
INSTANTIABLE|SecretKeyFactory|SunJCE|PBKDF2WithHmacSHA384|javax.crypto.SecretKeyFactory
INSTANTIABLE|SecretKeyFactory|SunJCE|PBKDF2WithHmacSHA512|javax.crypto.SecretKeyFactory
INSTANTIABLE|SecretKeyFactory|SunJCE|PBKDF2WithHmacSHA512/224|javax.crypto.SecretKeyFactory
INSTANTIABLE|SecretKeyFactory|SunJCE|PBKDF2WithHmacSHA512/256|javax.crypto.SecretKeyFactory
INSTANTIABLE|SecretKeyFactory|SunJCE|TripleDES|javax.crypto.SecretKeyFactory
INSTANTIABLE|SecureRandom|BCFIPS|DEFAULT|java.security.SecureRandom
INSTANTIABLE|SecureRandom|BCFIPS|NONCEANDIV|java.security.SecureRandom
INSTANTIABLE|SecureRandom|SUN|DRBG|java.security.SecureRandom
INSTANTIABLE|SecureRandom|SUN|NativePRNG|java.security.SecureRandom
INSTANTIABLE|SecureRandom|SUN|NativePRNGBlocking|java.security.SecureRandom
INSTANTIABLE|SecureRandom|SUN|NativePRNGNonBlocking|java.security.SecureRandom
INSTANTIABLE|SecureRandom|SUN|SHA1PRNG|java.security.SecureRandom
INSTANTIABLE|Signature|BCFIPS|1.2.840.10040.4.1|java.security.Signature$Delegate
INSTANTIABLE|Signature|BCFIPS|1.2.840.10040.4.3|java.security.Signature$Delegate
INSTANTIABLE|Signature|BCFIPS|1.2.840.10045.4.1|java.security.Signature$Delegate
INSTANTIABLE|Signature|BCFIPS|1.2.840.10045.4.3.1|java.security.Signature$Delegate
INSTANTIABLE|Signature|BCFIPS|1.2.840.10045.4.3.2|java.security.Signature$Delegate
INSTANTIABLE|Signature|BCFIPS|1.2.840.10045.4.3.3|java.security.Signature$Delegate
INSTANTIABLE|Signature|BCFIPS|1.2.840.10045.4.3.4|java.security.Signature$Delegate
INSTANTIABLE|Signature|BCFIPS|1.2.840.113549.1.1.10|java.security.Signature$Delegate
INSTANTIABLE|Signature|BCFIPS|1.2.840.113549.1.1.11|java.security.Signature$Delegate
INSTANTIABLE|Signature|BCFIPS|1.2.840.113549.1.1.12|java.security.Signature$Delegate
INSTANTIABLE|Signature|BCFIPS|1.2.840.113549.1.1.13|java.security.Signature$Delegate
INSTANTIABLE|Signature|BCFIPS|1.2.840.113549.1.1.14|java.security.Signature$Delegate
INSTANTIABLE|Signature|BCFIPS|1.2.840.113549.1.1.15|java.security.Signature$Delegate
INSTANTIABLE|Signature|BCFIPS|1.2.840.113549.1.1.16|java.security.Signature$Delegate
INSTANTIABLE|Signature|BCFIPS|1.2.840.113549.1.1.5|java.security.Signature$Delegate
INSTANTIABLE|Signature|BCFIPS|1.2.840.113549.1.9.16.3.17|java.security.Signature$Delegate
INSTANTIABLE|Signature|BCFIPS|1.3.101.112|java.security.Signature$Delegate
INSTANTIABLE|Signature|BCFIPS|1.3.101.113|java.security.Signature$Delegate
INSTANTIABLE|Signature|BCFIPS|1.3.14.3.2.27|java.security.Signature$Delegate
INSTANTIABLE|Signature|BCFIPS|1.3.14.3.2.29|java.security.Signature$Delegate
INSTANTIABLE|Signature|BCFIPS|1.3.36.3.3.2.1|java.security.Signature$Delegate
INSTANTIABLE|Signature|BCFIPS|2.16.840.1.101.3.4.3.1|java.security.Signature$Delegate
INSTANTIABLE|Signature|BCFIPS|2.16.840.1.101.3.4.3.10|java.security.Signature$Delegate
INSTANTIABLE|Signature|BCFIPS|2.16.840.1.101.3.4.3.11|java.security.Signature$Delegate
INSTANTIABLE|Signature|BCFIPS|2.16.840.1.101.3.4.3.12|java.security.Signature$Delegate
INSTANTIABLE|Signature|BCFIPS|2.16.840.1.101.3.4.3.13|java.security.Signature$Delegate
INSTANTIABLE|Signature|BCFIPS|2.16.840.1.101.3.4.3.14|java.security.Signature$Delegate
INSTANTIABLE|Signature|BCFIPS|2.16.840.1.101.3.4.3.15|java.security.Signature$Delegate
INSTANTIABLE|Signature|BCFIPS|2.16.840.1.101.3.4.3.16|java.security.Signature$Delegate
INSTANTIABLE|Signature|BCFIPS|2.16.840.1.101.3.4.3.2|java.security.Signature$Delegate
INSTANTIABLE|Signature|BCFIPS|2.16.840.1.101.3.4.3.3|java.security.Signature$Delegate
INSTANTIABLE|Signature|BCFIPS|2.16.840.1.101.3.4.3.4|java.security.Signature$Delegate
INSTANTIABLE|Signature|BCFIPS|2.16.840.1.101.3.4.3.5|java.security.Signature$Delegate
INSTANTIABLE|Signature|BCFIPS|2.16.840.1.101.3.4.3.6|java.security.Signature$Delegate
INSTANTIABLE|Signature|BCFIPS|2.16.840.1.101.3.4.3.7|java.security.Signature$Delegate
INSTANTIABLE|Signature|BCFIPS|2.16.840.1.101.3.4.3.8|java.security.Signature$Delegate
INSTANTIABLE|Signature|BCFIPS|2.16.840.1.101.3.4.3.9|java.security.Signature$Delegate
INSTANTIABLE|Signature|BCFIPS|DETECDSA|java.security.Signature$Delegate
INSTANTIABLE|Signature|BCFIPS|DSA|java.security.Signature$Delegate
INSTANTIABLE|Signature|BCFIPS|ECDDSA|java.security.Signature$Delegate
INSTANTIABLE|Signature|BCFIPS|ECDSA|java.security.Signature$Delegate
INSTANTIABLE|Signature|BCFIPS|ED25519|java.security.Signature$Delegate
INSTANTIABLE|Signature|BCFIPS|ED25519PH|java.security.Signature$Delegate
INSTANTIABLE|Signature|BCFIPS|ED448|java.security.Signature$Delegate
INSTANTIABLE|Signature|BCFIPS|ED448PH|java.security.Signature$Delegate
INSTANTIABLE|Signature|BCFIPS|EDDSA|java.security.Signature$Delegate
INSTANTIABLE|Signature|BCFIPS|EDDSAPH|java.security.Signature$Delegate
INSTANTIABLE|Signature|BCFIPS|LMS|java.security.Signature$Delegate
INSTANTIABLE|Signature|BCFIPS|NONEWITHDSA|java.security.Signature$Delegate
INSTANTIABLE|Signature|BCFIPS|NONEWITHECDSA|java.security.Signature$Delegate
INSTANTIABLE|Signature|BCFIPS|NONEWITHRSA|java.security.Signature$Delegate
INSTANTIABLE|Signature|BCFIPS|OID.1.2.840.10040.4.1|java.security.Signature$Delegate
INSTANTIABLE|Signature|BCFIPS|OID.1.2.840.10040.4.3|java.security.Signature$Delegate
INSTANTIABLE|Signature|BCFIPS|OID.1.2.840.10045.4.1|java.security.Signature$Delegate
INSTANTIABLE|Signature|BCFIPS|OID.1.2.840.10045.4.3.1|java.security.Signature$Delegate
INSTANTIABLE|Signature|BCFIPS|OID.1.2.840.10045.4.3.2|java.security.Signature$Delegate
INSTANTIABLE|Signature|BCFIPS|OID.1.2.840.10045.4.3.3|java.security.Signature$Delegate
INSTANTIABLE|Signature|BCFIPS|OID.1.2.840.10045.4.3.4|java.security.Signature$Delegate
INSTANTIABLE|Signature|BCFIPS|OID.1.2.840.113549.1.1.10|java.security.Signature$Delegate
INSTANTIABLE|Signature|BCFIPS|OID.1.2.840.113549.1.1.11|java.security.Signature$Delegate
INSTANTIABLE|Signature|BCFIPS|OID.1.2.840.113549.1.1.12|java.security.Signature$Delegate
INSTANTIABLE|Signature|BCFIPS|OID.1.2.840.113549.1.1.13|java.security.Signature$Delegate
INSTANTIABLE|Signature|BCFIPS|OID.1.2.840.113549.1.1.14|java.security.Signature$Delegate
INSTANTIABLE|Signature|BCFIPS|OID.1.2.840.113549.1.1.15|java.security.Signature$Delegate
INSTANTIABLE|Signature|BCFIPS|OID.1.2.840.113549.1.1.16|java.security.Signature$Delegate
INSTANTIABLE|Signature|BCFIPS|OID.1.2.840.113549.1.1.5|java.security.Signature$Delegate
INSTANTIABLE|Signature|BCFIPS|OID.1.2.840.113549.1.9.16.3.17|java.security.Signature$Delegate
INSTANTIABLE|Signature|BCFIPS|OID.1.3.101.112|java.security.Signature$Delegate
INSTANTIABLE|Signature|BCFIPS|OID.1.3.101.113|java.security.Signature$Delegate
INSTANTIABLE|Signature|BCFIPS|OID.1.3.14.3.2.27|java.security.Signature$Delegate
INSTANTIABLE|Signature|BCFIPS|OID.1.3.14.3.2.29|java.security.Signature$Delegate
INSTANTIABLE|Signature|BCFIPS|OID.1.3.36.3.3.2.1|java.security.Signature$Delegate
INSTANTIABLE|Signature|BCFIPS|OID.2.16.840.1.101.3.4.3.1|java.security.Signature$Delegate
INSTANTIABLE|Signature|BCFIPS|OID.2.16.840.1.101.3.4.3.10|java.security.Signature$Delegate
INSTANTIABLE|Signature|BCFIPS|OID.2.16.840.1.101.3.4.3.11|java.security.Signature$Delegate
INSTANTIABLE|Signature|BCFIPS|OID.2.16.840.1.101.3.4.3.12|java.security.Signature$Delegate
INSTANTIABLE|Signature|BCFIPS|OID.2.16.840.1.101.3.4.3.13|java.security.Signature$Delegate
INSTANTIABLE|Signature|BCFIPS|OID.2.16.840.1.101.3.4.3.14|java.security.Signature$Delegate
INSTANTIABLE|Signature|BCFIPS|OID.2.16.840.1.101.3.4.3.15|java.security.Signature$Delegate
INSTANTIABLE|Signature|BCFIPS|OID.2.16.840.1.101.3.4.3.16|java.security.Signature$Delegate
INSTANTIABLE|Signature|BCFIPS|OID.2.16.840.1.101.3.4.3.2|java.security.Signature$Delegate
INSTANTIABLE|Signature|BCFIPS|OID.2.16.840.1.101.3.4.3.3|java.security.Signature$Delegate
INSTANTIABLE|Signature|BCFIPS|OID.2.16.840.1.101.3.4.3.4|java.security.Signature$Delegate
INSTANTIABLE|Signature|BCFIPS|OID.2.16.840.1.101.3.4.3.5|java.security.Signature$Delegate
INSTANTIABLE|Signature|BCFIPS|OID.2.16.840.1.101.3.4.3.6|java.security.Signature$Delegate
INSTANTIABLE|Signature|BCFIPS|OID.2.16.840.1.101.3.4.3.7|java.security.Signature$Delegate
INSTANTIABLE|Signature|BCFIPS|OID.2.16.840.1.101.3.4.3.8|java.security.Signature$Delegate
INSTANTIABLE|Signature|BCFIPS|OID.2.16.840.1.101.3.4.3.9|java.security.Signature$Delegate
INSTANTIABLE|Signature|BCFIPS|PSS|java.security.Signature$Delegate
INSTANTIABLE|Signature|BCFIPS|RAWDSA|java.security.Signature$Delegate
INSTANTIABLE|Signature|BCFIPS|RAWECDSA|java.security.Signature$Delegate
INSTANTIABLE|Signature|BCFIPS|RAWRSA|java.security.Signature$Delegate
INSTANTIABLE|Signature|BCFIPS|RSA-PSS|java.security.Signature$Delegate
INSTANTIABLE|Signature|BCFIPS|RSAPSS|java.security.Signature$Delegate
INSTANTIABLE|Signature|BCFIPS|RSASSA-PSS|java.security.Signature$Delegate
INSTANTIABLE|Signature|BCFIPS|SHA1/DSA|java.security.Signature$Delegate
INSTANTIABLE|Signature|BCFIPS|SHA1/ECDSA|java.security.Signature$Delegate
INSTANTIABLE|Signature|BCFIPS|SHA1/RSA|java.security.Signature$Delegate
INSTANTIABLE|Signature|BCFIPS|SHA1WITHDETECDSA|java.security.Signature$Delegate
INSTANTIABLE|Signature|BCFIPS|SHA1WITHDSA|java.security.Signature$Delegate
INSTANTIABLE|Signature|BCFIPS|SHA1WITHECDDSA|java.security.Signature$Delegate
INSTANTIABLE|Signature|BCFIPS|SHA1WITHECDSA|java.security.Signature$Delegate
INSTANTIABLE|Signature|BCFIPS|SHA1WITHRSA|java.security.Signature$Delegate
INSTANTIABLE|Signature|BCFIPS|SHA1WITHRSA/PSS|java.security.Signature$Delegate
INSTANTIABLE|Signature|BCFIPS|SHA1WITHRSA/X9.31|java.security.Signature$Delegate
INSTANTIABLE|Signature|BCFIPS|SHA1WITHRSAANDMGF1|java.security.Signature$Delegate
INSTANTIABLE|Signature|BCFIPS|SHA1WITHRSAANDSHAKE128|java.security.Signature$Delegate
INSTANTIABLE|Signature|BCFIPS|SHA1WITHRSAANDSHAKE256|java.security.Signature$Delegate
INSTANTIABLE|Signature|BCFIPS|SHA1WITHRSAENCRYPTION|java.security.Signature$Delegate
INSTANTIABLE|Signature|BCFIPS|SHA1WITHRSASSA-PSS|java.security.Signature$Delegate
INSTANTIABLE|Signature|BCFIPS|SHA224/DSA|java.security.Signature$Delegate
INSTANTIABLE|Signature|BCFIPS|SHA224/ECDSA|java.security.Signature$Delegate
INSTANTIABLE|Signature|BCFIPS|SHA224/RSA|java.security.Signature$Delegate
INSTANTIABLE|Signature|BCFIPS|SHA224WITHDETECDSA|java.security.Signature$Delegate
INSTANTIABLE|Signature|BCFIPS|SHA224WITHDSA|java.security.Signature$Delegate
INSTANTIABLE|Signature|BCFIPS|SHA224WITHECDDSA|java.security.Signature$Delegate
INSTANTIABLE|Signature|BCFIPS|SHA224WITHECDSA|java.security.Signature$Delegate
INSTANTIABLE|Signature|BCFIPS|SHA224WITHRSA|java.security.Signature$Delegate
INSTANTIABLE|Signature|BCFIPS|SHA224WITHRSA/PSS|java.security.Signature$Delegate
INSTANTIABLE|Signature|BCFIPS|SHA224WITHRSA/X9.31|java.security.Signature$Delegate
INSTANTIABLE|Signature|BCFIPS|SHA224WITHRSAANDMGF1|java.security.Signature$Delegate
INSTANTIABLE|Signature|BCFIPS|SHA224WITHRSAANDSHAKE128|java.security.Signature$Delegate
INSTANTIABLE|Signature|BCFIPS|SHA224WITHRSAANDSHAKE256|java.security.Signature$Delegate
INSTANTIABLE|Signature|BCFIPS|SHA224WITHRSAENCRYPTION|java.security.Signature$Delegate
INSTANTIABLE|Signature|BCFIPS|SHA224WITHRSASSA-PSS|java.security.Signature$Delegate
INSTANTIABLE|Signature|BCFIPS|SHA256/DSA|java.security.Signature$Delegate
INSTANTIABLE|Signature|BCFIPS|SHA256/ECDSA|java.security.Signature$Delegate
INSTANTIABLE|Signature|BCFIPS|SHA256/RSA|java.security.Signature$Delegate
INSTANTIABLE|Signature|BCFIPS|SHA256WITHDETECDSA|java.security.Signature$Delegate
INSTANTIABLE|Signature|BCFIPS|SHA256WITHDSA|java.security.Signature$Delegate
INSTANTIABLE|Signature|BCFIPS|SHA256WITHECDDSA|java.security.Signature$Delegate
INSTANTIABLE|Signature|BCFIPS|SHA256WITHECDSA|java.security.Signature$Delegate
INSTANTIABLE|Signature|BCFIPS|SHA256WITHRSA|java.security.Signature$Delegate
INSTANTIABLE|Signature|BCFIPS|SHA256WITHRSA/PSS|java.security.Signature$Delegate
INSTANTIABLE|Signature|BCFIPS|SHA256WITHRSA/X9.31|java.security.Signature$Delegate
INSTANTIABLE|Signature|BCFIPS|SHA256WITHRSAANDMGF1|java.security.Signature$Delegate
INSTANTIABLE|Signature|BCFIPS|SHA256WITHRSAANDSHAKE128|java.security.Signature$Delegate
INSTANTIABLE|Signature|BCFIPS|SHA256WITHRSAANDSHAKE256|java.security.Signature$Delegate
INSTANTIABLE|Signature|BCFIPS|SHA256WITHRSAENCRYPTION|java.security.Signature$Delegate
INSTANTIABLE|Signature|BCFIPS|SHA256WITHRSASSA-PSS|java.security.Signature$Delegate
INSTANTIABLE|Signature|BCFIPS|SHA3-224/DSA|java.security.Signature$Delegate
INSTANTIABLE|Signature|BCFIPS|SHA3-224/ECDSA|java.security.Signature$Delegate
INSTANTIABLE|Signature|BCFIPS|SHA3-224/RSA|java.security.Signature$Delegate
INSTANTIABLE|Signature|BCFIPS|SHA3-224WITHDETECDSA|java.security.Signature$Delegate
INSTANTIABLE|Signature|BCFIPS|SHA3-224WITHDSA|java.security.Signature$Delegate
INSTANTIABLE|Signature|BCFIPS|SHA3-224WITHECDDSA|java.security.Signature$Delegate
INSTANTIABLE|Signature|BCFIPS|SHA3-224WITHECDSA|java.security.Signature$Delegate
INSTANTIABLE|Signature|BCFIPS|SHA3-224WITHRSA|java.security.Signature$Delegate
INSTANTIABLE|Signature|BCFIPS|SHA3-224WITHRSA/PSS|java.security.Signature$Delegate
INSTANTIABLE|Signature|BCFIPS|SHA3-224WITHRSAANDMGF1|java.security.Signature$Delegate
INSTANTIABLE|Signature|BCFIPS|SHA3-224WITHRSAANDSHAKE128|java.security.Signature$Delegate
INSTANTIABLE|Signature|BCFIPS|SHA3-224WITHRSAANDSHAKE256|java.security.Signature$Delegate
INSTANTIABLE|Signature|BCFIPS|SHA3-224WITHRSAENCRYPTION|java.security.Signature$Delegate
INSTANTIABLE|Signature|BCFIPS|SHA3-224WITHRSASSA-PSS|java.security.Signature$Delegate
INSTANTIABLE|Signature|BCFIPS|SHA3-256/DSA|java.security.Signature$Delegate
INSTANTIABLE|Signature|BCFIPS|SHA3-256/ECDSA|java.security.Signature$Delegate
INSTANTIABLE|Signature|BCFIPS|SHA3-256/RSA|java.security.Signature$Delegate
INSTANTIABLE|Signature|BCFIPS|SHA3-256WITHDETECDSA|java.security.Signature$Delegate
INSTANTIABLE|Signature|BCFIPS|SHA3-256WITHDSA|java.security.Signature$Delegate
INSTANTIABLE|Signature|BCFIPS|SHA3-256WITHECDDSA|java.security.Signature$Delegate
INSTANTIABLE|Signature|BCFIPS|SHA3-256WITHECDSA|java.security.Signature$Delegate
INSTANTIABLE|Signature|BCFIPS|SHA3-256WITHRSA|java.security.Signature$Delegate
INSTANTIABLE|Signature|BCFIPS|SHA3-256WITHRSA/PSS|java.security.Signature$Delegate
INSTANTIABLE|Signature|BCFIPS|SHA3-256WITHRSAANDMGF1|java.security.Signature$Delegate
INSTANTIABLE|Signature|BCFIPS|SHA3-256WITHRSAANDSHAKE128|java.security.Signature$Delegate
INSTANTIABLE|Signature|BCFIPS|SHA3-256WITHRSAANDSHAKE256|java.security.Signature$Delegate
INSTANTIABLE|Signature|BCFIPS|SHA3-256WITHRSAENCRYPTION|java.security.Signature$Delegate
INSTANTIABLE|Signature|BCFIPS|SHA3-256WITHRSASSA-PSS|java.security.Signature$Delegate
INSTANTIABLE|Signature|BCFIPS|SHA3-384/DSA|java.security.Signature$Delegate
INSTANTIABLE|Signature|BCFIPS|SHA3-384/ECDSA|java.security.Signature$Delegate
INSTANTIABLE|Signature|BCFIPS|SHA3-384/RSA|java.security.Signature$Delegate
INSTANTIABLE|Signature|BCFIPS|SHA3-384WITHDETECDSA|java.security.Signature$Delegate
INSTANTIABLE|Signature|BCFIPS|SHA3-384WITHDSA|java.security.Signature$Delegate
INSTANTIABLE|Signature|BCFIPS|SHA3-384WITHECDDSA|java.security.Signature$Delegate
INSTANTIABLE|Signature|BCFIPS|SHA3-384WITHECDSA|java.security.Signature$Delegate
INSTANTIABLE|Signature|BCFIPS|SHA3-384WITHRSA|java.security.Signature$Delegate
INSTANTIABLE|Signature|BCFIPS|SHA3-384WITHRSA/PSS|java.security.Signature$Delegate
INSTANTIABLE|Signature|BCFIPS|SHA3-384WITHRSAANDMGF1|java.security.Signature$Delegate
INSTANTIABLE|Signature|BCFIPS|SHA3-384WITHRSAANDSHAKE128|java.security.Signature$Delegate
INSTANTIABLE|Signature|BCFIPS|SHA3-384WITHRSAANDSHAKE256|java.security.Signature$Delegate
INSTANTIABLE|Signature|BCFIPS|SHA3-384WITHRSAENCRYPTION|java.security.Signature$Delegate
INSTANTIABLE|Signature|BCFIPS|SHA3-384WITHRSASSA-PSS|java.security.Signature$Delegate
INSTANTIABLE|Signature|BCFIPS|SHA3-512/DSA|java.security.Signature$Delegate
INSTANTIABLE|Signature|BCFIPS|SHA3-512/ECDSA|java.security.Signature$Delegate
INSTANTIABLE|Signature|BCFIPS|SHA3-512/RSA|java.security.Signature$Delegate
INSTANTIABLE|Signature|BCFIPS|SHA3-512WITHDETECDSA|java.security.Signature$Delegate
INSTANTIABLE|Signature|BCFIPS|SHA3-512WITHDSA|java.security.Signature$Delegate
INSTANTIABLE|Signature|BCFIPS|SHA3-512WITHECDDSA|java.security.Signature$Delegate
INSTANTIABLE|Signature|BCFIPS|SHA3-512WITHECDSA|java.security.Signature$Delegate
INSTANTIABLE|Signature|BCFIPS|SHA3-512WITHRSA|java.security.Signature$Delegate
INSTANTIABLE|Signature|BCFIPS|SHA3-512WITHRSA/PSS|java.security.Signature$Delegate
INSTANTIABLE|Signature|BCFIPS|SHA3-512WITHRSAANDMGF1|java.security.Signature$Delegate
INSTANTIABLE|Signature|BCFIPS|SHA3-512WITHRSAANDSHAKE128|java.security.Signature$Delegate
INSTANTIABLE|Signature|BCFIPS|SHA3-512WITHRSAANDSHAKE256|java.security.Signature$Delegate
INSTANTIABLE|Signature|BCFIPS|SHA3-512WITHRSAENCRYPTION|java.security.Signature$Delegate
INSTANTIABLE|Signature|BCFIPS|SHA3-512WITHRSASSA-PSS|java.security.Signature$Delegate
INSTANTIABLE|Signature|BCFIPS|SHA384/DSA|java.security.Signature$Delegate
INSTANTIABLE|Signature|BCFIPS|SHA384/ECDSA|java.security.Signature$Delegate
INSTANTIABLE|Signature|BCFIPS|SHA384/RSA|java.security.Signature$Delegate
INSTANTIABLE|Signature|BCFIPS|SHA384WITHDETECDSA|java.security.Signature$Delegate
INSTANTIABLE|Signature|BCFIPS|SHA384WITHDSA|java.security.Signature$Delegate
INSTANTIABLE|Signature|BCFIPS|SHA384WITHECDDSA|java.security.Signature$Delegate
INSTANTIABLE|Signature|BCFIPS|SHA384WITHECDSA|java.security.Signature$Delegate
INSTANTIABLE|Signature|BCFIPS|SHA384WITHRSA|java.security.Signature$Delegate
INSTANTIABLE|Signature|BCFIPS|SHA384WITHRSA/PSS|java.security.Signature$Delegate
INSTANTIABLE|Signature|BCFIPS|SHA384WITHRSA/X9.31|java.security.Signature$Delegate
INSTANTIABLE|Signature|BCFIPS|SHA384WITHRSAANDMGF1|java.security.Signature$Delegate
INSTANTIABLE|Signature|BCFIPS|SHA384WITHRSAANDSHAKE128|java.security.Signature$Delegate
INSTANTIABLE|Signature|BCFIPS|SHA384WITHRSAANDSHAKE256|java.security.Signature$Delegate
INSTANTIABLE|Signature|BCFIPS|SHA384WITHRSAENCRYPTION|java.security.Signature$Delegate
INSTANTIABLE|Signature|BCFIPS|SHA384WITHRSASSA-PSS|java.security.Signature$Delegate
INSTANTIABLE|Signature|BCFIPS|SHA512(224)/DSA|java.security.Signature$Delegate
INSTANTIABLE|Signature|BCFIPS|SHA512(224)/ECDSA|java.security.Signature$Delegate
INSTANTIABLE|Signature|BCFIPS|SHA512(224)/RSA|java.security.Signature$Delegate
INSTANTIABLE|Signature|BCFIPS|SHA512(224)WITHDETECDSA|java.security.Signature$Delegate
INSTANTIABLE|Signature|BCFIPS|SHA512(224)WITHDSA|java.security.Signature$Delegate
INSTANTIABLE|Signature|BCFIPS|SHA512(224)WITHECDDSA|java.security.Signature$Delegate
INSTANTIABLE|Signature|BCFIPS|SHA512(224)WITHECDSA|java.security.Signature$Delegate
INSTANTIABLE|Signature|BCFIPS|SHA512(224)WITHRSA|java.security.Signature$Delegate
INSTANTIABLE|Signature|BCFIPS|SHA512(224)WITHRSA/PSS|java.security.Signature$Delegate
INSTANTIABLE|Signature|BCFIPS|SHA512(224)WITHRSA/X9.31|java.security.Signature$Delegate
INSTANTIABLE|Signature|BCFIPS|SHA512(224)WITHRSAANDMGF1|java.security.Signature$Delegate
INSTANTIABLE|Signature|BCFIPS|SHA512(224)WITHRSAANDSHAKE128|java.security.Signature$Delegate
INSTANTIABLE|Signature|BCFIPS|SHA512(224)WITHRSAANDSHAKE256|java.security.Signature$Delegate
INSTANTIABLE|Signature|BCFIPS|SHA512(224)WITHRSAENCRYPTION|java.security.Signature$Delegate
INSTANTIABLE|Signature|BCFIPS|SHA512(224)WITHRSASSA-PSS|java.security.Signature$Delegate
INSTANTIABLE|Signature|BCFIPS|SHA512(256)/DSA|java.security.Signature$Delegate
INSTANTIABLE|Signature|BCFIPS|SHA512(256)/ECDSA|java.security.Signature$Delegate
INSTANTIABLE|Signature|BCFIPS|SHA512(256)/RSA|java.security.Signature$Delegate
INSTANTIABLE|Signature|BCFIPS|SHA512(256)WITHDETECDSA|java.security.Signature$Delegate
INSTANTIABLE|Signature|BCFIPS|SHA512(256)WITHDSA|java.security.Signature$Delegate
INSTANTIABLE|Signature|BCFIPS|SHA512(256)WITHECDDSA|java.security.Signature$Delegate
INSTANTIABLE|Signature|BCFIPS|SHA512(256)WITHECDSA|java.security.Signature$Delegate
INSTANTIABLE|Signature|BCFIPS|SHA512(256)WITHRSA|java.security.Signature$Delegate
INSTANTIABLE|Signature|BCFIPS|SHA512(256)WITHRSA/PSS|java.security.Signature$Delegate
INSTANTIABLE|Signature|BCFIPS|SHA512(256)WITHRSA/X9.31|java.security.Signature$Delegate
INSTANTIABLE|Signature|BCFIPS|SHA512(256)WITHRSAANDMGF1|java.security.Signature$Delegate
INSTANTIABLE|Signature|BCFIPS|SHA512(256)WITHRSAANDSHAKE128|java.security.Signature$Delegate
INSTANTIABLE|Signature|BCFIPS|SHA512(256)WITHRSAANDSHAKE256|java.security.Signature$Delegate
INSTANTIABLE|Signature|BCFIPS|SHA512(256)WITHRSAENCRYPTION|java.security.Signature$Delegate
INSTANTIABLE|Signature|BCFIPS|SHA512(256)WITHRSASSA-PSS|java.security.Signature$Delegate
INSTANTIABLE|Signature|BCFIPS|SHA512/DSA|java.security.Signature$Delegate
INSTANTIABLE|Signature|BCFIPS|SHA512/ECDSA|java.security.Signature$Delegate
INSTANTIABLE|Signature|BCFIPS|SHA512/RSA|java.security.Signature$Delegate
INSTANTIABLE|Signature|BCFIPS|SHA512WITHDETECDSA|java.security.Signature$Delegate
INSTANTIABLE|Signature|BCFIPS|SHA512WITHDSA|java.security.Signature$Delegate
INSTANTIABLE|Signature|BCFIPS|SHA512WITHECDDSA|java.security.Signature$Delegate
INSTANTIABLE|Signature|BCFIPS|SHA512WITHECDSA|java.security.Signature$Delegate
INSTANTIABLE|Signature|BCFIPS|SHA512WITHRSA|java.security.Signature$Delegate
INSTANTIABLE|Signature|BCFIPS|SHA512WITHRSA/PSS|java.security.Signature$Delegate
INSTANTIABLE|Signature|BCFIPS|SHA512WITHRSA/X9.31|java.security.Signature$Delegate
INSTANTIABLE|Signature|BCFIPS|SHA512WITHRSAANDMGF1|java.security.Signature$Delegate
INSTANTIABLE|Signature|BCFIPS|SHA512WITHRSAANDSHAKE128|java.security.Signature$Delegate
INSTANTIABLE|Signature|BCFIPS|SHA512WITHRSAANDSHAKE256|java.security.Signature$Delegate
INSTANTIABLE|Signature|BCFIPS|SHA512WITHRSAENCRYPTION|java.security.Signature$Delegate
INSTANTIABLE|Signature|BCFIPS|SHA512WITHRSASSA-PSS|java.security.Signature$Delegate
INSTANTIABLE|Signature|BCFIPS|SHAKE128WITHRSA/PSS|java.security.Signature$Delegate
INSTANTIABLE|Signature|BCFIPS|SHAKE128WITHRSASSA-PSS|java.security.Signature$Delegate
INSTANTIABLE|Signature|BCFIPS|SHAKE256WITHRSA/PSS|java.security.Signature$Delegate
INSTANTIABLE|Signature|BCFIPS|SHAKE256WITHRSASSA-PSS|java.security.Signature$Delegate
INSTANTIABLE|Signature|SUN|1.2.840.10040.4.3|java.security.Signature$Delegate
INSTANTIABLE|Signature|SUN|1.2.840.113549.1.9.16.3.17|java.security.Signature$Delegate
INSTANTIABLE|Signature|SUN|1.3.14.3.2.13|java.security.Signature$Delegate
INSTANTIABLE|Signature|SUN|1.3.14.3.2.27|java.security.Signature$Delegate
INSTANTIABLE|Signature|SUN|2.16.840.1.101.3.4.3.1|java.security.Signature$Delegate
INSTANTIABLE|Signature|SUN|2.16.840.1.101.3.4.3.2|java.security.Signature$Delegate
INSTANTIABLE|Signature|SUN|2.16.840.1.101.3.4.3.3|java.security.Signature$Delegate
INSTANTIABLE|Signature|SUN|2.16.840.1.101.3.4.3.4|java.security.Signature$Delegate
INSTANTIABLE|Signature|SUN|2.16.840.1.101.3.4.3.5|java.security.Signature$Delegate
INSTANTIABLE|Signature|SUN|2.16.840.1.101.3.4.3.6|java.security.Signature$Delegate
INSTANTIABLE|Signature|SUN|2.16.840.1.101.3.4.3.7|java.security.Signature$Delegate
INSTANTIABLE|Signature|SUN|2.16.840.1.101.3.4.3.8|java.security.Signature$Delegate
INSTANTIABLE|Signature|SUN|DSA|java.security.Signature$Delegate
INSTANTIABLE|Signature|SUN|DSAWithSHA1|java.security.Signature$Delegate
INSTANTIABLE|Signature|SUN|DSS|java.security.Signature$Delegate
INSTANTIABLE|Signature|SUN|HSS/LMS|java.security.Signature$Delegate
INSTANTIABLE|Signature|SUN|NONEwithDSA|java.security.Signature$Delegate
INSTANTIABLE|Signature|SUN|NONEwithDSAinP1363Format|java.security.Signature$Delegate
INSTANTIABLE|Signature|SUN|OID.1.2.840.10040.4.3|java.security.Signature$Delegate
INSTANTIABLE|Signature|SUN|OID.1.2.840.113549.1.9.16.3.17|java.security.Signature$Delegate
INSTANTIABLE|Signature|SUN|OID.2.16.840.1.101.3.4.3.1|java.security.Signature$Delegate
INSTANTIABLE|Signature|SUN|OID.2.16.840.1.101.3.4.3.2|java.security.Signature$Delegate
INSTANTIABLE|Signature|SUN|OID.2.16.840.1.101.3.4.3.3|java.security.Signature$Delegate
INSTANTIABLE|Signature|SUN|OID.2.16.840.1.101.3.4.3.4|java.security.Signature$Delegate
INSTANTIABLE|Signature|SUN|OID.2.16.840.1.101.3.4.3.5|java.security.Signature$Delegate
INSTANTIABLE|Signature|SUN|OID.2.16.840.1.101.3.4.3.6|java.security.Signature$Delegate
INSTANTIABLE|Signature|SUN|OID.2.16.840.1.101.3.4.3.7|java.security.Signature$Delegate
INSTANTIABLE|Signature|SUN|OID.2.16.840.1.101.3.4.3.8|java.security.Signature$Delegate
INSTANTIABLE|Signature|SUN|RawDSA|java.security.Signature$Delegate
INSTANTIABLE|Signature|SUN|SHA-1/DSA|java.security.Signature$Delegate
INSTANTIABLE|Signature|SUN|SHA/DSA|java.security.Signature$Delegate
INSTANTIABLE|Signature|SUN|SHA1/DSA|java.security.Signature$Delegate
INSTANTIABLE|Signature|SUN|SHA1withDSA|java.security.Signature$Delegate
INSTANTIABLE|Signature|SUN|SHA1withDSAinP1363Format|java.security.Signature$Delegate
INSTANTIABLE|Signature|SUN|SHA224withDSA|java.security.Signature$Delegate
INSTANTIABLE|Signature|SUN|SHA224withDSAinP1363Format|java.security.Signature$Delegate
INSTANTIABLE|Signature|SUN|SHA256withDSA|java.security.Signature$Delegate
INSTANTIABLE|Signature|SUN|SHA256withDSAinP1363Format|java.security.Signature$Delegate
INSTANTIABLE|Signature|SUN|SHA3-224withDSA|java.security.Signature$Delegate
INSTANTIABLE|Signature|SUN|SHA3-224withDSAinP1363Format|java.security.Signature$Delegate
INSTANTIABLE|Signature|SUN|SHA3-256withDSA|java.security.Signature$Delegate
INSTANTIABLE|Signature|SUN|SHA3-256withDSAinP1363Format|java.security.Signature$Delegate
INSTANTIABLE|Signature|SUN|SHA3-384withDSA|java.security.Signature$Delegate
INSTANTIABLE|Signature|SUN|SHA3-384withDSAinP1363Format|java.security.Signature$Delegate
INSTANTIABLE|Signature|SUN|SHA3-512withDSA|java.security.Signature$Delegate
INSTANTIABLE|Signature|SUN|SHA3-512withDSAinP1363Format|java.security.Signature$Delegate
INSTANTIABLE|Signature|SUN|SHA384withDSA|java.security.Signature$Delegate
INSTANTIABLE|Signature|SUN|SHA384withDSAinP1363Format|java.security.Signature$Delegate
INSTANTIABLE|Signature|SUN|SHA512withDSA|java.security.Signature$Delegate
INSTANTIABLE|Signature|SUN|SHA512withDSAinP1363Format|java.security.Signature$Delegate
INSTANTIABLE|Signature|SUN|SHAwithDSA|java.security.Signature$Delegate
INSTANTIABLE|Signature|SunEC|1.2.840.10045.4.1|java.security.Signature$Delegate
INSTANTIABLE|Signature|SunEC|1.2.840.10045.4.3.1|java.security.Signature$Delegate
INSTANTIABLE|Signature|SunEC|1.2.840.10045.4.3.2|java.security.Signature$Delegate
INSTANTIABLE|Signature|SunEC|1.2.840.10045.4.3.3|java.security.Signature$Delegate
INSTANTIABLE|Signature|SunEC|1.2.840.10045.4.3.4|java.security.Signature$Delegate
INSTANTIABLE|Signature|SunEC|1.3.101.112|java.security.Signature$Delegate
INSTANTIABLE|Signature|SunEC|1.3.101.113|java.security.Signature$Delegate
INSTANTIABLE|Signature|SunEC|2.16.840.1.101.3.4.3.10|java.security.Signature$Delegate
INSTANTIABLE|Signature|SunEC|2.16.840.1.101.3.4.3.11|java.security.Signature$Delegate
INSTANTIABLE|Signature|SunEC|2.16.840.1.101.3.4.3.12|java.security.Signature$Delegate
INSTANTIABLE|Signature|SunEC|2.16.840.1.101.3.4.3.9|java.security.Signature$Delegate
INSTANTIABLE|Signature|SunEC|Ed25519|java.security.Signature$Delegate
INSTANTIABLE|Signature|SunEC|Ed448|java.security.Signature$Delegate
INSTANTIABLE|Signature|SunEC|EdDSA|java.security.Signature$Delegate
INSTANTIABLE|Signature|SunEC|NONEwithECDSA|java.security.Signature$Delegate
INSTANTIABLE|Signature|SunEC|NONEwithECDSAinP1363Format|java.security.Signature$Delegate
INSTANTIABLE|Signature|SunEC|OID.1.2.840.10045.4.1|java.security.Signature$Delegate
INSTANTIABLE|Signature|SunEC|OID.1.2.840.10045.4.3.1|java.security.Signature$Delegate
INSTANTIABLE|Signature|SunEC|OID.1.2.840.10045.4.3.2|java.security.Signature$Delegate
INSTANTIABLE|Signature|SunEC|OID.1.2.840.10045.4.3.3|java.security.Signature$Delegate
INSTANTIABLE|Signature|SunEC|OID.1.2.840.10045.4.3.4|java.security.Signature$Delegate
INSTANTIABLE|Signature|SunEC|OID.1.3.101.112|java.security.Signature$Delegate
INSTANTIABLE|Signature|SunEC|OID.1.3.101.113|java.security.Signature$Delegate
INSTANTIABLE|Signature|SunEC|OID.2.16.840.1.101.3.4.3.10|java.security.Signature$Delegate
INSTANTIABLE|Signature|SunEC|OID.2.16.840.1.101.3.4.3.11|java.security.Signature$Delegate
INSTANTIABLE|Signature|SunEC|OID.2.16.840.1.101.3.4.3.12|java.security.Signature$Delegate
INSTANTIABLE|Signature|SunEC|OID.2.16.840.1.101.3.4.3.9|java.security.Signature$Delegate
INSTANTIABLE|Signature|SunEC|SHA1withECDSA|java.security.Signature$Delegate
INSTANTIABLE|Signature|SunEC|SHA1withECDSAinP1363Format|java.security.Signature$Delegate
INSTANTIABLE|Signature|SunEC|SHA224withECDSA|java.security.Signature$Delegate
INSTANTIABLE|Signature|SunEC|SHA224withECDSAinP1363Format|java.security.Signature$Delegate
INSTANTIABLE|Signature|SunEC|SHA256withECDSA|java.security.Signature$Delegate
INSTANTIABLE|Signature|SunEC|SHA256withECDSAinP1363Format|java.security.Signature$Delegate
INSTANTIABLE|Signature|SunEC|SHA3-224withECDSA|java.security.Signature$Delegate
INSTANTIABLE|Signature|SunEC|SHA3-224withECDSAinP1363Format|java.security.Signature$Delegate
INSTANTIABLE|Signature|SunEC|SHA3-256withECDSA|java.security.Signature$Delegate
INSTANTIABLE|Signature|SunEC|SHA3-256withECDSAinP1363Format|java.security.Signature$Delegate
INSTANTIABLE|Signature|SunEC|SHA3-384withECDSA|java.security.Signature$Delegate
INSTANTIABLE|Signature|SunEC|SHA3-384withECDSAinP1363Format|java.security.Signature$Delegate
INSTANTIABLE|Signature|SunEC|SHA3-512withECDSA|java.security.Signature$Delegate
INSTANTIABLE|Signature|SunEC|SHA3-512withECDSAinP1363Format|java.security.Signature$Delegate
INSTANTIABLE|Signature|SunEC|SHA384withECDSA|java.security.Signature$Delegate
INSTANTIABLE|Signature|SunEC|SHA384withECDSAinP1363Format|java.security.Signature$Delegate
INSTANTIABLE|Signature|SunEC|SHA512withECDSA|java.security.Signature$Delegate
INSTANTIABLE|Signature|SunEC|SHA512withECDSAinP1363Format|java.security.Signature$Delegate
INSTANTIABLE|Signature|SunJCE|NONEwithRSA|java.security.Signature$Delegate
INSTANTIABLE|Signature|SunJSSE|MD5andSHA1withRSA|java.security.Signature$Delegate
INSTANTIABLE|Signature|SunRsaSign|1.2.840.113549.1.1.10|java.security.Signature$Delegate
INSTANTIABLE|Signature|SunRsaSign|1.2.840.113549.1.1.11|java.security.Signature$Delegate
INSTANTIABLE|Signature|SunRsaSign|1.2.840.113549.1.1.12|java.security.Signature$Delegate
INSTANTIABLE|Signature|SunRsaSign|1.2.840.113549.1.1.13|java.security.Signature$Delegate
INSTANTIABLE|Signature|SunRsaSign|1.2.840.113549.1.1.14|java.security.Signature$Delegate
INSTANTIABLE|Signature|SunRsaSign|1.2.840.113549.1.1.15|java.security.Signature$Delegate
INSTANTIABLE|Signature|SunRsaSign|1.2.840.113549.1.1.16|java.security.Signature$Delegate
INSTANTIABLE|Signature|SunRsaSign|1.2.840.113549.1.1.2|java.security.Signature$Delegate
INSTANTIABLE|Signature|SunRsaSign|1.2.840.113549.1.1.4|java.security.Signature$Delegate
INSTANTIABLE|Signature|SunRsaSign|1.2.840.113549.1.1.5|java.security.Signature$Delegate
INSTANTIABLE|Signature|SunRsaSign|1.3.14.3.2.29|java.security.Signature$Delegate
INSTANTIABLE|Signature|SunRsaSign|2.16.840.1.101.3.4.3.13|java.security.Signature$Delegate
INSTANTIABLE|Signature|SunRsaSign|2.16.840.1.101.3.4.3.14|java.security.Signature$Delegate
INSTANTIABLE|Signature|SunRsaSign|2.16.840.1.101.3.4.3.15|java.security.Signature$Delegate
INSTANTIABLE|Signature|SunRsaSign|2.16.840.1.101.3.4.3.16|java.security.Signature$Delegate
INSTANTIABLE|Signature|SunRsaSign|MD2withRSA|java.security.Signature$Delegate
INSTANTIABLE|Signature|SunRsaSign|MD5withRSA|java.security.Signature$Delegate
INSTANTIABLE|Signature|SunRsaSign|OID.1.2.840.113549.1.1.10|java.security.Signature$Delegate
INSTANTIABLE|Signature|SunRsaSign|OID.1.2.840.113549.1.1.11|java.security.Signature$Delegate
INSTANTIABLE|Signature|SunRsaSign|OID.1.2.840.113549.1.1.12|java.security.Signature$Delegate
INSTANTIABLE|Signature|SunRsaSign|OID.1.2.840.113549.1.1.13|java.security.Signature$Delegate
INSTANTIABLE|Signature|SunRsaSign|OID.1.2.840.113549.1.1.14|java.security.Signature$Delegate
INSTANTIABLE|Signature|SunRsaSign|OID.1.2.840.113549.1.1.15|java.security.Signature$Delegate
INSTANTIABLE|Signature|SunRsaSign|OID.1.2.840.113549.1.1.16|java.security.Signature$Delegate
INSTANTIABLE|Signature|SunRsaSign|OID.1.2.840.113549.1.1.2|java.security.Signature$Delegate
INSTANTIABLE|Signature|SunRsaSign|OID.1.2.840.113549.1.1.4|java.security.Signature$Delegate
INSTANTIABLE|Signature|SunRsaSign|OID.1.2.840.113549.1.1.5|java.security.Signature$Delegate
INSTANTIABLE|Signature|SunRsaSign|OID.2.16.840.1.101.3.4.3.13|java.security.Signature$Delegate
INSTANTIABLE|Signature|SunRsaSign|OID.2.16.840.1.101.3.4.3.14|java.security.Signature$Delegate
INSTANTIABLE|Signature|SunRsaSign|OID.2.16.840.1.101.3.4.3.15|java.security.Signature$Delegate
INSTANTIABLE|Signature|SunRsaSign|OID.2.16.840.1.101.3.4.3.16|java.security.Signature$Delegate
INSTANTIABLE|Signature|SunRsaSign|PSS|java.security.Signature$Delegate
INSTANTIABLE|Signature|SunRsaSign|RSASSA-PSS|java.security.Signature$Delegate
INSTANTIABLE|Signature|SunRsaSign|SHA1withRSA|java.security.Signature$Delegate
INSTANTIABLE|Signature|SunRsaSign|SHA224withRSA|java.security.Signature$Delegate
INSTANTIABLE|Signature|SunRsaSign|SHA256withRSA|java.security.Signature$Delegate
INSTANTIABLE|Signature|SunRsaSign|SHA3-224withRSA|java.security.Signature$Delegate
INSTANTIABLE|Signature|SunRsaSign|SHA3-256withRSA|java.security.Signature$Delegate
INSTANTIABLE|Signature|SunRsaSign|SHA3-384withRSA|java.security.Signature$Delegate
INSTANTIABLE|Signature|SunRsaSign|SHA3-512withRSA|java.security.Signature$Delegate
INSTANTIABLE|Signature|SunRsaSign|SHA384withRSA|java.security.Signature$Delegate
INSTANTIABLE|Signature|SunRsaSign|SHA512/224withRSA|java.security.Signature$Delegate
INSTANTIABLE|Signature|SunRsaSign|SHA512/256withRSA|java.security.Signature$Delegate
INSTANTIABLE|Signature|SunRsaSign|SHA512withRSA|java.security.Signature$Delegate
INSTANTIABLE|TrustManagerFactory|BCJSSE|PKIX|javax.net.ssl.TrustManagerFactory
INSTANTIABLE|TrustManagerFactory|BCJSSE|X.509|javax.net.ssl.TrustManagerFactory
INSTANTIABLE|TrustManagerFactory|BCJSSE|X509|javax.net.ssl.TrustManagerFactory
INSTANTIABLE|TrustManagerFactory|SunJSSE|PKIX|javax.net.ssl.TrustManagerFactory
INSTANTIABLE|TrustManagerFactory|SunJSSE|SunPKIX|javax.net.ssl.TrustManagerFactory
INSTANTIABLE|TrustManagerFactory|SunJSSE|SunX509|javax.net.ssl.TrustManagerFactory
INSTANTIABLE|TrustManagerFactory|SunJSSE|X.509|javax.net.ssl.TrustManagerFactory
INSTANTIABLE|TrustManagerFactory|SunJSSE|X509|javax.net.ssl.TrustManagerFactory
SUMMARY|candidates|2517
SUMMARY|instantiable|2490
SUMMARY|not_instantiable|27
