Appending additional Java properties to JAVA_OPTS
properties: java.security
properties: java.security.disableSystemPropertiesFile=false
properties: security.useSystemPropertiesFile=true
properties: java.security
properties: com.redhat.fips unset, using default value of true
properties: Calling getSystemFIPSEnabled (libsystemconf)...
properties: getSystemFIPSEnabled: calling SECMOD_GetSystemFIPSEnabled
properties: getSystemFIPSEnabled: SECMOD_GetSystemFIPSEnabled returned 0x0
properties: Call to getSystemFIPSEnabled (libsystemconf) returned: false
properties: FIPS mode not detected
properties: FIPS mode support disabled.
properties: Initial security property: jdk.jar.disabledAlgorithms=MD2, MD5, RSA keySize < 1024, DSA keySize < 1024, SHA1 denyAfter 2019-01-01
properties: Initial security property: fips.provider.3=SunEC
properties: Initial security property: fips.provider.4=SunJSSE
properties: Initial security property: fips.provider.1=SunPKCS11 ${java.home}/conf/security/nss.fips.cfg
properties: Initial security property: fips.provider.2=SUN
properties: Initial security property: jdk.security.legacyAlgorithms=SHA1, RSA keySize < 2048, DSA keySize < 2048, DES, DESede, MD5, RC2, ARCFOUR
properties: Initial security property: crypto.policy=unlimited
properties: Initial security property: jdk.disabled.namedCurves=brainpoolP256r1, brainpoolP384r1, brainpoolP512r1, secp112r1, secp112r2, secp128r1, secp128r2, secp160k1, secp160r1, secp160r2, secp192k1, secp192r1, secp224k1, secp224r1, secp256k1, sect113r1, sect113r2, sect131r1, sect131r2, sect163k1, sect163r1, sect163r2, sect193r1, sect193r2, sect233k1, sect233r1, sect239k1, sect283k1, sect283r1, sect409k1, sect409r1, sect571k1, sect571r1, c2tnb191v1, c2tnb191v2, c2tnb191v3, c2tnb239v1, c2tnb239v2, c2tnb239v3, c2tnb359v1, c2tnb431r1, prime192v2, prime192v3, prime239v1, prime239v2, prime239v3, brainpoolP320r1
properties: Initial security property: jceks.key.serialFilter=java.base/java.lang.Enum;java.base/java.security.KeyRep;java.base/java.security.KeyRep$Type;java.base/javax.crypto.spec.SecretKeySpec;!*
properties: Initial security property: login.configuration.provider=sun.security.provider.ConfigFile
properties: Initial security property: security.overridePropertiesFile=true
properties: Initial security property: jdk.tls.legacyAlgorithms=
properties: Initial security property: fips.nssdb.path=sql:/etc/pki/nssdb
properties: Initial security property: security.provider.7=SunSASL
properties: Initial security property: security.provider.8=XMLDSig
properties: Initial security property: security.provider.9=SunPCSC
properties: Initial security property: jdk.security.caDistrustPolicies=SYMANTEC_TLS,ENTRUST_TLS,CAMERFIRMA_TLS,CHUNGHWA_TLS
properties: Initial security property: security.provider.1=SUN
properties: Initial security property: security.provider.2=SunRsaSign
properties: Initial security property: security.provider.3=SunEC
properties: Initial security property: security.provider.4=SunJSSE
properties: Initial security property: networkaddress.cache.negative.ttl=10
properties: Initial security property: jdk.tls.alpnCharset=ISO_8859_1
properties: Initial security property: security.provider.5=SunJCE
properties: Initial security property: security.provider.6=SunJGSS
properties: Initial security property: ssl.KeyManagerFactory.algorithm=SunX509
properties: Initial security property: fips.provider.7=XMLDSig
properties: Initial security property: ssl.TrustManagerFactory.algorithm=PKIX
properties: Initial security property: fips.provider.5=SunJCE
properties: Initial security property: fips.provider.6=SunRsaSign
properties: Initial security property: policy.allowSystemProperty=true
properties: Initial security property: jdk.io.permissionsUseCanonicalPath=false
properties: Initial security property: package.access=sun.misc.,sun.reflect.
properties: Initial security property: package.definition=sun.misc.,sun.reflect.
properties: Initial security property: security.provider.12=SunPKCS11
properties: Initial security property: http.auth.digest.disabledAlgorithms=MD5, SHA-1
properties: Initial security property: policy.provider=sun.security.provider.PolicyFile
properties: Initial security property: policy.url.1=file:${java.home}/conf/security/java.policy
properties: Initial security property: securerandom.source=file:/dev/random
properties: Initial security property: policy.url.2=file:${user.home}/.java.policy
properties: Initial security property: jdk.certpath.disabledAlgorithms=MD2, MD5withDSA, MD5withECDSARIPEMD160withRSA, RIPEMD160withECDSA, RIPEMD160withRSAandMGF1, MD5withRSA, SHA1withRSA, SHA1withDSA, SHA1withECDSA, SHA224withDSA, SHA256withDSA, SHA384withDSA, SHA512withDSA, SHA1withRSAandMGF1, RSA keySize < 2048, DSA keySize < 2048, DH keySize < 2048, EC keySize < 256, SHA1, MD5
properties: Initial security property: jdk.tls.disabledAlgorithms=MD2, MD5withDSA, MD5withECDSARIPEMD160withRSA, RIPEMD160withECDSA, RIPEMD160withRSAandMGF1, MD5withRSA, SHA1withRSA, SHA1withDSA, SHA1withECDSA, SHA224withDSA, SHA256withDSA, SHA384withDSA, SHA512withDSA, SHA1withRSAandMGF1, RSA keySize < 2048, DSA keySize < 2048, DH keySize < 2048, EC keySize < 256, include jdk.disabled.namedCurves, TLSv1.1, TLSv1, SSLv3, SSLv2, DTLSv1.0, DHE_DSS, RSA_EXPORT, DHE_DSS_EXPORT, DHE_RSA_EXPORT, DH_DSS_EXPORT, DH_RSA_EXPORT, DH_anon, ECDH_anon, DH_RSA, DH_DSS, ECDH, 3DES_EDE_CBC, DES_CBC, RC4_40, RC4_128, DES40_CBC, RC2, anon, NULL, HmacMD5
properties: Initial security property: policy.ignoreIdentityScope=false
properties: Initial security property: keystore.type.compat=true
properties: Initial security property: fips.nssdb.pin=pin:
properties: Initial security property: security.provider.11=JdkSASL
properties: Initial security property: security.provider.10=JdkLDAP
properties: Initial security property: jdk.sasl.disabledMechanisms=
properties: Initial security property: fips.keystore.type=pkcs12
properties: Initial security property: sun.security.krb5.maxReferrals=5
properties: Initial security property: security.useSystemPropertiesFile=true
properties: Initial security property: jdk.tls.keyLimits=AES/GCM/NoPadding KeyUpdate 2^37, ChaCha20-Poly1305 KeyUpdate 2^37
properties: Initial security property: jdk.xml.dsig.secureValidationPolicy=disallowAlg http://www.w3.org/TR/1999/REC-xslt-19991116,disallowAlg http://www.w3.org/2001/04/xmldsig-more#rsa-md5,disallowAlg http://www.w3.org/2001/04/xmldsig-more#hmac-md5,disallowAlg http://www.w3.org/2001/04/xmldsig-more#md5,disallowAlg http://www.w3.org/2000/09/xmldsig#sha1,disallowAlg http://www.w3.org/2000/09/xmldsig#dsa-sha1,disallowAlg http://www.w3.org/2000/09/xmldsig#rsa-sha1,disallowAlg http://www.w3.org/2007/05/xmldsig-more#sha1-rsa-MGF1,disallowAlg http://www.w3.org/2001/04/xmldsig-more#ecdsa-sha1,maxTransforms 5,maxReferences 30,disallowReferenceUriSchemes file http https,minKeySize RSA 1024,minKeySize DSA 1024,minKeySize EC 224,noDuplicateIds,noRetrievalMethodLoops
properties: Initial security property: securerandom.drbg.config=
properties: Initial security property: sun.security.krb5.disableReferrals=false
properties: Initial security property: keystore.type=pkcs12
properties: Initial security property: com.sun.security.allowedAIALocations=
properties: Initial security property: securerandom.strongAlgorithms=NativePRNGBlocking:SUN,DRBG:SUN
properties: Initial security property: policy.expandProperties=true
properties: Initial security property: krb5.kdc.bad.policy=tryLast
Listening for transport dt_socket at address: 8787
provider: NativePRNG egdUrl: file:/dev/urandom
provider: NativePRNG.MIXED seedFile: /dev/urandom nextFile: /dev/urandom
provider: NativePRNG.BLOCKING seedFile: /dev/random nextFile: /dev/random
provider: NativePRNG.NONBLOCKING seedFile: /dev/urandom nextFile: /dev/urandom
Provider: SUN.putService(): SUN: SecureRandom.NativePRNG -> sun.security.provider.NativePRNG
  attributes: {ThreadSafe=true}

Provider: Add SecureRandom algo NativePRNG
Provider: SUN.putService(): SUN: SecureRandom.NativePRNGBlocking -> sun.security.provider.NativePRNG$Blocking
  attributes: {ThreadSafe=true}

Provider: Add SecureRandom algo NativePRNGBlocking
Provider: SUN.putService(): SUN: SecureRandom.NativePRNGNonBlocking -> sun.security.provider.NativePRNG$NonBlocking
  attributes: {ThreadSafe=true}

Provider: Add SecureRandom algo NativePRNGNonBlocking
Provider: SUN.putService(): SUN: SecureRandom.DRBG -> sun.security.provider.DRBG
  attributes: {ImplementedIn=Software, ThreadSafe=true}

Provider: Add SecureRandom algo DRBG
Provider: SUN.putService(): SUN: SecureRandom.SHA1PRNG -> sun.security.provider.SecureRandom
  attributes: {ImplementedIn=Software, ThreadSafe=true}

Provider: Add SecureRandom algo SHA1PRNG
Provider: SUN.putService(): SUN: Signature.SHA1withDSA -> sun.security.provider.DSA$SHA1withDSA
  aliases: [OID.1.2.840.10040.4.3, 1.2.840.10040.4.3, DSS, 1.3.14.3.2.13, 1.3.14.3.2.27, DSA, SHA/DSA, SHA-1/DSA, SHA1/DSA, SHAwithDSA, DSAWithSHA1]
  attributes: {ImplementedIn=Software, KeySize=1024, SupportedKeyClasses=java.security.interfaces.DSAPublicKey|java.security.interfaces.DSAPrivateKey}

Provider: SUN.putService(): SUN: Signature.NONEwithDSA -> sun.security.provider.DSA$RawDSA
  aliases: [RawDSA]
  attributes: {ImplementedIn=Software, KeySize=1024, SupportedKeyClasses=java.security.interfaces.DSAPublicKey|java.security.interfaces.DSAPrivateKey}

Provider: SUN.putService(): SUN: Signature.SHA224withDSA -> sun.security.provider.DSA$SHA224withDSA
  aliases: [OID.2.16.840.1.101.3.4.3.1, 2.16.840.1.101.3.4.3.1]
  attributes: {ImplementedIn=Software, KeySize=2048, SupportedKeyClasses=java.security.interfaces.DSAPublicKey|java.security.interfaces.DSAPrivateKey}

Provider: SUN.putService(): SUN: Signature.SHA256withDSA -> sun.security.provider.DSA$SHA256withDSA
  aliases: [OID.2.16.840.1.101.3.4.3.2, 2.16.840.1.101.3.4.3.2]
  attributes: {ImplementedIn=Software, KeySize=2048, SupportedKeyClasses=java.security.interfaces.DSAPublicKey|java.security.interfaces.DSAPrivateKey}

Provider: SUN.putService(): SUN: Signature.SHA3-224withDSA -> sun.security.provider.DSA$SHA3_224withDSA
  aliases: [OID.2.16.840.1.101.3.4.3.5, 2.16.840.1.101.3.4.3.5]
  attributes: {ImplementedIn=Software, KeySize=2048, SupportedKeyClasses=java.security.interfaces.DSAPublicKey|java.security.interfaces.DSAPrivateKey}

Provider: SUN.putService(): SUN: Signature.SHA3-256withDSA -> sun.security.provider.DSA$SHA3_256withDSA
  aliases: [OID.2.16.840.1.101.3.4.3.6, 2.16.840.1.101.3.4.3.6]
  attributes: {ImplementedIn=Software, KeySize=2048, SupportedKeyClasses=java.security.interfaces.DSAPublicKey|java.security.interfaces.DSAPrivateKey}

Provider: SUN.putService(): SUN: Signature.SHA384withDSA -> sun.security.provider.DSA$SHA384withDSA
  aliases: [OID.2.16.840.1.101.3.4.3.3, 2.16.840.1.101.3.4.3.3]
  attributes: {ImplementedIn=Software, KeySize=3072, SupportedKeyClasses=java.security.interfaces.DSAPublicKey|java.security.interfaces.DSAPrivateKey}

Provider: SUN.putService(): SUN: Signature.SHA512withDSA -> sun.security.provider.DSA$SHA512withDSA
  aliases: [OID.2.16.840.1.101.3.4.3.4, 2.16.840.1.101.3.4.3.4]
  attributes: {ImplementedIn=Software, KeySize=3072, SupportedKeyClasses=java.security.interfaces.DSAPublicKey|java.security.interfaces.DSAPrivateKey}

Provider: SUN.putService(): SUN: Signature.SHA3-384withDSA -> sun.security.provider.DSA$SHA3_384withDSA
  aliases: [OID.2.16.840.1.101.3.4.3.7, 2.16.840.1.101.3.4.3.7]
  attributes: {ImplementedIn=Software, KeySize=3072, SupportedKeyClasses=java.security.interfaces.DSAPublicKey|java.security.interfaces.DSAPrivateKey}

Provider: SUN.putService(): SUN: Signature.SHA3-512withDSA -> sun.security.provider.DSA$SHA3_512withDSA
  aliases: [OID.2.16.840.1.101.3.4.3.8, 2.16.840.1.101.3.4.3.8]
  attributes: {ImplementedIn=Software, KeySize=3072, SupportedKeyClasses=java.security.interfaces.DSAPublicKey|java.security.interfaces.DSAPrivateKey}

Provider: SUN.putService(): SUN: Signature.SHA1withDSAinP1363Format -> sun.security.provider.DSA$SHA1withDSAinP1363Format

Provider: SUN.putService(): SUN: Signature.NONEwithDSAinP1363Format -> sun.security.provider.DSA$RawDSAinP1363Format

Provider: SUN.putService(): SUN: Signature.SHA224withDSAinP1363Format -> sun.security.provider.DSA$SHA224withDSAinP1363Format

Provider: SUN.putService(): SUN: Signature.SHA256withDSAinP1363Format -> sun.security.provider.DSA$SHA256withDSAinP1363Format

Provider: SUN.putService(): SUN: Signature.SHA384withDSAinP1363Format -> sun.security.provider.DSA$SHA384withDSAinP1363Format

Provider: SUN.putService(): SUN: Signature.SHA512withDSAinP1363Format -> sun.security.provider.DSA$SHA512withDSAinP1363Format

Provider: SUN.putService(): SUN: Signature.SHA3-224withDSAinP1363Format -> sun.security.provider.DSA$SHA3_224withDSAinP1363Format

Provider: SUN.putService(): SUN: Signature.SHA3-256withDSAinP1363Format -> sun.security.provider.DSA$SHA3_256withDSAinP1363Format

Provider: SUN.putService(): SUN: Signature.SHA3-384withDSAinP1363Format -> sun.security.provider.DSA$SHA3_384withDSAinP1363Format

Provider: SUN.putService(): SUN: Signature.SHA3-512withDSAinP1363Format -> sun.security.provider.DSA$SHA3_512withDSAinP1363Format

Provider: SUN.putService(): SUN: Signature.HSS/LMS -> sun.security.provider.HSS
  aliases: [OID.1.2.840.113549.1.9.16.3.17, 1.2.840.113549.1.9.16.3.17]
  attributes: {ImplementedIn=Software}

Provider: SUN.putService(): SUN: KeyPairGenerator.DSA -> sun.security.provider.DSAKeyPairGenerator$Current
  aliases: [OID.1.2.840.10040.4.1, 1.2.840.10040.4.1, 1.3.14.3.2.12]
  attributes: {ImplementedIn=Software, KeySize=2048}

Provider: SUN.putService(): SUN: AlgorithmParameterGenerator.DSA -> sun.security.provider.DSAParameterGenerator
  aliases: [OID.1.2.840.10040.4.1, 1.2.840.10040.4.1, 1.3.14.3.2.12]
  attributes: {ImplementedIn=Software, KeySize=2048}

Provider: SUN.putService(): SUN: AlgorithmParameters.DSA -> sun.security.provider.DSAParameters
  aliases: [OID.1.2.840.10040.4.1, 1.2.840.10040.4.1, 1.3.14.3.2.12]
  attributes: {ImplementedIn=Software}

Provider: SUN.putService(): SUN: KeyFactory.DSA -> sun.security.provider.DSAKeyFactory
  aliases: [OID.1.2.840.10040.4.1, 1.2.840.10040.4.1, 1.3.14.3.2.12]
  attributes: {ImplementedIn=Software}

Provider: SUN.putService(): SUN: KeyFactory.HSS/LMS -> sun.security.provider.HSS$KeyFactoryImpl
  aliases: [OID.1.2.840.113549.1.9.16.3.17, 1.2.840.113549.1.9.16.3.17]
  attributes: {ImplementedIn=Software}

Provider: SUN.putService(): SUN: MessageDigest.MD2 -> sun.security.provider.MD2
  aliases: [OID.1.2.840.113549.2.2, 1.2.840.113549.2.2]
  attributes: {ImplementedIn=Software}

Provider: SUN.putService(): SUN: MessageDigest.MD5 -> sun.security.provider.MD5
  aliases: [OID.1.2.840.113549.2.5, 1.2.840.113549.2.5]
  attributes: {ImplementedIn=Software}

Provider: SUN.putService(): SUN: MessageDigest.SHA-1 -> sun.security.provider.SHA
  aliases: [OID.1.3.14.3.2.26, 1.3.14.3.2.26, SHA, SHA1]
  attributes: {ImplementedIn=Software}

Provider: SUN.putService(): SUN: MessageDigest.SHA-224 -> sun.security.provider.SHA2$SHA224
  aliases: [OID.2.16.840.1.101.3.4.2.4, 2.16.840.1.101.3.4.2.4, SHA224]
  attributes: {ImplementedIn=Software}

Provider: SUN.putService(): SUN: MessageDigest.SHA-256 -> sun.security.provider.SHA2$SHA256
  aliases: [OID.2.16.840.1.101.3.4.2.1, 2.16.840.1.101.3.4.2.1, SHA256]
  attributes: {ImplementedIn=Software}

Provider: SUN.putService(): SUN: MessageDigest.SHA-384 -> sun.security.provider.SHA5$SHA384
  aliases: [OID.2.16.840.1.101.3.4.2.2, 2.16.840.1.101.3.4.2.2, SHA384]
  attributes: {ImplementedIn=Software}

Provider: SUN.putService(): SUN: MessageDigest.SHA-512 -> sun.security.provider.SHA5$SHA512
  aliases: [OID.2.16.840.1.101.3.4.2.3, 2.16.840.1.101.3.4.2.3, SHA512]
  attributes: {ImplementedIn=Software}

Provider: SUN.putService(): SUN: MessageDigest.SHA-512/224 -> sun.security.provider.SHA5$SHA512_224
  aliases: [OID.2.16.840.1.101.3.4.2.5, 2.16.840.1.101.3.4.2.5, SHA512/224]
  attributes: {ImplementedIn=Software}

Provider: SUN.putService(): SUN: MessageDigest.SHA-512/256 -> sun.security.provider.SHA5$SHA512_256
  aliases: [OID.2.16.840.1.101.3.4.2.6, 2.16.840.1.101.3.4.2.6, SHA512/256]
  attributes: {ImplementedIn=Software}

Provider: SUN.putService(): SUN: MessageDigest.SHA3-224 -> sun.security.provider.SHA3$SHA224
  aliases: [OID.2.16.840.1.101.3.4.2.7, 2.16.840.1.101.3.4.2.7]
  attributes: {ImplementedIn=Software}

Provider: SUN.putService(): SUN: MessageDigest.SHA3-256 -> sun.security.provider.SHA3$SHA256
  aliases: [OID.2.16.840.1.101.3.4.2.8, 2.16.840.1.101.3.4.2.8]
  attributes: {ImplementedIn=Software}

Provider: SUN.putService(): SUN: MessageDigest.SHA3-384 -> sun.security.provider.SHA3$SHA384
  aliases: [OID.2.16.840.1.101.3.4.2.9, 2.16.840.1.101.3.4.2.9]
  attributes: {ImplementedIn=Software}

Provider: SUN.putService(): SUN: MessageDigest.SHA3-512 -> sun.security.provider.SHA3$SHA512
  aliases: [OID.2.16.840.1.101.3.4.2.10, 2.16.840.1.101.3.4.2.10]
  attributes: {ImplementedIn=Software}

Provider: SUN.putService(): SUN: CertificateFactory.X.509 -> sun.security.provider.X509Factory
  aliases: [X509]
  attributes: {ImplementedIn=Software}

Provider: SUN.putService(): SUN: KeyStore.PKCS12 -> sun.security.pkcs12.PKCS12KeyStore$DualFormatPKCS12

Provider: SUN.putService(): SUN: KeyStore.JKS -> sun.security.provider.JavaKeyStore$DualFormatJKS
  attributes: {ImplementedIn=Software}

Provider: SUN.putService(): SUN: KeyStore.CaseExactJKS -> sun.security.provider.JavaKeyStore$CaseExactJKS
  attributes: {ImplementedIn=Software}

Provider: SUN.putService(): SUN: KeyStore.DKS -> sun.security.provider.DomainKeyStore$DKS
  attributes: {ImplementedIn=Software}

Provider: SUN.putService(): SUN: CertStore.Collection -> sun.security.provider.certpath.CollectionCertStore
  attributes: {ImplementedIn=Software}

Provider: SUN.putService(): SUN: CertStore.com.sun.security.IndexedCollection -> sun.security.provider.certpath.IndexedCollectionCertStore
  attributes: {ImplementedIn=Software}

Provider: SUN.putService(): SUN: Policy.JavaPolicy -> sun.security.provider.PolicySpiFile

Provider: SUN.putService(): SUN: Configuration.JavaLoginConfig -> sun.security.provider.ConfigFile$Spi

Provider: SUN.putService(): SUN: CertPathBuilder.PKIX -> sun.security.provider.certpath.SunCertPathBuilder
  attributes: {ImplementedIn=Software, ValidationAlgorithm=RFC5280}

Provider: SUN.putService(): SUN: CertPathValidator.PKIX -> sun.security.provider.certpath.PKIXCertPathValidator
  attributes: {ImplementedIn=Software, ValidationAlgorithm=RFC5280}

Provider: SunRsaSign.putService(): SunRsaSign: KeyFactory.RSA -> sun.security.rsa.RSAKeyFactory$Legacy
  aliases: [OID.1.2.840.113549.1.1, 1.2.840.113549.1.1, 1.2.840.113549.1.1.1]

Provider: SunRsaSign.putService(): SunRsaSign: KeyPairGenerator.RSA -> sun.security.rsa.RSAKeyPairGenerator$Legacy
  aliases: [OID.1.2.840.113549.1.1, 1.2.840.113549.1.1, 1.2.840.113549.1.1.1]

Provider: SunRsaSign.putService(): SunRsaSign: Signature.MD2withRSA -> sun.security.rsa.RSASignature$MD2withRSA
  aliases: [OID.1.2.840.113549.1.1.2, 1.2.840.113549.1.1.2]
  attributes: {SupportedKeyClasses=java.security.interfaces.RSAPublicKey|java.security.interfaces.RSAPrivateKey}

Provider: SunRsaSign.putService(): SunRsaSign: Signature.MD5withRSA -> sun.security.rsa.RSASignature$MD5withRSA
  aliases: [OID.1.2.840.113549.1.1.4, 1.2.840.113549.1.1.4]
  attributes: {SupportedKeyClasses=java.security.interfaces.RSAPublicKey|java.security.interfaces.RSAPrivateKey}

Provider: SunRsaSign.putService(): SunRsaSign: Signature.SHA1withRSA -> sun.security.rsa.RSASignature$SHA1withRSA
  aliases: [OID.1.2.840.113549.1.1.5, 1.2.840.113549.1.1.5, 1.3.14.3.2.29]
  attributes: {SupportedKeyClasses=java.security.interfaces.RSAPublicKey|java.security.interfaces.RSAPrivateKey}

Provider: SunRsaSign.putService(): SunRsaSign: Signature.SHA224withRSA -> sun.security.rsa.RSASignature$SHA224withRSA
  aliases: [OID.1.2.840.113549.1.1.14, 1.2.840.113549.1.1.14]
  attributes: {SupportedKeyClasses=java.security.interfaces.RSAPublicKey|java.security.interfaces.RSAPrivateKey}

Provider: SunRsaSign.putService(): SunRsaSign: Signature.SHA256withRSA -> sun.security.rsa.RSASignature$SHA256withRSA
  aliases: [OID.1.2.840.113549.1.1.11, 1.2.840.113549.1.1.11]
  attributes: {SupportedKeyClasses=java.security.interfaces.RSAPublicKey|java.security.interfaces.RSAPrivateKey}

Provider: SunRsaSign.putService(): SunRsaSign: Signature.SHA384withRSA -> sun.security.rsa.RSASignature$SHA384withRSA
  aliases: [OID.1.2.840.113549.1.1.12, 1.2.840.113549.1.1.12]
  attributes: {SupportedKeyClasses=java.security.interfaces.RSAPublicKey|java.security.interfaces.RSAPrivateKey}

Provider: SunRsaSign.putService(): SunRsaSign: Signature.SHA512withRSA -> sun.security.rsa.RSASignature$SHA512withRSA
  aliases: [OID.1.2.840.113549.1.1.13, 1.2.840.113549.1.1.13]
  attributes: {SupportedKeyClasses=java.security.interfaces.RSAPublicKey|java.security.interfaces.RSAPrivateKey}

Provider: SunRsaSign.putService(): SunRsaSign: Signature.SHA512/224withRSA -> sun.security.rsa.RSASignature$SHA512_224withRSA
  aliases: [OID.1.2.840.113549.1.1.15, 1.2.840.113549.1.1.15]
  attributes: {SupportedKeyClasses=java.security.interfaces.RSAPublicKey|java.security.interfaces.RSAPrivateKey}

Provider: SunRsaSign.putService(): SunRsaSign: Signature.SHA512/256withRSA -> sun.security.rsa.RSASignature$SHA512_256withRSA
  aliases: [OID.1.2.840.113549.1.1.16, 1.2.840.113549.1.1.16]
  attributes: {SupportedKeyClasses=java.security.interfaces.RSAPublicKey|java.security.interfaces.RSAPrivateKey}

Provider: SunRsaSign.putService(): SunRsaSign: Signature.SHA3-224withRSA -> sun.security.rsa.RSASignature$SHA3_224withRSA
  aliases: [OID.2.16.840.1.101.3.4.3.13, 2.16.840.1.101.3.4.3.13]
  attributes: {SupportedKeyClasses=java.security.interfaces.RSAPublicKey|java.security.interfaces.RSAPrivateKey}

Provider: SunRsaSign.putService(): SunRsaSign: Signature.SHA3-256withRSA -> sun.security.rsa.RSASignature$SHA3_256withRSA
  aliases: [OID.2.16.840.1.101.3.4.3.14, 2.16.840.1.101.3.4.3.14]
  attributes: {SupportedKeyClasses=java.security.interfaces.RSAPublicKey|java.security.interfaces.RSAPrivateKey}

Provider: SunRsaSign.putService(): SunRsaSign: Signature.SHA3-384withRSA -> sun.security.rsa.RSASignature$SHA3_384withRSA
  aliases: [OID.2.16.840.1.101.3.4.3.15, 2.16.840.1.101.3.4.3.15]
  attributes: {SupportedKeyClasses=java.security.interfaces.RSAPublicKey|java.security.interfaces.RSAPrivateKey}

Provider: SunRsaSign.putService(): SunRsaSign: Signature.SHA3-512withRSA -> sun.security.rsa.RSASignature$SHA3_512withRSA
  aliases: [OID.2.16.840.1.101.3.4.3.16, 2.16.840.1.101.3.4.3.16]
  attributes: {SupportedKeyClasses=java.security.interfaces.RSAPublicKey|java.security.interfaces.RSAPrivateKey}

Provider: SunRsaSign.putService(): SunRsaSign: KeyFactory.RSASSA-PSS -> sun.security.rsa.RSAKeyFactory$PSS
  aliases: [OID.1.2.840.113549.1.1.10, 1.2.840.113549.1.1.10, PSS]
  attributes: {SupportedKeyClasses=java.security.interfaces.RSAPublicKey|java.security.interfaces.RSAPrivateKey}

Provider: SunRsaSign.putService(): SunRsaSign: KeyPairGenerator.RSASSA-PSS -> sun.security.rsa.RSAKeyPairGenerator$PSS
  aliases: [OID.1.2.840.113549.1.1.10, 1.2.840.113549.1.1.10, PSS]
  attributes: {SupportedKeyClasses=java.security.interfaces.RSAPublicKey|java.security.interfaces.RSAPrivateKey}

Provider: SunRsaSign.putService(): SunRsaSign: Signature.RSASSA-PSS -> sun.security.rsa.RSAPSSSignature
  aliases: [OID.1.2.840.113549.1.1.10, 1.2.840.113549.1.1.10, PSS]
  attributes: {SupportedKeyClasses=java.security.interfaces.RSAPublicKey|java.security.interfaces.RSAPrivateKey}

Provider: SunRsaSign.putService(): SunRsaSign: AlgorithmParameters.RSASSA-PSS -> sun.security.rsa.PSSParameters
  aliases: [OID.1.2.840.113549.1.1.10, 1.2.840.113549.1.1.10, PSS]

Provider: SunEC.putService(): SunEC: KeyFactory.EC -> sun.security.ec.ECKeyFactory
  aliases: [OID.1.2.840.10045.2.1, 1.2.840.10045.2.1, EllipticCurve]
  attributes: {ImplementedIn=Software, KeySize=256, SupportedKeyClasses=java.security.interfaces.ECPublicKey|java.security.interfaces.ECPrivateKey}

Provider: SunEC.putService(): SunEC: AlgorithmParameters.EC -> sun.security.util.ECParameters
  aliases: [OID.1.2.840.10045.2.1, 1.2.840.10045.2.1, EllipticCurve]
  attributes: {ImplementedIn=Software, KeySize=256, SupportedCurves=[secp256r1,NIST P-256,X9.62 prime256v1,1.2.840.10045.3.1.7]|[secp384r1,NIST P-384,1.3.132.0.34]|[secp521r1,NIST P-521,1.3.132.0.35], SupportedKeyClasses=java.security.interfaces.ECPublicKey|java.security.interfaces.ECPrivateKey}

Provider: SunEC.putService(): SunEC: KeyFactory.XDH -> sun.security.ec.XDHKeyFactory
  attributes: {ImplementedIn=Software}

Provider: SunEC.putService(): SunEC: KeyFactory.X25519 -> sun.security.ec.XDHKeyFactory.X25519
  aliases: [OID.1.3.101.110, 1.3.101.110]
  attributes: {ImplementedIn=Software}

Provider: SunEC.putService(): SunEC: KeyFactory.X448 -> sun.security.ec.XDHKeyFactory.X448
  aliases: [OID.1.3.101.111, 1.3.101.111]
  attributes: {ImplementedIn=Software}

Provider: SunEC.putService(): SunEC: KeyPairGenerator.XDH -> sun.security.ec.XDHKeyPairGenerator
  attributes: {ImplementedIn=Software}

Provider: SunEC.putService(): SunEC: KeyPairGenerator.X25519 -> sun.security.ec.XDHKeyPairGenerator.X25519
  aliases: [OID.1.3.101.110, 1.3.101.110]
  attributes: {ImplementedIn=Software}

Provider: SunEC.putService(): SunEC: KeyPairGenerator.X448 -> sun.security.ec.XDHKeyPairGenerator.X448
  aliases: [OID.1.3.101.111, 1.3.101.111]
  attributes: {ImplementedIn=Software}

Provider: SunEC.putService(): SunEC: KeyAgreement.XDH -> sun.security.ec.XDHKeyAgreement
  attributes: {ImplementedIn=Software}

Provider: SunEC.putService(): SunEC: KeyAgreement.X25519 -> sun.security.ec.XDHKeyAgreement.X25519
  aliases: [OID.1.3.101.110, 1.3.101.110]
  attributes: {ImplementedIn=Software}

Provider: SunEC.putService(): SunEC: KeyAgreement.X448 -> sun.security.ec.XDHKeyAgreement.X448
  aliases: [OID.1.3.101.111, 1.3.101.111]
  attributes: {ImplementedIn=Software}

Provider: SunEC.putService(): SunEC: KeyFactory.EdDSA -> sun.security.ec.ed.EdDSAKeyFactory
  attributes: {ImplementedIn=Software}

Provider: SunEC.putService(): SunEC: KeyFactory.Ed25519 -> sun.security.ec.ed.EdDSAKeyFactory.Ed25519
  aliases: [OID.1.3.101.112, 1.3.101.112]
  attributes: {ImplementedIn=Software}

Provider: SunEC.putService(): SunEC: KeyFactory.Ed448 -> sun.security.ec.ed.EdDSAKeyFactory.Ed448
  aliases: [OID.1.3.101.113, 1.3.101.113]
  attributes: {ImplementedIn=Software}

Provider: SunEC.putService(): SunEC: KeyPairGenerator.EdDSA -> sun.security.ec.ed.EdDSAKeyPairGenerator
  attributes: {ImplementedIn=Software}

Provider: SunEC.putService(): SunEC: KeyPairGenerator.Ed25519 -> sun.security.ec.ed.EdDSAKeyPairGenerator.Ed25519
  aliases: [OID.1.3.101.112, 1.3.101.112]
  attributes: {ImplementedIn=Software}

Provider: SunEC.putService(): SunEC: KeyPairGenerator.Ed448 -> sun.security.ec.ed.EdDSAKeyPairGenerator.Ed448
  aliases: [OID.1.3.101.113, 1.3.101.113]
  attributes: {ImplementedIn=Software}

Provider: SunEC.putService(): SunEC: Signature.EdDSA -> sun.security.ec.ed.EdDSASignature
  attributes: {ImplementedIn=Software}

Provider: SunEC.putService(): SunEC: Signature.Ed25519 -> sun.security.ec.ed.EdDSASignature.Ed25519
  aliases: [OID.1.3.101.112, 1.3.101.112]
  attributes: {ImplementedIn=Software}

Provider: SunEC.putService(): SunEC: Signature.Ed448 -> sun.security.ec.ed.EdDSASignature.Ed448
  aliases: [OID.1.3.101.113, 1.3.101.113]
  attributes: {ImplementedIn=Software}

Provider: SunEC.putService(): SunEC: Signature.NONEwithECDSA -> sun.security.ec.ECDSASignature$Raw
  attributes: {ImplementedIn=Software, KeySize=256, SupportedKeyClasses=java.security.interfaces.ECPublicKey|java.security.interfaces.ECPrivateKey}

Provider: SunEC.putService(): SunEC: Signature.SHA1withECDSA -> sun.security.ec.ECDSASignature$SHA1
  aliases: [OID.1.2.840.10045.4.1, 1.2.840.10045.4.1]
  attributes: {ImplementedIn=Software, KeySize=256, SupportedKeyClasses=java.security.interfaces.ECPublicKey|java.security.interfaces.ECPrivateKey}

Provider: SunEC.putService(): SunEC: Signature.SHA224withECDSA -> sun.security.ec.ECDSASignature$SHA224
  aliases: [OID.1.2.840.10045.4.3.1, 1.2.840.10045.4.3.1]
  attributes: {ImplementedIn=Software, KeySize=256, SupportedKeyClasses=java.security.interfaces.ECPublicKey|java.security.interfaces.ECPrivateKey}

Provider: SunEC.putService(): SunEC: Signature.SHA256withECDSA -> sun.security.ec.ECDSASignature$SHA256
  aliases: [OID.1.2.840.10045.4.3.2, 1.2.840.10045.4.3.2]
  attributes: {ImplementedIn=Software, KeySize=256, SupportedKeyClasses=java.security.interfaces.ECPublicKey|java.security.interfaces.ECPrivateKey}

Provider: SunEC.putService(): SunEC: Signature.SHA384withECDSA -> sun.security.ec.ECDSASignature$SHA384
  aliases: [OID.1.2.840.10045.4.3.3, 1.2.840.10045.4.3.3]
  attributes: {ImplementedIn=Software, KeySize=256, SupportedKeyClasses=java.security.interfaces.ECPublicKey|java.security.interfaces.ECPrivateKey}

Provider: SunEC.putService(): SunEC: Signature.SHA512withECDSA -> sun.security.ec.ECDSASignature$SHA512
  aliases: [OID.1.2.840.10045.4.3.4, 1.2.840.10045.4.3.4]
  attributes: {ImplementedIn=Software, KeySize=256, SupportedKeyClasses=java.security.interfaces.ECPublicKey|java.security.interfaces.ECPrivateKey}

Provider: SunEC.putService(): SunEC: Signature.SHA3-224withECDSA -> sun.security.ec.ECDSASignature$SHA3_224
  aliases: [OID.2.16.840.1.101.3.4.3.9, 2.16.840.1.101.3.4.3.9]
  attributes: {ImplementedIn=Software, KeySize=256, SupportedKeyClasses=java.security.interfaces.ECPublicKey|java.security.interfaces.ECPrivateKey}

Provider: SunEC.putService(): SunEC: Signature.SHA3-256withECDSA -> sun.security.ec.ECDSASignature$SHA3_256
  aliases: [OID.2.16.840.1.101.3.4.3.10, 2.16.840.1.101.3.4.3.10]
  attributes: {ImplementedIn=Software, KeySize=256, SupportedKeyClasses=java.security.interfaces.ECPublicKey|java.security.interfaces.ECPrivateKey}

Provider: SunEC.putService(): SunEC: Signature.SHA3-384withECDSA -> sun.security.ec.ECDSASignature$SHA3_384
  aliases: [OID.2.16.840.1.101.3.4.3.11, 2.16.840.1.101.3.4.3.11]
  attributes: {ImplementedIn=Software, KeySize=256, SupportedKeyClasses=java.security.interfaces.ECPublicKey|java.security.interfaces.ECPrivateKey}

Provider: SunEC.putService(): SunEC: Signature.SHA3-512withECDSA -> sun.security.ec.ECDSASignature$SHA3_512
  aliases: [OID.2.16.840.1.101.3.4.3.12, 2.16.840.1.101.3.4.3.12]
  attributes: {ImplementedIn=Software, KeySize=256, SupportedKeyClasses=java.security.interfaces.ECPublicKey|java.security.interfaces.ECPrivateKey}

Provider: SunEC.putService(): SunEC: Signature.NONEwithECDSAinP1363Format -> sun.security.ec.ECDSASignature$RawinP1363Format

Provider: SunEC.putService(): SunEC: Signature.SHA1withECDSAinP1363Format -> sun.security.ec.ECDSASignature$SHA1inP1363Format

Provider: SunEC.putService(): SunEC: Signature.SHA224withECDSAinP1363Format -> sun.security.ec.ECDSASignature$SHA224inP1363Format

Provider: SunEC.putService(): SunEC: Signature.SHA256withECDSAinP1363Format -> sun.security.ec.ECDSASignature$SHA256inP1363Format

Provider: SunEC.putService(): SunEC: Signature.SHA384withECDSAinP1363Format -> sun.security.ec.ECDSASignature$SHA384inP1363Format

Provider: SunEC.putService(): SunEC: Signature.SHA512withECDSAinP1363Format -> sun.security.ec.ECDSASignature$SHA512inP1363Format

Provider: SunEC.putService(): SunEC: Signature.SHA3-224withECDSAinP1363Format -> sun.security.ec.ECDSASignature$SHA3_224inP1363Format

Provider: SunEC.putService(): SunEC: Signature.SHA3-256withECDSAinP1363Format -> sun.security.ec.ECDSASignature$SHA3_256inP1363Format

Provider: SunEC.putService(): SunEC: Signature.SHA3-384withECDSAinP1363Format -> sun.security.ec.ECDSASignature$SHA3_384inP1363Format

Provider: SunEC.putService(): SunEC: Signature.SHA3-512withECDSAinP1363Format -> sun.security.ec.ECDSASignature$SHA3_512inP1363Format

Provider: SunEC.putService(): SunEC: KeyPairGenerator.EC -> sun.security.ec.ECKeyPairGenerator
  aliases: [OID.1.2.840.10045.2.1, 1.2.840.10045.2.1, EllipticCurve]
  attributes: {ImplementedIn=Software, KeySize=256, SupportedKeyClasses=java.security.interfaces.ECPublicKey|java.security.interfaces.ECPrivateKey}

Provider: SunEC.putService(): SunEC: KeyAgreement.ECDH -> sun.security.ec.ECDHKeyAgreement
  attributes: {ImplementedIn=Software, KeySize=256, SupportedKeyClasses=java.security.interfaces.ECPublicKey|java.security.interfaces.ECPrivateKey}

Provider: SunJSSE.putService(): SunJSSE: Signature.MD5andSHA1withRSA -> sun.security.ssl.RSASignature

Provider: SunJSSE.putService(): SunJSSE: KeyManagerFactory.SunX509 -> sun.security.ssl.KeyManagerFactoryImpl$SunX509

Provider: SunJSSE.putService(): SunJSSE: KeyManagerFactory.NewSunX509 -> sun.security.ssl.KeyManagerFactoryImpl$X509
  aliases: [PKIX]

Provider: SunJSSE.putService(): SunJSSE: TrustManagerFactory.SunX509 -> sun.security.ssl.TrustManagerFactoryImpl$SimpleFactory

Provider: SunJSSE.putService(): SunJSSE: TrustManagerFactory.PKIX -> sun.security.ssl.TrustManagerFactoryImpl$PKIXFactory
  aliases: [SunPKIX, X509, X.509]

Provider: SunJSSE.putService(): SunJSSE: SSLContext.TLSv1 -> sun.security.ssl.SSLContextImpl$TLS10Context
  aliases: [SSLv3]

Provider: SunJSSE.putService(): SunJSSE: SSLContext.TLSv1.1 -> sun.security.ssl.SSLContextImpl$TLS11Context

Provider: SunJSSE.putService(): SunJSSE: SSLContext.TLSv1.2 -> sun.security.ssl.SSLContextImpl$TLS12Context

Provider: SunJSSE.putService(): SunJSSE: SSLContext.TLSv1.3 -> sun.security.ssl.SSLContextImpl$TLS13Context

Provider: SunJSSE.putService(): SunJSSE: SSLContext.TLS -> sun.security.ssl.SSLContextImpl$TLSContext
  aliases: [SSL]

Provider: SunJSSE.putService(): SunJSSE: SSLContext.DTLSv1.0 -> sun.security.ssl.SSLContextImpl$DTLS10Context

Provider: SunJSSE.putService(): SunJSSE: SSLContext.DTLSv1.2 -> sun.security.ssl.SSLContextImpl$DTLS12Context

Provider: SunJSSE.putService(): SunJSSE: SSLContext.DTLS -> sun.security.ssl.SSLContextImpl$DTLSContext

Provider: SunJSSE.putService(): SunJSSE: SSLContext.Default -> sun.security.ssl.SSLContextImpl$DefaultSSLContext

Provider: SunJSSE.putService(): SunJSSE: KeyStore.PKCS12 -> sun.security.pkcs12.PKCS12KeyStore

Provider: SunJCE.putService(): SunJCE: Signature.NONEwithRSA -> com.sun.crypto.provider.RSACipherAdaptor
  attributes: {SupportedKeyClasses=java.security.interfaces.RSAPublicKey|java.security.interfaces.RSAPrivateKey}

Provider: SunJCE.putService(): SunJCE: Cipher.RSA -> com.sun.crypto.provider.RSACipher
  attributes: {SupportedModes=ECB, SupportedPaddings=NOPADDING|PKCS1PADDING|OAEPPADDING|OAEPWITHMD5ANDMGF1PADDING|OAEPWITHSHA1ANDMGF1PADDING|OAEPWITHSHA-1ANDMGF1PADDING|OAEPWITHSHA-224ANDMGF1PADDING|OAEPWITHSHA-256ANDMGF1PADDING|OAEPWITHSHA-384ANDMGF1PADDING|OAEPWITHSHA-512ANDMGF1PADDING|OAEPWITHSHA-512/224ANDMGF1PADDING|OAEPWITHSHA-512/256ANDMGF1PADDING, SupportedKeyClasses=java.security.interfaces.RSAPublicKey|java.security.interfaces.RSAPrivateKey}

Provider: SunJCE.putService(): SunJCE: Cipher.DES -> com.sun.crypto.provider.DESCipher
  attributes: {SupportedKeyFormats=RAW, SupportedModes=ECB|CBC|PCBC|CTR|CTS|CFB|OFB|CFB8|CFB16|CFB24|CFB32|CFB40|CFB48|CFB56|CFB64|OFB8|OFB16|OFB24|OFB32|OFB40|OFB48|OFB56|OFB64, SupportedPaddings=NOPADDING|PKCS5PADDING|ISO10126PADDING}

Provider: SunJCE.putService(): SunJCE: Cipher.DESede -> com.sun.crypto.provider.DESedeCipher
  aliases: [TripleDES]
  attributes: {SupportedKeyFormats=RAW, SupportedModes=ECB|CBC|PCBC|CTR|CTS|CFB|OFB|CFB8|CFB16|CFB24|CFB32|CFB40|CFB48|CFB56|CFB64|OFB8|OFB16|OFB24|OFB32|OFB40|OFB48|OFB56|OFB64, SupportedPaddings=NOPADDING|PKCS5PADDING|ISO10126PADDING}

Provider: SunJCE.putService(): SunJCE: Cipher.Blowfish -> com.sun.crypto.provider.BlowfishCipher
  attributes: {SupportedKeyFormats=RAW, SupportedModes=ECB|CBC|PCBC|CTR|CTS|CFB|OFB|CFB8|CFB16|CFB24|CFB32|CFB40|CFB48|CFB56|CFB64|OFB8|OFB16|OFB24|OFB32|OFB40|OFB48|OFB56|OFB64, SupportedPaddings=NOPADDING|PKCS5PADDING|ISO10126PADDING}

Provider: SunJCE.putService(): SunJCE: Cipher.RC2 -> com.sun.crypto.provider.RC2Cipher
  attributes: {SupportedKeyFormats=RAW, SupportedModes=ECB|CBC|PCBC|CTR|CTS|CFB|OFB|CFB8|CFB16|CFB24|CFB32|CFB40|CFB48|CFB56|CFB64|OFB8|OFB16|OFB24|OFB32|OFB40|OFB48|OFB56|OFB64, SupportedPaddings=NOPADDING|PKCS5PADDING|ISO10126PADDING}

Provider: SunJCE.putService(): SunJCE: Cipher.AES -> com.sun.crypto.provider.AESCipher$General
  aliases: [OID.2.16.840.1.101.3.4.1, 2.16.840.1.101.3.4.1]
  attributes: {SupportedKeyFormats=RAW, SupportedModes=ECB|CBC|PCBC|CTR|CTS|CFB|OFB|CFB8|CFB16|CFB24|CFB32|CFB40|CFB48|CFB56|CFB64|OFB8|OFB16|OFB24|OFB32|OFB40|OFB48|OFB56|OFB64|CFB72|CFB80|CFB88|CFB96|CFB104|CFB112|CFB120|CFB128|OFB72|OFB80|OFB88|OFB96|OFB104|OFB112|OFB120|OFB128, SupportedPaddings=NOPADDING|PKCS5PADDING|ISO10126PADDING}

Provider: SunJCE.putService(): SunJCE: Cipher.AES/KW/NoPadding -> com.sun.crypto.provider.KeyWrapCipher$AES_KW_NoPadding
  aliases: [AESWrap]
  attributes: {SupportedKeyFormats=RAW}

Provider: SunJCE.putService(): SunJCE: Cipher.AES/KW/PKCS5Padding -> com.sun.crypto.provider.KeyWrapCipher$AES_KW_PKCS5Padding
  attributes: {SupportedKeyFormats=RAW}

Provider: SunJCE.putService(): SunJCE: Cipher.AES/KWP/NoPadding -> com.sun.crypto.provider.KeyWrapCipher$AES_KWP_NoPadding
  aliases: [AESWrapPad]
  attributes: {SupportedKeyFormats=RAW}

Provider: SunJCE.putService(): SunJCE: Cipher.AES_128/ECB/NoPadding -> com.sun.crypto.provider.AESCipher$AES128_ECB_NoPadding
  aliases: [OID.2.16.840.1.101.3.4.1.1, 2.16.840.1.101.3.4.1.1]
  attributes: {SupportedKeyFormats=RAW}

Provider: SunJCE.putService(): SunJCE: Cipher.AES_128/CBC/NoPadding -> com.sun.crypto.provider.AESCipher$AES128_CBC_NoPadding
  aliases: [OID.2.16.840.1.101.3.4.1.2, 2.16.840.1.101.3.4.1.2]
  attributes: {SupportedKeyFormats=RAW}

Provider: SunJCE.putService(): SunJCE: Cipher.AES_128/OFB/NoPadding -> com.sun.crypto.provider.AESCipher$AES128_OFB_NoPadding
  aliases: [OID.2.16.840.1.101.3.4.1.3, 2.16.840.1.101.3.4.1.3]
  attributes: {SupportedKeyFormats=RAW}

Provider: SunJCE.putService(): SunJCE: Cipher.AES_128/CFB/NoPadding -> com.sun.crypto.provider.AESCipher$AES128_CFB_NoPadding
  aliases: [OID.2.16.840.1.101.3.4.1.4, 2.16.840.1.101.3.4.1.4]
  attributes: {SupportedKeyFormats=RAW}

Provider: SunJCE.putService(): SunJCE: Cipher.AES_128/KW/NoPadding -> com.sun.crypto.provider.KeyWrapCipher$AES128_KW_NoPadding
  aliases: [OID.2.16.840.1.101.3.4.1.5, 2.16.840.1.101.3.4.1.5, AESWrap_128]
  attributes: {SupportedKeyFormats=RAW}

Provider: SunJCE.putService(): SunJCE: Cipher.AES_128/KW/PKCS5Padding -> com.sun.crypto.provider.KeyWrapCipher$AES128_KW_PKCS5Padding
  attributes: {SupportedKeyFormats=RAW}

Provider: SunJCE.putService(): SunJCE: Cipher.AES_128/KWP/NoPadding -> com.sun.crypto.provider.KeyWrapCipher$AES128_KWP_NoPadding
  aliases: [OID.2.16.840.1.101.3.4.1.8, 2.16.840.1.101.3.4.1.8, AESWrapPad_128]
  attributes: {SupportedKeyFormats=RAW}

Provider: SunJCE.putService(): SunJCE: Cipher.AES_192/ECB/NoPadding -> com.sun.crypto.provider.AESCipher$AES192_ECB_NoPadding
  aliases: [OID.2.16.840.1.101.3.4.1.21, 2.16.840.1.101.3.4.1.21]
  attributes: {SupportedKeyFormats=RAW}

Provider: SunJCE.putService(): SunJCE: Cipher.AES_192/CBC/NoPadding -> com.sun.crypto.provider.AESCipher$AES192_CBC_NoPadding
  aliases: [OID.2.16.840.1.101.3.4.1.22, 2.16.840.1.101.3.4.1.22]
  attributes: {SupportedKeyFormats=RAW}

Provider: SunJCE.putService(): SunJCE: Cipher.AES_192/OFB/NoPadding -> com.sun.crypto.provider.AESCipher$AES192_OFB_NoPadding
  aliases: [OID.2.16.840.1.101.3.4.1.23, 2.16.840.1.101.3.4.1.23]
  attributes: {SupportedKeyFormats=RAW}

Provider: SunJCE.putService(): SunJCE: Cipher.AES_192/CFB/NoPadding -> com.sun.crypto.provider.AESCipher$AES192_CFB_NoPadding
  aliases: [OID.2.16.840.1.101.3.4.1.24, 2.16.840.1.101.3.4.1.24]
  attributes: {SupportedKeyFormats=RAW}

Provider: SunJCE.putService(): SunJCE: Cipher.AES_192/KW/NoPadding -> com.sun.crypto.provider.KeyWrapCipher$AES192_KW_NoPadding
  aliases: [OID.2.16.840.1.101.3.4.1.25, 2.16.840.1.101.3.4.1.25, AESWrap_192]
  attributes: {SupportedKeyFormats=RAW}

Provider: SunJCE.putService(): SunJCE: Cipher.AES_192/KW/PKCS5Padding -> com.sun.crypto.provider.KeyWrapCipher$AES192_KW_PKCS5Padding
  attributes: {SupportedKeyFormats=RAW}

Provider: SunJCE.putService(): SunJCE: Cipher.AES_192/KWP/NoPadding -> com.sun.crypto.provider.KeyWrapCipher$AES192_KWP_NoPadding
  aliases: [OID.2.16.840.1.101.3.4.1.28, 2.16.840.1.101.3.4.1.28, AESWrapPad_192]
  attributes: {SupportedKeyFormats=RAW}

Provider: SunJCE.putService(): SunJCE: Cipher.AES_256/ECB/NoPadding -> com.sun.crypto.provider.AESCipher$AES256_ECB_NoPadding
  aliases: [OID.2.16.840.1.101.3.4.1.41, 2.16.840.1.101.3.4.1.41]
  attributes: {SupportedKeyFormats=RAW}

Provider: SunJCE.putService(): SunJCE: Cipher.AES_256/CBC/NoPadding -> com.sun.crypto.provider.AESCipher$AES256_CBC_NoPadding
  aliases: [OID.2.16.840.1.101.3.4.1.42, 2.16.840.1.101.3.4.1.42]
  attributes: {SupportedKeyFormats=RAW}

Provider: SunJCE.putService(): SunJCE: Cipher.AES_256/OFB/NoPadding -> com.sun.crypto.provider.AESCipher$AES256_OFB_NoPadding
  aliases: [OID.2.16.840.1.101.3.4.1.43, 2.16.840.1.101.3.4.1.43]
  attributes: {SupportedKeyFormats=RAW}

Provider: SunJCE.putService(): SunJCE: Cipher.AES_256/CFB/NoPadding -> com.sun.crypto.provider.AESCipher$AES256_CFB_NoPadding
  aliases: [OID.2.16.840.1.101.3.4.1.44, 2.16.840.1.101.3.4.1.44]
  attributes: {SupportedKeyFormats=RAW}

Provider: SunJCE.putService(): SunJCE: Cipher.AES_256/KW/NoPadding -> com.sun.crypto.provider.KeyWrapCipher$AES256_KW_NoPadding
  aliases: [OID.2.16.840.1.101.3.4.1.45, 2.16.840.1.101.3.4.1.45, AESWrap_256]
  attributes: {SupportedKeyFormats=RAW}

Provider: SunJCE.putService(): SunJCE: Cipher.AES_256/KW/PKCS5Padding -> com.sun.crypto.provider.KeyWrapCipher$AES256_KW_PKCS5Padding
  attributes: {SupportedKeyFormats=RAW}

Provider: SunJCE.putService(): SunJCE: Cipher.AES_256/KWP/NoPadding -> com.sun.crypto.provider.KeyWrapCipher$AES256_KWP_NoPadding
  aliases: [OID.2.16.840.1.101.3.4.1.48, 2.16.840.1.101.3.4.1.48, AESWrapPad_256]
  attributes: {SupportedKeyFormats=RAW}

Provider: SunJCE.putService(): SunJCE: Cipher.AES/GCM/NoPadding -> com.sun.crypto.provider.GaloisCounterMode$AESGCM
  attributes: {SupportedKeyFormats=RAW, SupportedModes=GCM}

Provider: SunJCE.putService(): SunJCE: Cipher.AES_128/GCM/NoPadding -> com.sun.crypto.provider.GaloisCounterMode$AES128
  aliases: [OID.2.16.840.1.101.3.4.1.6, 2.16.840.1.101.3.4.1.6]
  attributes: {SupportedKeyFormats=RAW, SupportedModes=GCM}

Provider: SunJCE.putService(): SunJCE: Cipher.AES_192/GCM/NoPadding -> com.sun.crypto.provider.GaloisCounterMode$AES192
  aliases: [OID.2.16.840.1.101.3.4.1.26, 2.16.840.1.101.3.4.1.26]
  attributes: {SupportedKeyFormats=RAW, SupportedModes=GCM}

Provider: SunJCE.putService(): SunJCE: Cipher.AES_256/GCM/NoPadding -> com.sun.crypto.provider.GaloisCounterMode$AES256
  aliases: [OID.2.16.840.1.101.3.4.1.46, 2.16.840.1.101.3.4.1.46]
  attributes: {SupportedKeyFormats=RAW, SupportedModes=GCM}

Provider: SunJCE.putService(): SunJCE: Cipher.DESedeWrap -> com.sun.crypto.provider.DESedeWrapCipher
  attributes: {SupportedKeyFormats=RAW, SupportedModes=CBC, SupportedPaddings=NOPADDING}

Provider: SunJCE.putService(): SunJCE: Cipher.ARCFOUR -> com.sun.crypto.provider.ARCFOURCipher
  aliases: [OID.1.2.840.113549.3.4, 1.2.840.113549.3.4, RC4]
  attributes: {SupportedKeyFormats=RAW, SupportedModes=ECB, SupportedPaddings=NOPADDING}

Provider: SunJCE.putService(): SunJCE: Cipher.ChaCha20 -> com.sun.crypto.provider.ChaCha20Cipher$ChaCha20Only
  attributes: {SupportedKeyFormats=RAW}

Provider: SunJCE.putService(): SunJCE: Cipher.ChaCha20-Poly1305 -> com.sun.crypto.provider.ChaCha20Cipher$ChaCha20Poly1305
  aliases: [OID.1.2.840.113549.1.9.16.3.18, 1.2.840.113549.1.9.16.3.18]
  attributes: {SupportedKeyFormats=RAW}

Provider: SunJCE.putService(): SunJCE: Cipher.PBEWithMD5AndDES -> com.sun.crypto.provider.PBEWithMD5AndDESCipher
  aliases: [OID.1.2.840.113549.1.5.3, 1.2.840.113549.1.5.3, PBE]

Provider: SunJCE.putService(): SunJCE: Cipher.PBEWithMD5AndTripleDES -> com.sun.crypto.provider.PBEWithMD5AndTripleDESCipher

Provider: SunJCE.putService(): SunJCE: Cipher.PBEWithSHA1AndDESede -> com.sun.crypto.provider.PKCS12PBECipherCore$PBEWithSHA1AndDESede
  aliases: [OID.1.2.840.113549.1.12.1.3, 1.2.840.113549.1.12.1.3]

Provider: SunJCE.putService(): SunJCE: Cipher.PBEWithSHA1AndRC2_40 -> com.sun.crypto.provider.PKCS12PBECipherCore$PBEWithSHA1AndRC2_40
  aliases: [OID.1.2.840.113549.1.12.1.6, 1.2.840.113549.1.12.1.6]

Provider: SunJCE.putService(): SunJCE: Cipher.PBEWithSHA1AndRC2_128 -> com.sun.crypto.provider.PKCS12PBECipherCore$PBEWithSHA1AndRC2_128
  aliases: [OID.1.2.840.113549.1.12.1.5, 1.2.840.113549.1.12.1.5]

Provider: SunJCE.putService(): SunJCE: Cipher.PBEWithSHA1AndRC4_40 -> com.sun.crypto.provider.PKCS12PBECipherCore$PBEWithSHA1AndRC4_40
  aliases: [OID.1.2.840.113549.1.12.1.2, 1.2.840.113549.1.12.1.2]

Provider: SunJCE.putService(): SunJCE: Cipher.PBEWithSHA1AndRC4_128 -> com.sun.crypto.provider.PKCS12PBECipherCore$PBEWithSHA1AndRC4_128
  aliases: [OID.1.2.840.113549.1.12.1.1, 1.2.840.113549.1.12.1.1]

Provider: SunJCE.putService(): SunJCE: Cipher.PBEWithHmacSHA1AndAES_128 -> com.sun.crypto.provider.PBES2Core$HmacSHA1AndAES_128

Provider: SunJCE.putService(): SunJCE: Cipher.PBEWithHmacSHA224AndAES_128 -> com.sun.crypto.provider.PBES2Core$HmacSHA224AndAES_128

Provider: SunJCE.putService(): SunJCE: Cipher.PBEWithHmacSHA256AndAES_128 -> com.sun.crypto.provider.PBES2Core$HmacSHA256AndAES_128

Provider: SunJCE.putService(): SunJCE: Cipher.PBEWithHmacSHA384AndAES_128 -> com.sun.crypto.provider.PBES2Core$HmacSHA384AndAES_128

Provider: SunJCE.putService(): SunJCE: Cipher.PBEWithHmacSHA512AndAES_128 -> com.sun.crypto.provider.PBES2Core$HmacSHA512AndAES_128

Provider: SunJCE.putService(): SunJCE: Cipher.PBEWithHmacSHA512/224AndAES_128 -> com.sun.crypto.provider.PBES2Core$HmacSHA512_224AndAES_128

Provider: SunJCE.putService(): SunJCE: Cipher.PBEWithHmacSHA512/256AndAES_128 -> com.sun.crypto.provider.PBES2Core$HmacSHA512_256AndAES_128

Provider: SunJCE.putService(): SunJCE: Cipher.PBEWithHmacSHA1AndAES_256 -> com.sun.crypto.provider.PBES2Core$HmacSHA1AndAES_256

Provider: SunJCE.putService(): SunJCE: Cipher.PBEWithHmacSHA224AndAES_256 -> com.sun.crypto.provider.PBES2Core$HmacSHA224AndAES_256

Provider: SunJCE.putService(): SunJCE: Cipher.PBEWithHmacSHA256AndAES_256 -> com.sun.crypto.provider.PBES2Core$HmacSHA256AndAES_256

Provider: SunJCE.putService(): SunJCE: Cipher.PBEWithHmacSHA384AndAES_256 -> com.sun.crypto.provider.PBES2Core$HmacSHA384AndAES_256

Provider: SunJCE.putService(): SunJCE: Cipher.PBEWithHmacSHA512AndAES_256 -> com.sun.crypto.provider.PBES2Core$HmacSHA512AndAES_256

Provider: SunJCE.putService(): SunJCE: Cipher.PBEWithHmacSHA512/224AndAES_256 -> com.sun.crypto.provider.PBES2Core$HmacSHA512_224AndAES_256

Provider: SunJCE.putService(): SunJCE: Cipher.PBEWithHmacSHA512/256AndAES_256 -> com.sun.crypto.provider.PBES2Core$HmacSHA512_256AndAES_256

Provider: SunJCE.putService(): SunJCE: KeyGenerator.DES -> com.sun.crypto.provider.DESKeyGenerator

Provider: SunJCE.putService(): SunJCE: KeyGenerator.DESede -> com.sun.crypto.provider.DESedeKeyGenerator
  aliases: [TripleDES]

Provider: SunJCE.putService(): SunJCE: KeyGenerator.Blowfish -> com.sun.crypto.provider.BlowfishKeyGenerator

Provider: SunJCE.putService(): SunJCE: KeyGenerator.AES -> com.sun.crypto.provider.AESKeyGenerator
  aliases: [OID.2.16.840.1.101.3.4.1, 2.16.840.1.101.3.4.1]

Provider: SunJCE.putService(): SunJCE: KeyGenerator.RC2 -> com.sun.crypto.provider.KeyGeneratorCore$RC2KeyGenerator

Provider: SunJCE.putService(): SunJCE: KeyGenerator.ARCFOUR -> com.sun.crypto.provider.KeyGeneratorCore$ARCFOURKeyGenerator
  aliases: [OID.1.2.840.113549.3.4, 1.2.840.113549.3.4, RC4]

Provider: SunJCE.putService(): SunJCE: KeyGenerator.ChaCha20 -> com.sun.crypto.provider.KeyGeneratorCore$ChaCha20KeyGenerator

Provider: SunJCE.putService(): SunJCE: KeyGenerator.HmacMD5 -> com.sun.crypto.provider.HmacMD5KeyGenerator

Provider: SunJCE.putService(): SunJCE: KeyGenerator.HmacSHA1 -> com.sun.crypto.provider.HmacSHA1KeyGenerator
  aliases: [OID.1.2.840.113549.2.7, 1.2.840.113549.2.7]

Provider: SunJCE.putService(): SunJCE: KeyGenerator.HmacSHA224 -> com.sun.crypto.provider.KeyGeneratorCore$HmacKG$SHA224
  aliases: [OID.1.2.840.113549.2.8, 1.2.840.113549.2.8]

Provider: SunJCE.putService(): SunJCE: KeyGenerator.HmacSHA256 -> com.sun.crypto.provider.KeyGeneratorCore$HmacKG$SHA256
  aliases: [OID.1.2.840.113549.2.9, 1.2.840.113549.2.9]

Provider: SunJCE.putService(): SunJCE: KeyGenerator.HmacSHA384 -> com.sun.crypto.provider.KeyGeneratorCore$HmacKG$SHA384
  aliases: [OID.1.2.840.113549.2.10, 1.2.840.113549.2.10]

Provider: SunJCE.putService(): SunJCE: KeyGenerator.HmacSHA512 -> com.sun.crypto.provider.KeyGeneratorCore$HmacKG$SHA512
  aliases: [OID.1.2.840.113549.2.11, 1.2.840.113549.2.11]

Provider: SunJCE.putService(): SunJCE: KeyGenerator.HmacSHA512/224 -> com.sun.crypto.provider.KeyGeneratorCore$HmacKG$SHA512_224
  aliases: [OID.1.2.840.113549.2.12, 1.2.840.113549.2.12]

Provider: SunJCE.putService(): SunJCE: KeyGenerator.HmacSHA512/256 -> com.sun.crypto.provider.KeyGeneratorCore$HmacKG$SHA512_256
  aliases: [OID.1.2.840.113549.2.13, 1.2.840.113549.2.13]

Provider: SunJCE.putService(): SunJCE: KeyGenerator.HmacSHA3-224 -> com.sun.crypto.provider.KeyGeneratorCore$HmacKG$SHA3_224
  aliases: [OID.2.16.840.1.101.3.4.2.13, 2.16.840.1.101.3.4.2.13]

Provider: SunJCE.putService(): SunJCE: KeyGenerator.HmacSHA3-256 -> com.sun.crypto.provider.KeyGeneratorCore$HmacKG$SHA3_256
  aliases: [OID.2.16.840.1.101.3.4.2.14, 2.16.840.1.101.3.4.2.14]

Provider: SunJCE.putService(): SunJCE: KeyGenerator.HmacSHA3-384 -> com.sun.crypto.provider.KeyGeneratorCore$HmacKG$SHA3_384
  aliases: [OID.2.16.840.1.101.3.4.2.15, 2.16.840.1.101.3.4.2.15]

Provider: SunJCE.putService(): SunJCE: KeyGenerator.HmacSHA3-512 -> com.sun.crypto.provider.KeyGeneratorCore$HmacKG$SHA3_512
  aliases: [OID.2.16.840.1.101.3.4.2.16, 2.16.840.1.101.3.4.2.16]

Provider: SunJCE.putService(): SunJCE: KeyPairGenerator.DiffieHellman -> com.sun.crypto.provider.DHKeyPairGenerator
  aliases: [OID.1.2.840.113549.1.3.1, 1.2.840.113549.1.3.1, DH]

Provider: SunJCE.putService(): SunJCE: AlgorithmParameterGenerator.DiffieHellman -> com.sun.crypto.provider.DHParameterGenerator
  aliases: [OID.1.2.840.113549.1.3.1, 1.2.840.113549.1.3.1, DH]

Provider: SunJCE.putService(): SunJCE: KeyAgreement.DiffieHellman -> com.sun.crypto.provider.DHKeyAgreement
  aliases: [OID.1.2.840.113549.1.3.1, 1.2.840.113549.1.3.1, DH]
  attributes: {SupportedKeyClasses=javax.crypto.interfaces.DHPublicKey|javax.crypto.interfaces.DHPrivateKey}

Provider: SunJCE.putService(): SunJCE: AlgorithmParameters.DiffieHellman -> com.sun.crypto.provider.DHParameters
  aliases: [OID.1.2.840.113549.1.3.1, 1.2.840.113549.1.3.1, DH]

Provider: SunJCE.putService(): SunJCE: AlgorithmParameters.DES -> com.sun.crypto.provider.DESParameters

Provider: SunJCE.putService(): SunJCE: AlgorithmParameters.DESede -> com.sun.crypto.provider.DESedeParameters
  aliases: [TripleDES]

Provider: SunJCE.putService(): SunJCE: AlgorithmParameters.PBEWithMD5AndDES -> com.sun.crypto.provider.PBEParameters
  aliases: [OID.1.2.840.113549.1.5.3, 1.2.840.113549.1.5.3, PBE]

Provider: SunJCE.putService(): SunJCE: AlgorithmParameters.PBEWithMD5AndTripleDES -> com.sun.crypto.provider.PBEParameters

Provider: SunJCE.putService(): SunJCE: AlgorithmParameters.PBEWithSHA1AndDESede -> com.sun.crypto.provider.PBEParameters
  aliases: [OID.1.2.840.113549.1.12.1.3, 1.2.840.113549.1.12.1.3]

Provider: SunJCE.putService(): SunJCE: AlgorithmParameters.PBEWithSHA1AndRC2_40 -> com.sun.crypto.provider.PBEParameters
  aliases: [OID.1.2.840.113549.1.12.1.6, 1.2.840.113549.1.12.1.6]

Provider: SunJCE.putService(): SunJCE: AlgorithmParameters.PBEWithSHA1AndRC2_128 -> com.sun.crypto.provider.PBEParameters
  aliases: [OID.1.2.840.113549.1.12.1.5, 1.2.840.113549.1.12.1.5]

Provider: SunJCE.putService(): SunJCE: AlgorithmParameters.PBEWithSHA1AndRC4_40 -> com.sun.crypto.provider.PBEParameters
  aliases: [OID.1.2.840.113549.1.12.1.2, 1.2.840.113549.1.12.1.2]

Provider: SunJCE.putService(): SunJCE: AlgorithmParameters.PBEWithSHA1AndRC4_128 -> com.sun.crypto.provider.PBEParameters
  aliases: [OID.1.2.840.113549.1.12.1.1, 1.2.840.113549.1.12.1.1]

Provider: SunJCE.putService(): SunJCE: AlgorithmParameters.PBES2 -> com.sun.crypto.provider.PBES2Parameters$General
  aliases: [OID.1.2.840.113549.1.5.13, 1.2.840.113549.1.5.13]

Provider: SunJCE.putService(): SunJCE: AlgorithmParameters.PBEWithHmacSHA1AndAES_128 -> com.sun.crypto.provider.PBES2Parameters$HmacSHA1AndAES_128

Provider: SunJCE.putService(): SunJCE: AlgorithmParameters.PBEWithHmacSHA224AndAES_128 -> com.sun.crypto.provider.PBES2Parameters$HmacSHA224AndAES_128

Provider: SunJCE.putService(): SunJCE: AlgorithmParameters.PBEWithHmacSHA256AndAES_128 -> com.sun.crypto.provider.PBES2Parameters$HmacSHA256AndAES_128

Provider: SunJCE.putService(): SunJCE: AlgorithmParameters.PBEWithHmacSHA384AndAES_128 -> com.sun.crypto.provider.PBES2Parameters$HmacSHA384AndAES_128

Provider: SunJCE.putService(): SunJCE: AlgorithmParameters.PBEWithHmacSHA512AndAES_128 -> com.sun.crypto.provider.PBES2Parameters$HmacSHA512AndAES_128

Provider: SunJCE.putService(): SunJCE: AlgorithmParameters.PBEWithHmacSHA512/224AndAES_128 -> com.sun.crypto.provider.PBES2Parameters$HmacSHA512_224AndAES_128

Provider: SunJCE.putService(): SunJCE: AlgorithmParameters.PBEWithHmacSHA512/256AndAES_128 -> com.sun.crypto.provider.PBES2Parameters$HmacSHA512_256AndAES_128

Provider: SunJCE.putService(): SunJCE: AlgorithmParameters.PBEWithHmacSHA1AndAES_256 -> com.sun.crypto.provider.PBES2Parameters$HmacSHA1AndAES_256

Provider: SunJCE.putService(): SunJCE: AlgorithmParameters.PBEWithHmacSHA224AndAES_256 -> com.sun.crypto.provider.PBES2Parameters$HmacSHA224AndAES_256

Provider: SunJCE.putService(): SunJCE: AlgorithmParameters.PBEWithHmacSHA256AndAES_256 -> com.sun.crypto.provider.PBES2Parameters$HmacSHA256AndAES_256

Provider: SunJCE.putService(): SunJCE: AlgorithmParameters.PBEWithHmacSHA384AndAES_256 -> com.sun.crypto.provider.PBES2Parameters$HmacSHA384AndAES_256

Provider: SunJCE.putService(): SunJCE: AlgorithmParameters.PBEWithHmacSHA512AndAES_256 -> com.sun.crypto.provider.PBES2Parameters$HmacSHA512AndAES_256

Provider: SunJCE.putService(): SunJCE: AlgorithmParameters.PBEWithHmacSHA512/224AndAES_256 -> com.sun.crypto.provider.PBES2Parameters$HmacSHA512_224AndAES_256

Provider: SunJCE.putService(): SunJCE: AlgorithmParameters.PBEWithHmacSHA512/256AndAES_256 -> com.sun.crypto.provider.PBES2Parameters$HmacSHA512_256AndAES_256

Provider: SunJCE.putService(): SunJCE: AlgorithmParameters.Blowfish -> com.sun.crypto.provider.BlowfishParameters

Provider: SunJCE.putService(): SunJCE: AlgorithmParameters.AES -> com.sun.crypto.provider.AESParameters
  aliases: [OID.2.16.840.1.101.3.4.1, 2.16.840.1.101.3.4.1]

Provider: SunJCE.putService(): SunJCE: AlgorithmParameters.GCM -> com.sun.crypto.provider.GCMParameters

Provider: SunJCE.putService(): SunJCE: AlgorithmParameters.RC2 -> com.sun.crypto.provider.RC2Parameters

Provider: SunJCE.putService(): SunJCE: AlgorithmParameters.OAEP -> com.sun.crypto.provider.OAEPParameters
  aliases: [OID.1.2.840.113549.1.1.7, 1.2.840.113549.1.1.7]

Provider: SunJCE.putService(): SunJCE: AlgorithmParameters.ChaCha20-Poly1305 -> com.sun.crypto.provider.ChaCha20Poly1305Parameters
  aliases: [OID.1.2.840.113549.1.9.16.3.18, 1.2.840.113549.1.9.16.3.18]

Provider: SunJCE.putService(): SunJCE: KeyFactory.DiffieHellman -> com.sun.crypto.provider.DHKeyFactory
  aliases: [OID.1.2.840.113549.1.3.1, 1.2.840.113549.1.3.1, DH]

Provider: SunJCE.putService(): SunJCE: SecretKeyFactory.DES -> com.sun.crypto.provider.DESKeyFactory

Provider: SunJCE.putService(): SunJCE: SecretKeyFactory.DESede -> com.sun.crypto.provider.DESedeKeyFactory
  aliases: [TripleDES]

Provider: SunJCE.putService(): SunJCE: SecretKeyFactory.PBEWithMD5AndDES -> com.sun.crypto.provider.PBEKeyFactory$PBEWithMD5AndDES
  aliases: [OID.1.2.840.113549.1.5.3, 1.2.840.113549.1.5.3, PBE]

Provider: SunJCE.putService(): SunJCE: SecretKeyFactory.PBEWithMD5AndTripleDES -> com.sun.crypto.provider.PBEKeyFactory$PBEWithMD5AndTripleDES

Provider: SunJCE.putService(): SunJCE: SecretKeyFactory.PBEWithSHA1AndDESede -> com.sun.crypto.provider.PBEKeyFactory$PBEWithSHA1AndDESede
  aliases: [OID.1.2.840.113549.1.12.1.3, 1.2.840.113549.1.12.1.3]

Provider: SunJCE.putService(): SunJCE: SecretKeyFactory.PBEWithSHA1AndRC2_40 -> com.sun.crypto.provider.PBEKeyFactory$PBEWithSHA1AndRC2_40
  aliases: [OID.1.2.840.113549.1.12.1.6, 1.2.840.113549.1.12.1.6]

Provider: SunJCE.putService(): SunJCE: SecretKeyFactory.PBEWithSHA1AndRC2_128 -> com.sun.crypto.provider.PBEKeyFactory$PBEWithSHA1AndRC2_128
  aliases: [OID.1.2.840.113549.1.12.1.5, 1.2.840.113549.1.12.1.5]

Provider: SunJCE.putService(): SunJCE: SecretKeyFactory.PBEWithSHA1AndRC4_40 -> com.sun.crypto.provider.PBEKeyFactory$PBEWithSHA1AndRC4_40
  aliases: [OID.1.2.840.113549.1.12.1.2, 1.2.840.113549.1.12.1.2]

Provider: SunJCE.putService(): SunJCE: SecretKeyFactory.PBEWithSHA1AndRC4_128 -> com.sun.crypto.provider.PBEKeyFactory$PBEWithSHA1AndRC4_128
  aliases: [OID.1.2.840.113549.1.12.1.1, 1.2.840.113549.1.12.1.1]

Provider: SunJCE.putService(): SunJCE: SecretKeyFactory.PBEWithHmacSHA1AndAES_128 -> com.sun.crypto.provider.PBEKeyFactory$PBEWithHmacSHA1AndAES_128

Provider: SunJCE.putService(): SunJCE: SecretKeyFactory.PBEWithHmacSHA224AndAES_128 -> com.sun.crypto.provider.PBEKeyFactory$PBEWithHmacSHA224AndAES_128

Provider: SunJCE.putService(): SunJCE: SecretKeyFactory.PBEWithHmacSHA256AndAES_128 -> com.sun.crypto.provider.PBEKeyFactory$PBEWithHmacSHA256AndAES_128

Provider: SunJCE.putService(): SunJCE: SecretKeyFactory.PBEWithHmacSHA384AndAES_128 -> com.sun.crypto.provider.PBEKeyFactory$PBEWithHmacSHA384AndAES_128

Provider: SunJCE.putService(): SunJCE: SecretKeyFactory.PBEWithHmacSHA512AndAES_128 -> com.sun.crypto.provider.PBEKeyFactory$PBEWithHmacSHA512AndAES_128

Provider: SunJCE.putService(): SunJCE: SecretKeyFactory.PBEWithHmacSHA512/224AndAES_128 -> com.sun.crypto.provider.PBEKeyFactory$PBEWithHmacSHA512_224AndAES_128

Provider: SunJCE.putService(): SunJCE: SecretKeyFactory.PBEWithHmacSHA512/256AndAES_128 -> com.sun.crypto.provider.PBEKeyFactory$PBEWithHmacSHA512_256AndAES_128

Provider: SunJCE.putService(): SunJCE: SecretKeyFactory.PBEWithHmacSHA1AndAES_256 -> com.sun.crypto.provider.PBEKeyFactory$PBEWithHmacSHA1AndAES_256

Provider: SunJCE.putService(): SunJCE: SecretKeyFactory.PBEWithHmacSHA224AndAES_256 -> com.sun.crypto.provider.PBEKeyFactory$PBEWithHmacSHA224AndAES_256

Provider: SunJCE.putService(): SunJCE: SecretKeyFactory.PBEWithHmacSHA256AndAES_256 -> com.sun.crypto.provider.PBEKeyFactory$PBEWithHmacSHA256AndAES_256

Provider: SunJCE.putService(): SunJCE: SecretKeyFactory.PBEWithHmacSHA384AndAES_256 -> com.sun.crypto.provider.PBEKeyFactory$PBEWithHmacSHA384AndAES_256

Provider: SunJCE.putService(): SunJCE: SecretKeyFactory.PBEWithHmacSHA512AndAES_256 -> com.sun.crypto.provider.PBEKeyFactory$PBEWithHmacSHA512AndAES_256

Provider: SunJCE.putService(): SunJCE: SecretKeyFactory.PBEWithHmacSHA512/224AndAES_256 -> com.sun.crypto.provider.PBEKeyFactory$PBEWithHmacSHA512_224AndAES_256

Provider: SunJCE.putService(): SunJCE: SecretKeyFactory.PBEWithHmacSHA512/256AndAES_256 -> com.sun.crypto.provider.PBEKeyFactory$PBEWithHmacSHA512_256AndAES_256

Provider: SunJCE.putService(): SunJCE: SecretKeyFactory.PBKDF2WithHmacSHA1 -> com.sun.crypto.provider.PBKDF2Core$HmacSHA1
  aliases: [OID.1.2.840.113549.1.5.12, 1.2.840.113549.1.5.12]

Provider: SunJCE.putService(): SunJCE: SecretKeyFactory.PBKDF2WithHmacSHA224 -> com.sun.crypto.provider.PBKDF2Core$HmacSHA224

Provider: SunJCE.putService(): SunJCE: SecretKeyFactory.PBKDF2WithHmacSHA256 -> com.sun.crypto.provider.PBKDF2Core$HmacSHA256

Provider: SunJCE.putService(): SunJCE: SecretKeyFactory.PBKDF2WithHmacSHA384 -> com.sun.crypto.provider.PBKDF2Core$HmacSHA384

Provider: SunJCE.putService(): SunJCE: SecretKeyFactory.PBKDF2WithHmacSHA512 -> com.sun.crypto.provider.PBKDF2Core$HmacSHA512

Provider: SunJCE.putService(): SunJCE: SecretKeyFactory.PBKDF2WithHmacSHA512/224 -> com.sun.crypto.provider.PBKDF2Core$HmacSHA512_224

Provider: SunJCE.putService(): SunJCE: SecretKeyFactory.PBKDF2WithHmacSHA512/256 -> com.sun.crypto.provider.PBKDF2Core$HmacSHA512_256

Provider: SunJCE.putService(): SunJCE: Mac.HmacMD5 -> com.sun.crypto.provider.HmacMD5
  attributes: {SupportedKeyFormats=RAW}

Provider: SunJCE.putService(): SunJCE: Mac.HmacSHA1 -> com.sun.crypto.provider.HmacSHA1
  aliases: [OID.1.2.840.113549.2.7, 1.2.840.113549.2.7]
  attributes: {SupportedKeyFormats=RAW}

Provider: SunJCE.putService(): SunJCE: Mac.HmacSHA224 -> com.sun.crypto.provider.HmacCore$HmacSHA224
  aliases: [OID.1.2.840.113549.2.8, 1.2.840.113549.2.8]
  attributes: {SupportedKeyFormats=RAW}

Provider: SunJCE.putService(): SunJCE: Mac.HmacSHA256 -> com.sun.crypto.provider.HmacCore$HmacSHA256
  aliases: [OID.1.2.840.113549.2.9, 1.2.840.113549.2.9]
  attributes: {SupportedKeyFormats=RAW}

Provider: SunJCE.putService(): SunJCE: Mac.HmacSHA384 -> com.sun.crypto.provider.HmacCore$HmacSHA384
  aliases: [OID.1.2.840.113549.2.10, 1.2.840.113549.2.10]
  attributes: {SupportedKeyFormats=RAW}

Provider: SunJCE.putService(): SunJCE: Mac.HmacSHA512 -> com.sun.crypto.provider.HmacCore$HmacSHA512
  aliases: [OID.1.2.840.113549.2.11, 1.2.840.113549.2.11]
  attributes: {SupportedKeyFormats=RAW}

Provider: SunJCE.putService(): SunJCE: Mac.HmacSHA512/224 -> com.sun.crypto.provider.HmacCore$HmacSHA512_224
  aliases: [OID.1.2.840.113549.2.12, 1.2.840.113549.2.12]
  attributes: {SupportedKeyFormats=RAW}

Provider: SunJCE.putService(): SunJCE: Mac.HmacSHA512/256 -> com.sun.crypto.provider.HmacCore$HmacSHA512_256
  aliases: [OID.1.2.840.113549.2.13, 1.2.840.113549.2.13]
  attributes: {SupportedKeyFormats=RAW}

Provider: SunJCE.putService(): SunJCE: Mac.HmacSHA3-224 -> com.sun.crypto.provider.HmacCore$HmacSHA3_224
  aliases: [OID.2.16.840.1.101.3.4.2.13, 2.16.840.1.101.3.4.2.13]
  attributes: {SupportedKeyFormats=RAW}

Provider: SunJCE.putService(): SunJCE: Mac.HmacSHA3-256 -> com.sun.crypto.provider.HmacCore$HmacSHA3_256
  aliases: [OID.2.16.840.1.101.3.4.2.14, 2.16.840.1.101.3.4.2.14]
  attributes: {SupportedKeyFormats=RAW}

Provider: SunJCE.putService(): SunJCE: Mac.HmacSHA3-384 -> com.sun.crypto.provider.HmacCore$HmacSHA3_384
  aliases: [OID.2.16.840.1.101.3.4.2.15, 2.16.840.1.101.3.4.2.15]
  attributes: {SupportedKeyFormats=RAW}

Provider: SunJCE.putService(): SunJCE: Mac.HmacSHA3-512 -> com.sun.crypto.provider.HmacCore$HmacSHA3_512
  aliases: [OID.2.16.840.1.101.3.4.2.16, 2.16.840.1.101.3.4.2.16]
  attributes: {SupportedKeyFormats=RAW}

Provider: SunJCE.putService(): SunJCE: Mac.HmacPBESHA1 -> com.sun.crypto.provider.HmacPKCS12PBECore$HmacPKCS12PBE_SHA1
  attributes: {SupportedKeyFormats=RAW}

Provider: SunJCE.putService(): SunJCE: Mac.HmacPBESHA224 -> com.sun.crypto.provider.HmacPKCS12PBECore$HmacPKCS12PBE_SHA224
  attributes: {SupportedKeyFormats=RAW}

Provider: SunJCE.putService(): SunJCE: Mac.HmacPBESHA256 -> com.sun.crypto.provider.HmacPKCS12PBECore$HmacPKCS12PBE_SHA256
  attributes: {SupportedKeyFormats=RAW}

Provider: SunJCE.putService(): SunJCE: Mac.HmacPBESHA384 -> com.sun.crypto.provider.HmacPKCS12PBECore$HmacPKCS12PBE_SHA384
  attributes: {SupportedKeyFormats=RAW}

Provider: SunJCE.putService(): SunJCE: Mac.HmacPBESHA512 -> com.sun.crypto.provider.HmacPKCS12PBECore$HmacPKCS12PBE_SHA512
  attributes: {SupportedKeyFormats=RAW}

Provider: SunJCE.putService(): SunJCE: Mac.HmacPBESHA512/224 -> com.sun.crypto.provider.HmacPKCS12PBECore$HmacPKCS12PBE_SHA512_224
  attributes: {SupportedKeyFormats=RAW}

Provider: SunJCE.putService(): SunJCE: Mac.HmacPBESHA512/256 -> com.sun.crypto.provider.HmacPKCS12PBECore$HmacPKCS12PBE_SHA512_256
  attributes: {SupportedKeyFormats=RAW}

Provider: SunJCE.putService(): SunJCE: Mac.PBEWithHmacSHA1 -> com.sun.crypto.provider.PBMAC1Core$HmacSHA1
  attributes: {SupportedKeyFormats=RAW}

Provider: SunJCE.putService(): SunJCE: Mac.PBEWithHmacSHA224 -> com.sun.crypto.provider.PBMAC1Core$HmacSHA224
  attributes: {SupportedKeyFormats=RAW}

Provider: SunJCE.putService(): SunJCE: Mac.PBEWithHmacSHA256 -> com.sun.crypto.provider.PBMAC1Core$HmacSHA256
  attributes: {SupportedKeyFormats=RAW}

Provider: SunJCE.putService(): SunJCE: Mac.PBEWithHmacSHA384 -> com.sun.crypto.provider.PBMAC1Core$HmacSHA384
  attributes: {SupportedKeyFormats=RAW}

Provider: SunJCE.putService(): SunJCE: Mac.PBEWithHmacSHA512 -> com.sun.crypto.provider.PBMAC1Core$HmacSHA512
  attributes: {SupportedKeyFormats=RAW}

Provider: SunJCE.putService(): SunJCE: Mac.PBEWithHmacSHA512/224 -> com.sun.crypto.provider.PBMAC1Core$HmacSHA512_224
  attributes: {SupportedKeyFormats=RAW}

Provider: SunJCE.putService(): SunJCE: Mac.PBEWithHmacSHA512/256 -> com.sun.crypto.provider.PBMAC1Core$HmacSHA512_256
  attributes: {SupportedKeyFormats=RAW}

Provider: SunJCE.putService(): SunJCE: Mac.SslMacMD5 -> com.sun.crypto.provider.SslMacCore$SslMacMD5
  attributes: {SupportedKeyFormats=RAW}

Provider: SunJCE.putService(): SunJCE: Mac.SslMacSHA1 -> com.sun.crypto.provider.SslMacCore$SslMacSHA1
  attributes: {SupportedKeyFormats=RAW}

Provider: SunJCE.putService(): SunJCE: KeyStore.JCEKS -> com.sun.crypto.provider.JceKeyStore

Provider: SunJCE.putService(): SunJCE: KEM.DHKEM -> com.sun.crypto.provider.DHKEM
  attributes: {ImplementedIn=Software, SupportedKeyClasses=java.security.interfaces.ECKey|java.security.interfaces.XECKey}

Provider: SunJCE.putService(): SunJCE: KeyGenerator.SunTlsPrf -> com.sun.crypto.provider.TlsPrfGenerator$V10

Provider: SunJCE.putService(): SunJCE: KeyGenerator.SunTls12Prf -> com.sun.crypto.provider.TlsPrfGenerator$V12

Provider: SunJCE.putService(): SunJCE: KeyGenerator.SunTlsMasterSecret -> com.sun.crypto.provider.TlsMasterSecretGenerator
  aliases: [SunTls12MasterSecret, SunTlsExtendedMasterSecret]

Provider: SunJCE.putService(): SunJCE: KeyGenerator.SunTlsKeyMaterial -> com.sun.crypto.provider.TlsKeyMaterialGenerator
  aliases: [SunTls12KeyMaterial]

Provider: SunJCE.putService(): SunJCE: KeyGenerator.SunTlsRsaPremasterSecret -> com.sun.crypto.provider.TlsRsaPremasterSecretGenerator
  aliases: [SunTls12RsaPremasterSecret]

Provider: JdkSASL.putService(): JdkSASL: SaslClientFactory.GSSAPI -> com.sun.security.sasl.gsskerb.FactoryImpl

Provider: JdkSASL.putService(): JdkSASL: SaslServerFactory.GSSAPI -> com.sun.security.sasl.gsskerb.FactoryImpl

Provider: XMLDSig.putService(): XMLDSig: XMLSignatureFactory.DOM -> org.jcp.xml.dsig.internal.dom.DOMXMLSignatureFactory

Provider: XMLDSig.putService(): XMLDSig: KeyInfoFactory.DOM -> org.jcp.xml.dsig.internal.dom.DOMKeyInfoFactory

Provider: XMLDSig.putService(): XMLDSig: TransformService.http://www.w3.org/TR/2001/REC-xml-c14n-20010315 -> org.jcp.xml.dsig.internal.dom.DOMCanonicalXMLC14NMethod
  aliases: [INCLUSIVE]
  attributes: {MechanismType=DOM}

Provider: XMLDSig.putService(): XMLDSig: TransformService.http://www.w3.org/TR/2001/REC-xml-c14n-20010315#WithComments -> org.jcp.xml.dsig.internal.dom.DOMCanonicalXMLC14NMethod
  aliases: [INCLUSIVE_WITH_COMMENTS]
  attributes: {MechanismType=DOM}

Provider: XMLDSig.putService(): XMLDSig: TransformService.http://www.w3.org/2006/12/xml-c14n11 -> org.jcp.xml.dsig.internal.dom.DOMCanonicalXMLC14N11Method
  attributes: {MechanismType=DOM}

Provider: XMLDSig.putService(): XMLDSig: TransformService.http://www.w3.org/2006/12/xml-c14n11#WithComments -> org.jcp.xml.dsig.internal.dom.DOMCanonicalXMLC14N11Method
  attributes: {MechanismType=DOM}

Provider: XMLDSig.putService(): XMLDSig: TransformService.http://www.w3.org/2001/10/xml-exc-c14n# -> org.jcp.xml.dsig.internal.dom.DOMExcC14NMethod
  aliases: [EXCLUSIVE]
  attributes: {MechanismType=DOM}

Provider: XMLDSig.putService(): XMLDSig: TransformService.http://www.w3.org/2001/10/xml-exc-c14n#WithComments -> org.jcp.xml.dsig.internal.dom.DOMExcC14NMethod
  aliases: [EXCLUSIVE_WITH_COMMENTS]
  attributes: {MechanismType=DOM}

Provider: XMLDSig.putService(): XMLDSig: TransformService.http://www.w3.org/2000/09/xmldsig#base64 -> org.jcp.xml.dsig.internal.dom.DOMBase64Transform
  aliases: [BASE64]
  attributes: {MechanismType=DOM}

Provider: XMLDSig.putService(): XMLDSig: TransformService.http://www.w3.org/2000/09/xmldsig#enveloped-signature -> org.jcp.xml.dsig.internal.dom.DOMEnvelopedTransform
  aliases: [ENVELOPED]
  attributes: {MechanismType=DOM}

Provider: XMLDSig.putService(): XMLDSig: TransformService.http://www.w3.org/2002/06/xmldsig-filter2 -> org.jcp.xml.dsig.internal.dom.DOMXPathFilter2Transform
  aliases: [XPATH2]
  attributes: {MechanismType=DOM}

Provider: XMLDSig.putService(): XMLDSig: TransformService.http://www.w3.org/TR/1999/REC-xpath-19991116 -> org.jcp.xml.dsig.internal.dom.DOMXPathTransform
  aliases: [XPATH]
  attributes: {MechanismType=DOM}

Provider: XMLDSig.putService(): XMLDSig: TransformService.http://www.w3.org/TR/1999/REC-xslt-19991116 -> org.jcp.xml.dsig.internal.dom.DOMXSLTTransform
  aliases: [XSLT]
  attributes: {MechanismType=DOM}

Provider: SunPCSC.putService(): SunPCSC: TerminalFactory.PC/SC -> sun.security.smartcardio.SunPCSC$Factory

Provider: SunJGSS.putService(): SunJGSS: GssApiMechanism.1.2.840.113554.1.2.2 -> sun.security.jgss.krb5.Krb5MechFactory

Provider: SunJGSS.putService(): SunJGSS: GssApiMechanism.1.3.6.1.5.5.2 -> sun.security.jgss.spnego.SpNegoMechFactory

Provider: SunSASL.putService(): SunSASL: SaslClientFactory.DIGEST-MD5 -> com.sun.security.sasl.digest.FactoryImpl

Provider: SunSASL.putService(): SunSASL: SaslClientFactory.NTLM -> com.sun.security.sasl.ntlm.FactoryImpl

Provider: SunSASL.putService(): SunSASL: SaslClientFactory.EXTERNAL -> com.sun.security.sasl.ClientFactoryImpl

Provider: SunSASL.putService(): SunSASL: SaslClientFactory.PLAIN -> com.sun.security.sasl.ClientFactoryImpl

Provider: SunSASL.putService(): SunSASL: SaslClientFactory.CRAM-MD5 -> com.sun.security.sasl.ClientFactoryImpl

Provider: SunSASL.putService(): SunSASL: SaslServerFactory.CRAM-MD5 -> com.sun.security.sasl.ServerFactoryImpl

Provider: SunSASL.putService(): SunSASL: SaslServerFactory.DIGEST-MD5 -> com.sun.security.sasl.digest.FactoryImpl

Provider: SunSASL.putService(): SunSASL: SaslServerFactory.NTLM -> com.sun.security.sasl.ntlm.FactoryImpl

Provider: JdkLDAP.putService(): JdkLDAP: CertStore.LDAP -> sun.security.provider.certpath.ldap.LDAPCertStore
  attributes: {ImplementedIn=Software, LDAPSchema=RFC2587}

Updating the configuration and installing your custom providers, if any. Please wait.
Provider: MessageDigest.SHA algorithm from: SUN
Provider: MessageDigest.SHA-1 algorithm from: SUN
Provider: MessageDigest.SHA-1 algorithm from: SUN
Provider: MessageDigest.SHA-1 algorithm from: SUN
Provider: MessageDigest.SHA-1 algorithm from: SUN
Provider: MessageDigest.SHA-1 algorithm from: SUN
Provider: MessageDigest.SHA-1 algorithm from: SUN
Provider: MessageDigest.SHA-256 algorithm from: SUN
Provider: MessageDigest.SHA-256 algorithm from: SUN
Provider: Signature.SHA256withRSA verification algorithm from: SunRsaSign
Provider: MessageDigest.SHA-256 algorithm from: SUN
Provider: MessageDigest.SHA-256 algorithm from: SUN
Provider: MessageDigest.SHA-256 algorithm from: SUN
Provider: Signature.SHA256withDSA verification algorithm from: SUN
Provider: MessageDigest.SHA-256 algorithm from: SUN
Provider: SUN.putService(): SUN: SecureRandom.NativePRNG -> sun.security.provider.NativePRNG
  attributes: {ThreadSafe=true}

Provider: Add SecureRandom algo NativePRNG
Provider: SUN.putService(): SUN: SecureRandom.NativePRNGBlocking -> sun.security.provider.NativePRNG$Blocking
  attributes: {ThreadSafe=true}

Provider: Add SecureRandom algo NativePRNGBlocking
Provider: SUN.putService(): SUN: SecureRandom.NativePRNGNonBlocking -> sun.security.provider.NativePRNG$NonBlocking
  attributes: {ThreadSafe=true}

Provider: Add SecureRandom algo NativePRNGNonBlocking
Provider: SUN.putService(): SUN: SecureRandom.DRBG -> sun.security.provider.DRBG
  attributes: {ImplementedIn=Software, ThreadSafe=true}

Provider: Add SecureRandom algo DRBG
Provider: SUN.putService(): SUN: SecureRandom.SHA1PRNG -> sun.security.provider.SecureRandom
  attributes: {ImplementedIn=Software, ThreadSafe=true}

Provider: Add SecureRandom algo SHA1PRNG
Provider: SUN.putService(): SUN: Signature.SHA1withDSA -> sun.security.provider.DSA$SHA1withDSA
  aliases: [OID.1.2.840.10040.4.3, 1.2.840.10040.4.3, DSS, 1.3.14.3.2.13, 1.3.14.3.2.27, DSA, SHA/DSA, SHA-1/DSA, SHA1/DSA, SHAwithDSA, DSAWithSHA1]
  attributes: {ImplementedIn=Software, KeySize=1024, SupportedKeyClasses=java.security.interfaces.DSAPublicKey|java.security.interfaces.DSAPrivateKey}

Provider: SUN.putService(): SUN: Signature.NONEwithDSA -> sun.security.provider.DSA$RawDSA
  aliases: [RawDSA]
  attributes: {ImplementedIn=Software, KeySize=1024, SupportedKeyClasses=java.security.interfaces.DSAPublicKey|java.security.interfaces.DSAPrivateKey}

Provider: SUN.putService(): SUN: Signature.SHA224withDSA -> sun.security.provider.DSA$SHA224withDSA
  aliases: [OID.2.16.840.1.101.3.4.3.1, 2.16.840.1.101.3.4.3.1]
  attributes: {ImplementedIn=Software, KeySize=2048, SupportedKeyClasses=java.security.interfaces.DSAPublicKey|java.security.interfaces.DSAPrivateKey}

Provider: SUN.putService(): SUN: Signature.SHA256withDSA -> sun.security.provider.DSA$SHA256withDSA
  aliases: [OID.2.16.840.1.101.3.4.3.2, 2.16.840.1.101.3.4.3.2]
  attributes: {ImplementedIn=Software, KeySize=2048, SupportedKeyClasses=java.security.interfaces.DSAPublicKey|java.security.interfaces.DSAPrivateKey}

Provider: SUN.putService(): SUN: Signature.SHA3-224withDSA -> sun.security.provider.DSA$SHA3_224withDSA
  aliases: [OID.2.16.840.1.101.3.4.3.5, 2.16.840.1.101.3.4.3.5]
  attributes: {ImplementedIn=Software, KeySize=2048, SupportedKeyClasses=java.security.interfaces.DSAPublicKey|java.security.interfaces.DSAPrivateKey}

Provider: SUN.putService(): SUN: Signature.SHA3-256withDSA -> sun.security.provider.DSA$SHA3_256withDSA
  aliases: [OID.2.16.840.1.101.3.4.3.6, 2.16.840.1.101.3.4.3.6]
  attributes: {ImplementedIn=Software, KeySize=2048, SupportedKeyClasses=java.security.interfaces.DSAPublicKey|java.security.interfaces.DSAPrivateKey}

Provider: SUN.putService(): SUN: Signature.SHA384withDSA -> sun.security.provider.DSA$SHA384withDSA
  aliases: [OID.2.16.840.1.101.3.4.3.3, 2.16.840.1.101.3.4.3.3]
  attributes: {ImplementedIn=Software, KeySize=3072, SupportedKeyClasses=java.security.interfaces.DSAPublicKey|java.security.interfaces.DSAPrivateKey}

Provider: SUN.putService(): SUN: Signature.SHA512withDSA -> sun.security.provider.DSA$SHA512withDSA
  aliases: [OID.2.16.840.1.101.3.4.3.4, 2.16.840.1.101.3.4.3.4]
  attributes: {ImplementedIn=Software, KeySize=3072, SupportedKeyClasses=java.security.interfaces.DSAPublicKey|java.security.interfaces.DSAPrivateKey}

Provider: SUN.putService(): SUN: Signature.SHA3-384withDSA -> sun.security.provider.DSA$SHA3_384withDSA
  aliases: [OID.2.16.840.1.101.3.4.3.7, 2.16.840.1.101.3.4.3.7]
  attributes: {ImplementedIn=Software, KeySize=3072, SupportedKeyClasses=java.security.interfaces.DSAPublicKey|java.security.interfaces.DSAPrivateKey}

Provider: SUN.putService(): SUN: Signature.SHA3-512withDSA -> sun.security.provider.DSA$SHA3_512withDSA
  aliases: [OID.2.16.840.1.101.3.4.3.8, 2.16.840.1.101.3.4.3.8]
  attributes: {ImplementedIn=Software, KeySize=3072, SupportedKeyClasses=java.security.interfaces.DSAPublicKey|java.security.interfaces.DSAPrivateKey}

Provider: SUN.putService(): SUN: Signature.SHA1withDSAinP1363Format -> sun.security.provider.DSA$SHA1withDSAinP1363Format

Provider: SUN.putService(): SUN: Signature.NONEwithDSAinP1363Format -> sun.security.provider.DSA$RawDSAinP1363Format

Provider: SUN.putService(): SUN: Signature.SHA224withDSAinP1363Format -> sun.security.provider.DSA$SHA224withDSAinP1363Format

Provider: SUN.putService(): SUN: Signature.SHA256withDSAinP1363Format -> sun.security.provider.DSA$SHA256withDSAinP1363Format

Provider: SUN.putService(): SUN: Signature.SHA384withDSAinP1363Format -> sun.security.provider.DSA$SHA384withDSAinP1363Format

Provider: SUN.putService(): SUN: Signature.SHA512withDSAinP1363Format -> sun.security.provider.DSA$SHA512withDSAinP1363Format

Provider: SUN.putService(): SUN: Signature.SHA3-224withDSAinP1363Format -> sun.security.provider.DSA$SHA3_224withDSAinP1363Format

Provider: SUN.putService(): SUN: Signature.SHA3-256withDSAinP1363Format -> sun.security.provider.DSA$SHA3_256withDSAinP1363Format

Provider: SUN.putService(): SUN: Signature.SHA3-384withDSAinP1363Format -> sun.security.provider.DSA$SHA3_384withDSAinP1363Format

Provider: SUN.putService(): SUN: Signature.SHA3-512withDSAinP1363Format -> sun.security.provider.DSA$SHA3_512withDSAinP1363Format

Provider: SUN.putService(): SUN: Signature.HSS/LMS -> sun.security.provider.HSS
  aliases: [OID.1.2.840.113549.1.9.16.3.17, 1.2.840.113549.1.9.16.3.17]
  attributes: {ImplementedIn=Software}

Provider: SUN.putService(): SUN: KeyPairGenerator.DSA -> sun.security.provider.DSAKeyPairGenerator$Current
  aliases: [OID.1.2.840.10040.4.1, 1.2.840.10040.4.1, 1.3.14.3.2.12]
  attributes: {ImplementedIn=Software, KeySize=2048}

Provider: SUN.putService(): SUN: AlgorithmParameterGenerator.DSA -> sun.security.provider.DSAParameterGenerator
  aliases: [OID.1.2.840.10040.4.1, 1.2.840.10040.4.1, 1.3.14.3.2.12]
  attributes: {ImplementedIn=Software, KeySize=2048}

Provider: SUN.putService(): SUN: AlgorithmParameters.DSA -> sun.security.provider.DSAParameters
  aliases: [OID.1.2.840.10040.4.1, 1.2.840.10040.4.1, 1.3.14.3.2.12]
  attributes: {ImplementedIn=Software}

Provider: SUN.putService(): SUN: KeyFactory.DSA -> sun.security.provider.DSAKeyFactory
  aliases: [OID.1.2.840.10040.4.1, 1.2.840.10040.4.1, 1.3.14.3.2.12]
  attributes: {ImplementedIn=Software}

Provider: SUN.putService(): SUN: KeyFactory.HSS/LMS -> sun.security.provider.HSS$KeyFactoryImpl
  aliases: [OID.1.2.840.113549.1.9.16.3.17, 1.2.840.113549.1.9.16.3.17]
  attributes: {ImplementedIn=Software}

Provider: SUN.putService(): SUN: MessageDigest.MD2 -> sun.security.provider.MD2
  aliases: [OID.1.2.840.113549.2.2, 1.2.840.113549.2.2]
  attributes: {ImplementedIn=Software}

Provider: SUN.putService(): SUN: MessageDigest.MD5 -> sun.security.provider.MD5
  aliases: [OID.1.2.840.113549.2.5, 1.2.840.113549.2.5]
  attributes: {ImplementedIn=Software}

Provider: SUN.putService(): SUN: MessageDigest.SHA-1 -> sun.security.provider.SHA
  aliases: [OID.1.3.14.3.2.26, 1.3.14.3.2.26, SHA, SHA1]
  attributes: {ImplementedIn=Software}

Provider: SUN.putService(): SUN: MessageDigest.SHA-224 -> sun.security.provider.SHA2$SHA224
  aliases: [OID.2.16.840.1.101.3.4.2.4, 2.16.840.1.101.3.4.2.4, SHA224]
  attributes: {ImplementedIn=Software}

Provider: SUN.putService(): SUN: MessageDigest.SHA-256 -> sun.security.provider.SHA2$SHA256
  aliases: [OID.2.16.840.1.101.3.4.2.1, 2.16.840.1.101.3.4.2.1, SHA256]
  attributes: {ImplementedIn=Software}

Provider: SUN.putService(): SUN: MessageDigest.SHA-384 -> sun.security.provider.SHA5$SHA384
  aliases: [OID.2.16.840.1.101.3.4.2.2, 2.16.840.1.101.3.4.2.2, SHA384]
  attributes: {ImplementedIn=Software}

Provider: SUN.putService(): SUN: MessageDigest.SHA-512 -> sun.security.provider.SHA5$SHA512
  aliases: [OID.2.16.840.1.101.3.4.2.3, 2.16.840.1.101.3.4.2.3, SHA512]
  attributes: {ImplementedIn=Software}

Provider: SUN.putService(): SUN: MessageDigest.SHA-512/224 -> sun.security.provider.SHA5$SHA512_224
  aliases: [OID.2.16.840.1.101.3.4.2.5, 2.16.840.1.101.3.4.2.5, SHA512/224]
  attributes: {ImplementedIn=Software}

Provider: SUN.putService(): SUN: MessageDigest.SHA-512/256 -> sun.security.provider.SHA5$SHA512_256
  aliases: [OID.2.16.840.1.101.3.4.2.6, 2.16.840.1.101.3.4.2.6, SHA512/256]
  attributes: {ImplementedIn=Software}

Provider: SUN.putService(): SUN: MessageDigest.SHA3-224 -> sun.security.provider.SHA3$SHA224
  aliases: [OID.2.16.840.1.101.3.4.2.7, 2.16.840.1.101.3.4.2.7]
  attributes: {ImplementedIn=Software}

Provider: SUN.putService(): SUN: MessageDigest.SHA3-256 -> sun.security.provider.SHA3$SHA256
  aliases: [OID.2.16.840.1.101.3.4.2.8, 2.16.840.1.101.3.4.2.8]
  attributes: {ImplementedIn=Software}

Provider: SUN.putService(): SUN: MessageDigest.SHA3-384 -> sun.security.provider.SHA3$SHA384
  aliases: [OID.2.16.840.1.101.3.4.2.9, 2.16.840.1.101.3.4.2.9]
  attributes: {ImplementedIn=Software}

Provider: SUN.putService(): SUN: MessageDigest.SHA3-512 -> sun.security.provider.SHA3$SHA512
  aliases: [OID.2.16.840.1.101.3.4.2.10, 2.16.840.1.101.3.4.2.10]
  attributes: {ImplementedIn=Software}

Provider: SUN.putService(): SUN: CertificateFactory.X.509 -> sun.security.provider.X509Factory
  aliases: [X509]
  attributes: {ImplementedIn=Software}

Provider: SUN.putService(): SUN: KeyStore.PKCS12 -> sun.security.pkcs12.PKCS12KeyStore$DualFormatPKCS12

Provider: SUN.putService(): SUN: KeyStore.JKS -> sun.security.provider.JavaKeyStore$DualFormatJKS
  attributes: {ImplementedIn=Software}

Provider: SUN.putService(): SUN: KeyStore.CaseExactJKS -> sun.security.provider.JavaKeyStore$CaseExactJKS
  attributes: {ImplementedIn=Software}

Provider: SUN.putService(): SUN: KeyStore.DKS -> sun.security.provider.DomainKeyStore$DKS
  attributes: {ImplementedIn=Software}

Provider: SUN.putService(): SUN: CertStore.Collection -> sun.security.provider.certpath.CollectionCertStore
  attributes: {ImplementedIn=Software}

Provider: SUN.putService(): SUN: CertStore.com.sun.security.IndexedCollection -> sun.security.provider.certpath.IndexedCollectionCertStore
  attributes: {ImplementedIn=Software}

Provider: SUN.putService(): SUN: Policy.JavaPolicy -> sun.security.provider.PolicySpiFile

Provider: SUN.putService(): SUN: Configuration.JavaLoginConfig -> sun.security.provider.ConfigFile$Spi

Provider: SUN.putService(): SUN: CertPathBuilder.PKIX -> sun.security.provider.certpath.SunCertPathBuilder
  attributes: {ImplementedIn=Software, ValidationAlgorithm=RFC5280}

Provider: SUN.putService(): SUN: CertPathValidator.PKIX -> sun.security.provider.certpath.PKIXCertPathValidator
  attributes: {ImplementedIn=Software, ValidationAlgorithm=RFC5280}

Provider: MessageDigest.SHA-256 algorithm from: SUN
Provider: MessageDigest.SHA-256 algorithm from: SUN
Provider: Signature.SHA256withRSA verification algorithm from: SunRsaSign
Provider: MessageDigest.SHA-256 algorithm from: SUN
Provider: MessageDigest.SHA-256 algorithm from: SUN
Provider: Signature.SHA256withDSA verification algorithm from: SUN
Provider: MessageDigest.SHA-256 algorithm from: SUN
Provider: MessageDigest.SHA-384 algorithm from: SUN
Provider: MessageDigest.SHA-384 algorithm from: SUN
Provider: Signature.SHA384withRSA verification algorithm from: SunRsaSign
Provider: MessageDigest.SHA-384 algorithm from: SUN
Provider: MessageDigest.SHA-256 algorithm from: SUN
Provider: MessageDigest.SHA-256 algorithm from: SUN
Provider: Signature.SHA256withDSA verification algorithm from: SUN
Provider: MessageDigest.SHA-256 algorithm from: SUN
Provider: MessageDigest.SHA-256 algorithm from: SUN
Provider: MessageDigest.SHA-256 algorithm from: SUN
Provider: Signature.SHA256withRSA verification algorithm from: SunRsaSign
Provider: MessageDigest.SHA-256 algorithm from: SUN
Provider: MessageDigest.SHA-256 algorithm from: SUN
Provider: Signature.SHA256withDSA verification algorithm from: SUN
Provider: MessageDigest.SHA-256 algorithm from: SUN
Provider: MessageDigest.SHA-1 algorithm from: SUN
Provider: MessageDigest.SHA-1 algorithm from: SUN
Provider: MessageDigest.SHA-1 algorithm from: SUN
Provider: MessageDigest.SHA-1 algorithm from: SUN
Provider: MessageDigest.SHA-1 algorithm from: SUN
Provider: MessageDigest.SHA-1 algorithm from: SUN
Provider: MessageDigest.SHA-1 algorithm from: SUN
Provider: MessageDigest.SHA-1 algorithm from: SUN
Provider: MessageDigest.SHA-1 algorithm from: SUN
Provider: MessageDigest.SHA-1 algorithm from: SUN
Provider: MessageDigest.SHA-1 algorithm from: SUN
Provider: MessageDigest.SHA-1 algorithm from: SUN
Provider: MessageDigest.SHA-1 algorithm from: SUN
Provider: MessageDigest.SHA-1 algorithm from: SUN
Provider: MessageDigest.SHA-1 algorithm from: SUN
Provider: MessageDigest.SHA-1 algorithm from: SUN
Provider: MessageDigest.SHA-1 algorithm from: SUN
Provider: MessageDigest.SHA-1 algorithm from: SUN
Provider: MessageDigest.SHA-1 algorithm from: SUN
Provider: MessageDigest.SHA-1 algorithm from: SUN
Provider: MessageDigest.SHA-1 algorithm from: SUN
Provider: MessageDigest.SHA-1 algorithm from: SUN
Provider: MessageDigest.SHA-1 algorithm from: SUN
Provider: MessageDigest.SHA-1 algorithm from: SUN
Provider: MessageDigest.SHA-1 algorithm from: SUN
Provider: MessageDigest.SHA-1 algorithm from: SUN
Provider: MessageDigest.SHA-1 algorithm from: SUN
Provider: MessageDigest.SHA-1 algorithm from: SUN
Provider: MessageDigest.SHA-1 algorithm from: SUN
Provider: MessageDigest.SHA-1 algorithm from: SUN
Provider: MessageDigest.SHA-1 algorithm from: SUN
Provider: MessageDigest.SHA-1 algorithm from: SUN
Provider: MessageDigest.SHA-1 algorithm from: SUN
Provider: MessageDigest.SHA-1 algorithm from: SUN
Provider: MessageDigest.SHA-1 algorithm from: SUN
Provider: MessageDigest.SHA-1 algorithm from: SUN
Provider: MessageDigest.SHA-1 algorithm from: SUN
Provider: MessageDigest.SHA-1 algorithm from: SUN
Provider: MessageDigest.SHA-1 algorithm from: SUN
Provider: MessageDigest.SHA-1 algorithm from: SUN
Provider: MessageDigest.SHA-1 algorithm from: SUN
Provider: MessageDigest.SHA-1 algorithm from: SUN
Provider: MessageDigest.SHA-1 algorithm from: SUN
Provider: MessageDigest.SHA-1 algorithm from: SUN
Provider: MessageDigest.SHA-1 algorithm from: SUN
Provider: MessageDigest.SHA-1 algorithm from: SUN
Provider: MessageDigest.SHA-1 algorithm from: SUN
Provider: MessageDigest.SHA-1 algorithm from: SUN
Provider: MessageDigest.SHA-1 algorithm from: SUN
Provider: MessageDigest.SHA-1 algorithm from: SUN
Provider: MessageDigest.SHA-1 algorithm from: SUN
Provider: MessageDigest.SHA-1 algorithm from: SUN
Provider: MessageDigest.SHA-1 algorithm from: SUN
Provider: MessageDigest.SHA-1 algorithm from: SUN
Provider: MessageDigest.SHA-1 algorithm from: SUN
Provider: MessageDigest.SHA-1 algorithm from: SUN
Provider: MessageDigest.SHA-1 algorithm from: SUN
Provider: MessageDigest.SHA-1 algorithm from: SUN
Provider: MessageDigest.SHA-1 algorithm from: SUN
Provider: MessageDigest.SHA-1 algorithm from: SUN
Provider: MessageDigest.SHA-1 algorithm from: SUN
Provider: MessageDigest.SHA-1 algorithm from: SUN
Provider: MessageDigest.SHA-1 algorithm from: SUN
Provider: MessageDigest.SHA-1 algorithm from: SUN
Provider: MessageDigest.SHA-1 algorithm from: SUN
Provider: MessageDigest.SHA-1 algorithm from: SUN
Provider: MessageDigest.SHA-1 algorithm from: SUN
Provider: MessageDigest.SHA-1 algorithm from: SUN
Provider: MessageDigest.SHA-1 algorithm from: SUN
Provider: MessageDigest.SHA-1 algorithm from: SUN
Provider: MessageDigest.SHA-1 algorithm from: SUN
Provider: MessageDigest.SHA-1 algorithm from: SUN
Provider: MessageDigest.SHA-1 algorithm from: SUN
Provider: MessageDigest.SHA-1 algorithm from: SUN
Provider: MessageDigest.SHA-1 algorithm from: SUN
Provider: MessageDigest.SHA-1 algorithm from: SUN
Provider: MessageDigest.SHA-1 algorithm from: SUN
Provider: MessageDigest.SHA-1 algorithm from: SUN
Provider: MessageDigest.SHA-1 algorithm from: SUN
Provider: MessageDigest.SHA-1 algorithm from: SUN
Provider: MessageDigest.SHA-1 algorithm from: SUN
Provider: MessageDigest.SHA-1 algorithm from: SUN
Provider: MessageDigest.SHA-1 algorithm from: SUN
Provider: MessageDigest.SHA-1 algorithm from: SUN
Provider: MessageDigest.SHA-1 algorithm from: SUN
Provider: MessageDigest.SHA-1 algorithm from: SUN
Provider: MessageDigest.SHA-1 algorithm from: SUN
Provider: MessageDigest.SHA-1 algorithm from: SUN
Provider: MessageDigest.SHA-1 algorithm from: SUN
Provider: MessageDigest.SHA-1 algorithm from: SUN
Provider: MessageDigest.SHA-1 algorithm from: SUN
Provider: MessageDigest.SHA-1 algorithm from: SUN
Provider: MessageDigest.SHA-1 algorithm from: SUN
Provider: MessageDigest.SHA-1 algorithm from: SUN
Provider: MessageDigest.SHA-1 algorithm from: SUN
Provider: MessageDigest.SHA-1 algorithm from: SUN
Provider: MessageDigest.SHA-1 algorithm from: SUN
Provider: MessageDigest.SHA-1 algorithm from: SUN
Provider: MessageDigest.SHA-1 algorithm from: SUN
Provider: MessageDigest.SHA-1 algorithm from: SUN
Provider: MessageDigest.SHA-1 algorithm from: SUN
Provider: MessageDigest.SHA-1 algorithm from: SUN
Provider: MessageDigest.SHA-1 algorithm from: SUN
Provider: MessageDigest.SHA-1 algorithm from: SUN
Provider: MessageDigest.SHA-1 algorithm from: SUN
Provider: MessageDigest.SHA-1 algorithm from: SUN
Provider: MessageDigest.SHA-1 algorithm from: SUN
Provider: MessageDigest.SHA-1 algorithm from: SUN
Provider: MessageDigest.SHA-1 algorithm from: SUN
Provider: MessageDigest.SHA-1 algorithm from: SUN
Provider: MessageDigest.SHA-1 algorithm from: SUN
Provider: MessageDigest.SHA-1 algorithm from: SUN
Provider: MessageDigest.SHA-1 algorithm from: SUN
Provider: MessageDigest.SHA-1 algorithm from: SUN
Provider: MessageDigest.SHA-1 algorithm from: SUN
Provider: MessageDigest.SHA-1 algorithm from: SUN
Provider: MessageDigest.SHA-1 algorithm from: SUN
Provider: MessageDigest.SHA-1 algorithm from: SUN
Provider: MessageDigest.SHA-1 algorithm from: SUN
Provider: MessageDigest.SHA-1 algorithm from: SUN
Provider: MessageDigest.SHA-1 algorithm from: SUN
Provider: MessageDigest.SHA-1 algorithm from: SUN
Provider: MessageDigest.SHA-1 algorithm from: SUN
Provider: MessageDigest.SHA-1 algorithm from: SUN
Provider: MessageDigest.SHA-1 algorithm from: SUN
Provider: MessageDigest.SHA-1 algorithm from: SUN
Provider: MessageDigest.SHA-1 algorithm from: SUN
Provider: MessageDigest.SHA-1 algorithm from: SUN
Provider: MessageDigest.SHA-1 algorithm from: SUN
Provider: MessageDigest.SHA-1 algorithm from: SUN
Provider: MessageDigest.SHA-1 algorithm from: SUN
Provider: MessageDigest.SHA-1 algorithm from: SUN
Provider: MessageDigest.SHA-1 algorithm from: SUN
Provider: MessageDigest.SHA-1 algorithm from: SUN
Provider: MessageDigest.SHA-1 algorithm from: SUN
Provider: MessageDigest.SHA-1 algorithm from: SUN
Provider: MessageDigest.SHA-1 algorithm from: SUN
Provider: MessageDigest.SHA-1 algorithm from: SUN
Provider: MessageDigest.SHA-1 algorithm from: SUN
Provider: MessageDigest.SHA-1 algorithm from: SUN
Provider: MessageDigest.SHA-1 algorithm from: SUN
Provider: MessageDigest.SHA-1 algorithm from: SUN
Provider: MessageDigest.SHA-1 algorithm from: SUN
Provider: MessageDigest.SHA-1 algorithm from: SUN
Provider: MessageDigest.SHA-1 algorithm from: SUN
Provider: MessageDigest.SHA-1 algorithm from: SUN
Provider: MessageDigest.SHA-1 algorithm from: SUN
Provider: MessageDigest.SHA-1 algorithm from: SUN
Provider: MessageDigest.SHA-1 algorithm from: SUN
Provider: MessageDigest.SHA-1 algorithm from: SUN
Provider: MessageDigest.SHA-1 algorithm from: SUN
Provider: MessageDigest.SHA-1 algorithm from: SUN
Provider: MessageDigest.SHA-1 algorithm from: SUN
Provider: MessageDigest.SHA-1 algorithm from: SUN
Provider: MessageDigest.SHA-1 algorithm from: SUN
Provider: MessageDigest.SHA-1 algorithm from: SUN
Provider: MessageDigest.SHA-1 algorithm from: SUN
Provider: MessageDigest.SHA-1 algorithm from: SUN
Provider: MessageDigest.SHA-1 algorithm from: SUN
Provider: MessageDigest.SHA-1 algorithm from: SUN
Provider: MessageDigest.SHA-1 algorithm from: SUN
Provider: MessageDigest.SHA-1 algorithm from: SUN
Provider: MessageDigest.SHA-1 algorithm from: SUN
Provider: MessageDigest.SHA-1 algorithm from: SUN
Provider: MessageDigest.SHA-1 algorithm from: SUN
Provider: MessageDigest.SHA-1 algorithm from: SUN
Provider: MessageDigest.SHA-1 algorithm from: SUN
Provider: MessageDigest.SHA-1 algorithm from: SUN
Provider: MessageDigest.SHA-1 algorithm from: SUN
Provider: MessageDigest.SHA-1 algorithm from: SUN
Provider: MessageDigest.SHA-1 algorithm from: SUN
Provider: MessageDigest.SHA-1 algorithm from: SUN
Provider: MessageDigest.SHA-1 algorithm from: SUN
Provider: MessageDigest.SHA-1 algorithm from: SUN
Provider: MessageDigest.SHA-1 algorithm from: SUN
Provider: MessageDigest.SHA-1 algorithm from: SUN
Provider: MessageDigest.SHA-1 algorithm from: SUN
Provider: MessageDigest.SHA-1 algorithm from: SUN
Provider: MessageDigest.SHA-1 algorithm from: SUN
Provider: MessageDigest.SHA-1 algorithm from: SUN
Provider: MessageDigest.SHA-1 algorithm from: SUN
Provider: MessageDigest.SHA-1 algorithm from: SUN
Provider: MessageDigest.SHA-1 algorithm from: SUN
Provider: MessageDigest.SHA-1 algorithm from: SUN
Provider: MessageDigest.SHA-1 algorithm from: SUN
Provider: MessageDigest.SHA-1 algorithm from: SUN
Provider: MessageDigest.SHA-1 algorithm from: SUN
Provider: MessageDigest.SHA-1 algorithm from: SUN
Provider: MessageDigest.SHA-1 algorithm from: SUN
Provider: MessageDigest.SHA-1 algorithm from: SUN
Provider: MessageDigest.SHA-1 algorithm from: SUN
Provider: MessageDigest.SHA-1 algorithm from: SUN
Provider: MessageDigest.SHA-1 algorithm from: SUN
Provider: MessageDigest.SHA-1 algorithm from: SUN
Provider: MessageDigest.SHA-1 algorithm from: SUN
Provider: MessageDigest.SHA-1 algorithm from: SUN
Provider: MessageDigest.SHA-1 algorithm from: SUN
Provider: MessageDigest.SHA-1 algorithm from: SUN
Provider: MessageDigest.SHA-1 algorithm from: SUN
Provider: MessageDigest.SHA-1 algorithm from: SUN
Provider: MessageDigest.SHA-1 algorithm from: SUN
Provider: MessageDigest.SHA-1 algorithm from: SUN
Provider: MessageDigest.SHA-1 algorithm from: SUN
Provider: MessageDigest.SHA-1 algorithm from: SUN
Provider: MessageDigest.SHA-1 algorithm from: SUN
Provider: MessageDigest.SHA-1 algorithm from: SUN
Provider: MessageDigest.SHA-1 algorithm from: SUN
Provider: MessageDigest.SHA-1 algorithm from: SUN
Provider: MessageDigest.SHA-1 algorithm from: SUN
Provider: MessageDigest.SHA-1 algorithm from: SUN
Provider: MessageDigest.SHA-1 algorithm from: SUN
Provider: MessageDigest.SHA-1 algorithm from: SUN
Provider: MessageDigest.SHA-1 algorithm from: SUN
Provider: MessageDigest.SHA-1 algorithm from: SUN
Provider: MessageDigest.SHA-1 algorithm from: SUN
Provider: MessageDigest.SHA-1 algorithm from: SUN
Provider: MessageDigest.SHA-1 algorithm from: SUN
Provider: MessageDigest.SHA-1 algorithm from: SUN
Provider: MessageDigest.SHA-1 algorithm from: SUN
Provider: MessageDigest.SHA-1 algorithm from: SUN
Provider: MessageDigest.SHA-1 algorithm from: SUN
Provider: MessageDigest.SHA-1 algorithm from: SUN
Provider: MessageDigest.SHA-1 algorithm from: SUN
Provider: MessageDigest.SHA-1 algorithm from: SUN
Provider: MessageDigest.SHA-1 algorithm from: SUN
Provider: MessageDigest.SHA-1 algorithm from: SUN
Provider: MessageDigest.SHA-1 algorithm from: SUN
Provider: MessageDigest.SHA-1 algorithm from: SUN
Provider: MessageDigest.SHA-1 algorithm from: SUN
Provider: MessageDigest.SHA-1 algorithm from: SUN
Provider: MessageDigest.SHA-1 algorithm from: SUN
Provider: MessageDigest.SHA-1 algorithm from: SUN
Provider: MessageDigest.SHA-1 algorithm from: SUN
Provider: MessageDigest.SHA-1 algorithm from: SUN
Provider: MessageDigest.SHA-1 algorithm from: SUN
Provider: MessageDigest.SHA-1 algorithm from: SUN
Provider: MessageDigest.SHA-1 algorithm from: SUN
Provider: MessageDigest.SHA-1 algorithm from: SUN
Provider: MessageDigest.SHA-1 algorithm from: SUN
Provider: MessageDigest.SHA-1 algorithm from: SUN
Provider: MessageDigest.SHA-1 algorithm from: SUN
Provider: MessageDigest.SHA-1 algorithm from: SUN
Provider: MessageDigest.SHA-1 algorithm from: SUN
Provider: MessageDigest.SHA-1 algorithm from: SUN
Provider: MessageDigest.SHA-1 algorithm from: SUN
Provider: MessageDigest.SHA-1 algorithm from: SUN
Provider: MessageDigest.SHA-1 algorithm from: SUN
Provider: MessageDigest.SHA-1 algorithm from: SUN
Provider: MessageDigest.SHA-1 algorithm from: SUN
Provider: MessageDigest.SHA-1 algorithm from: SUN
Provider: MessageDigest.SHA-1 algorithm from: SUN
Provider: MessageDigest.SHA-1 algorithm from: SUN
Provider: MessageDigest.SHA-1 algorithm from: SUN
Provider: MessageDigest.SHA-1 algorithm from: SUN
Provider: MessageDigest.SHA-1 algorithm from: SUN
Provider: MessageDigest.SHA-1 algorithm from: SUN
Provider: MessageDigest.SHA-1 algorithm from: SUN
Provider: MessageDigest.SHA-1 algorithm from: SUN
Provider: MessageDigest.SHA-1 algorithm from: SUN
Provider: MessageDigest.SHA-1 algorithm from: SUN
Provider: MessageDigest.SHA-1 algorithm from: SUN
Provider: MessageDigest.SHA-1 algorithm from: SUN
Provider: MessageDigest.SHA-1 algorithm from: SUN
Provider: MessageDigest.SHA-1 algorithm from: SUN
Provider: MessageDigest.SHA-1 algorithm from: SUN
Provider: MessageDigest.SHA-1 algorithm from: SUN
Provider: MessageDigest.SHA-1 algorithm from: SUN
Provider: MessageDigest.SHA-1 algorithm from: SUN
Provider: MessageDigest.SHA-1 algorithm from: SUN
Provider: MessageDigest.SHA-1 algorithm from: SUN
Provider: MessageDigest.SHA-1 algorithm from: SUN
Provider: MessageDigest.SHA-1 algorithm from: SUN
Provider: MessageDigest.SHA-1 algorithm from: SUN
Provider: MessageDigest.SHA-1 algorithm from: SUN
Provider: MessageDigest.SHA-1 algorithm from: SUN
Provider: MessageDigest.SHA-1 algorithm from: SUN
Provider: MessageDigest.SHA-1 algorithm from: SUN
Provider: MessageDigest.SHA-1 algorithm from: SUN
Provider: MessageDigest.SHA-1 algorithm from: SUN
Provider: MessageDigest.SHA-1 algorithm from: SUN
Provider: MessageDigest.SHA-1 algorithm from: SUN
Provider: MessageDigest.SHA-1 algorithm from: SUN
Provider: MessageDigest.SHA-1 algorithm from: SUN
Provider: MessageDigest.SHA-1 algorithm from: SUN
Provider: MessageDigest.SHA-1 algorithm from: SUN
Provider: MessageDigest.SHA-1 algorithm from: SUN
Provider: MessageDigest.SHA-1 algorithm from: SUN
Provider: MessageDigest.SHA-1 algorithm from: SUN
Provider: MessageDigest.SHA-1 algorithm from: SUN
Provider: MessageDigest.SHA-1 algorithm from: SUN
Provider: MessageDigest.SHA-1 algorithm from: SUN
Provider: MessageDigest.SHA-1 algorithm from: SUN
Provider: MessageDigest.SHA-1 algorithm from: SUN
Provider: MessageDigest.SHA-1 algorithm from: SUN
Provider: MessageDigest.SHA-1 algorithm from: SUN
Provider: MessageDigest.SHA-1 algorithm from: SUN
Provider: MessageDigest.SHA-1 algorithm from: SUN
Provider: MessageDigest.SHA-1 algorithm from: SUN
Provider: MessageDigest.SHA-1 algorithm from: SUN
Provider: MessageDigest.SHA-1 algorithm from: SUN
Provider: MessageDigest.SHA-1 algorithm from: SUN
Provider: MessageDigest.SHA-1 algorithm from: SUN
Provider: MessageDigest.SHA-1 algorithm from: SUN
Provider: MessageDigest.SHA-1 algorithm from: SUN
Provider: MessageDigest.SHA-1 algorithm from: SUN
Provider: MessageDigest.SHA-1 algorithm from: SUN
Provider: MessageDigest.SHA-1 algorithm from: SUN
Provider: MessageDigest.SHA-1 algorithm from: SUN
Provider: MessageDigest.SHA-1 algorithm from: SUN
Provider: MessageDigest.SHA-1 algorithm from: SUN
Provider: MessageDigest.SHA-1 algorithm from: SUN
Provider: MessageDigest.SHA-1 algorithm from: SUN
Provider: MessageDigest.SHA-1 algorithm from: SUN
Provider: MessageDigest.SHA-1 algorithm from: SUN
Provider: MessageDigest.SHA-1 algorithm from: SUN
Provider: MessageDigest.SHA-1 algorithm from: SUN
Provider: MessageDigest.SHA-1 algorithm from: SUN
Provider: MessageDigest.SHA-1 algorithm from: SUN
Provider: MessageDigest.SHA-1 algorithm from: SUN
Provider: MessageDigest.SHA-1 algorithm from: SUN
Provider: MessageDigest.SHA-1 algorithm from: SUN
Provider: MessageDigest.SHA-1 algorithm from: SUN
Provider: MessageDigest.SHA-1 algorithm from: SUN
Provider: MessageDigest.SHA-1 algorithm from: SUN
Provider: MessageDigest.SHA-1 algorithm from: SUN
Provider: MessageDigest.SHA-1 algorithm from: SUN
Provider: MessageDigest.SHA-1 algorithm from: SUN
Provider: MessageDigest.SHA-1 algorithm from: SUN
Provider: MessageDigest.SHA-1 algorithm from: SUN
Provider: MessageDigest.SHA-1 algorithm from: SUN
Provider: MessageDigest.SHA-1 algorithm from: SUN
Provider: MessageDigest.SHA-1 algorithm from: SUN
Provider: MessageDigest.SHA-1 algorithm from: SUN
Provider: MessageDigest.SHA-1 algorithm from: SUN
Provider: MessageDigest.SHA-1 algorithm from: SUN
Provider: MessageDigest.SHA-1 algorithm from: SUN
Provider: MessageDigest.SHA-1 algorithm from: SUN
Provider: MessageDigest.SHA-1 algorithm from: SUN
Provider: MessageDigest.SHA-1 algorithm from: SUN
Provider: MessageDigest.SHA-1 algorithm from: SUN
Provider: MessageDigest.SHA-1 algorithm from: SUN
Provider: MessageDigest.SHA-1 algorithm from: SUN
Provider: MessageDigest.SHA-1 algorithm from: SUN
Provider: MessageDigest.SHA-1 algorithm from: SUN
Provider: MessageDigest.SHA-1 algorithm from: SUN
Provider: MessageDigest.SHA-1 algorithm from: SUN
Provider: MessageDigest.SHA-1 algorithm from: SUN
Provider: MessageDigest.SHA-1 algorithm from: SUN
Provider: MessageDigest.SHA-1 algorithm from: SUN
Provider: MessageDigest.SHA-1 algorithm from: SUN
Provider: MessageDigest.SHA-1 algorithm from: SUN
Provider: MessageDigest.SHA-1 algorithm from: SUN
Provider: MessageDigest.SHA-1 algorithm from: SUN
Provider: MessageDigest.SHA-1 algorithm from: SUN
Provider: MessageDigest.SHA-1 algorithm from: SUN
Provider: MessageDigest.SHA-1 algorithm from: SUN
Provider: MessageDigest.SHA-1 algorithm from: SUN
Provider: MessageDigest.SHA-1 algorithm from: SUN
Provider: MessageDigest.SHA-1 algorithm from: SUN
Provider: MessageDigest.SHA-1 algorithm from: SUN
Provider: MessageDigest.SHA-1 algorithm from: SUN
Provider: MessageDigest.SHA-1 algorithm from: SUN
Provider: MessageDigest.SHA-1 algorithm from: SUN
Provider: MessageDigest.SHA-1 algorithm from: SUN
Provider: MessageDigest.SHA-1 algorithm from: SUN
Provider: MessageDigest.SHA-1 algorithm from: SUN
Provider: MessageDigest.SHA-1 algorithm from: SUN
Provider: MessageDigest.SHA-1 algorithm from: SUN
Provider: MessageDigest.SHA-1 algorithm from: SUN
Provider: MessageDigest.SHA-1 algorithm from: SUN
Provider: MessageDigest.SHA-1 algorithm from: SUN
Provider: MessageDigest.SHA-1 algorithm from: SUN
Provider: MessageDigest.SHA-1 algorithm from: SUN
Provider: MessageDigest.SHA-1 algorithm from: SUN
Provider: MessageDigest.SHA-1 algorithm from: SUN
Provider: MessageDigest.SHA-1 algorithm from: SUN
Provider: MessageDigest.SHA-1 algorithm from: SUN
Provider: MessageDigest.SHA-1 algorithm from: SUN
Provider: MessageDigest.SHA-1 algorithm from: SUN
Provider: MessageDigest.SHA-1 algorithm from: SUN
Provider: MessageDigest.SHA-1 algorithm from: SUN
Provider: MessageDigest.SHA-1 algorithm from: SUN
Provider: MessageDigest.SHA-1 algorithm from: SUN
Provider: MessageDigest.SHA-1 algorithm from: SUN
Provider: MessageDigest.SHA-1 algorithm from: SUN
Provider: MessageDigest.SHA-1 algorithm from: SUN
Provider: MessageDigest.SHA-1 algorithm from: SUN
Provider: MessageDigest.SHA-1 algorithm from: SUN
Provider: MessageDigest.SHA-1 algorithm from: SUN
Provider: MessageDigest.SHA-1 algorithm from: SUN
Provider: MessageDigest.SHA-1 algorithm from: SUN
Provider: MessageDigest.SHA-1 algorithm from: SUN
Provider: MessageDigest.SHA-1 algorithm from: SUN
Provider: MessageDigest.SHA-1 algorithm from: SUN
Provider: MessageDigest.SHA-1 algorithm from: SUN
Provider: MessageDigest.SHA-1 algorithm from: SUN
Provider: MessageDigest.SHA-1 algorithm from: SUN
Provider: MessageDigest.SHA-1 algorithm from: SUN
Provider: MessageDigest.SHA-1 algorithm from: SUN
Provider: MessageDigest.SHA-1 algorithm from: SUN
Provider: MessageDigest.SHA-1 algorithm from: SUN
Provider: MessageDigest.SHA-1 algorithm from: SUN
Provider: MessageDigest.SHA-1 algorithm from: SUN
Provider: MessageDigest.SHA-1 algorithm from: SUN
Provider: MessageDigest.SHA-1 algorithm from: SUN
Provider: MessageDigest.SHA-1 algorithm from: SUN
Provider: MessageDigest.SHA-1 algorithm from: SUN
Provider: MessageDigest.SHA-1 algorithm from: SUN
Provider: MessageDigest.SHA-1 algorithm from: SUN
Provider: MessageDigest.SHA-1 algorithm from: SUN
Provider: MessageDigest.SHA-1 algorithm from: SUN
Provider: MessageDigest.SHA-1 algorithm from: SUN
Provider: MessageDigest.SHA-1 algorithm from: SUN
Provider: MessageDigest.SHA-1 algorithm from: SUN
Provider: MessageDigest.SHA-1 algorithm from: SUN
Provider: MessageDigest.SHA-1 algorithm from: SUN
Provider: MessageDigest.SHA-1 algorithm from: SUN
Provider: MessageDigest.SHA-1 algorithm from: SUN
Provider: MessageDigest.SHA-1 algorithm from: SUN
Provider: MessageDigest.SHA-1 algorithm from: SUN
Provider: MessageDigest.SHA-1 algorithm from: SUN
Provider: MessageDigest.SHA-1 algorithm from: SUN
Provider: MessageDigest.SHA-1 algorithm from: SUN
Provider: MessageDigest.SHA-1 algorithm from: SUN
Provider: MessageDigest.SHA-1 algorithm from: SUN
Provider: MessageDigest.SHA-1 algorithm from: SUN
Provider: MessageDigest.SHA-1 algorithm from: SUN
Provider: MessageDigest.SHA-1 algorithm from: SUN
Provider: MessageDigest.SHA-1 algorithm from: SUN
Provider: MessageDigest.SHA-1 algorithm from: SUN
Provider: MessageDigest.SHA-1 algorithm from: SUN
Provider: MessageDigest.SHA-1 algorithm from: SUN
Provider: MessageDigest.SHA-1 algorithm from: SUN
Provider: MessageDigest.SHA-1 algorithm from: SUN
Provider: MessageDigest.SHA-1 algorithm from: SUN
Provider: MessageDigest.SHA-1 algorithm from: SUN
Provider: MessageDigest.SHA-1 algorithm from: SUN
Provider: MessageDigest.SHA-1 algorithm from: SUN
Provider: MessageDigest.SHA-1 algorithm from: SUN
Provider: MessageDigest.SHA-1 algorithm from: SUN
Provider: MessageDigest.SHA-1 algorithm from: SUN
Provider: MessageDigest.SHA-1 algorithm from: SUN
Provider: MessageDigest.SHA-1 algorithm from: SUN
Provider: MessageDigest.SHA-1 algorithm from: SUN
Provider: MessageDigest.SHA-1 algorithm from: SUN
Provider: MessageDigest.SHA-1 algorithm from: SUN
Provider: MessageDigest.SHA-1 algorithm from: SUN
Provider: MessageDigest.SHA-1 algorithm from: SUN
Provider: MessageDigest.SHA-1 algorithm from: SUN
Provider: MessageDigest.SHA-1 algorithm from: SUN
Provider: MessageDigest.SHA-1 algorithm from: SUN
Provider: MessageDigest.SHA-1 algorithm from: SUN
Provider: MessageDigest.SHA-1 algorithm from: SUN
Provider: MessageDigest.SHA-1 algorithm from: SUN
Provider: MessageDigest.SHA-1 algorithm from: SUN
Provider: MessageDigest.SHA-1 algorithm from: SUN
Provider: MessageDigest.SHA-1 algorithm from: SUN
Provider: MessageDigest.SHA-1 algorithm from: SUN
Provider: MessageDigest.SHA-1 algorithm from: SUN
Provider: MessageDigest.SHA-1 algorithm from: SUN
Provider: MessageDigest.SHA-1 algorithm from: SUN
Provider: MessageDigest.SHA-1 algorithm from: SUN
Provider: MessageDigest.SHA-1 algorithm from: SUN
Provider: MessageDigest.SHA-1 algorithm from: SUN
Provider: MessageDigest.SHA-1 algorithm from: SUN
Provider: MessageDigest.SHA-1 algorithm from: SUN
Provider: MessageDigest.SHA-1 algorithm from: SUN
Provider: MessageDigest.SHA-1 algorithm from: SUN
Provider: MessageDigest.SHA-1 algorithm from: SUN
Provider: MessageDigest.SHA-1 algorithm from: SUN
Provider: MessageDigest.SHA-1 algorithm from: SUN
Provider: MessageDigest.SHA-1 algorithm from: SUN
Provider: MessageDigest.SHA-1 algorithm from: SUN
Provider: MessageDigest.SHA-1 algorithm from: SUN
Provider: MessageDigest.SHA-1 algorithm from: SUN
Provider: MessageDigest.SHA-1 algorithm from: SUN
Provider: MessageDigest.SHA-1 algorithm from: SUN
Provider: MessageDigest.SHA-1 algorithm from: SUN
Provider: MessageDigest.SHA-1 algorithm from: SUN
Provider: MessageDigest.SHA-1 algorithm from: SUN
Provider: MessageDigest.SHA-1 algorithm from: SUN
Provider: MessageDigest.SHA-1 algorithm from: SUN
Provider: MessageDigest.SHA-1 algorithm from: SUN
Provider: MessageDigest.SHA-1 algorithm from: SUN
Provider: MessageDigest.SHA-1 algorithm from: SUN
Provider: MessageDigest.SHA-1 algorithm from: SUN
Provider: MessageDigest.SHA-1 algorithm from: SUN
Provider: MessageDigest.SHA-1 algorithm from: SUN
Provider: MessageDigest.SHA-1 algorithm from: SUN
Provider: MessageDigest.SHA-1 algorithm from: SUN
Provider: MessageDigest.SHA-1 algorithm from: SUN
Provider: MessageDigest.SHA-1 algorithm from: SUN
Provider: MessageDigest.SHA-1 algorithm from: SUN
Provider: MessageDigest.SHA-1 algorithm from: SUN
Provider: MessageDigest.SHA-1 algorithm from: SUN
Provider: MessageDigest.SHA-1 algorithm from: SUN
Provider: MessageDigest.SHA-1 algorithm from: SUN
Provider: MessageDigest.SHA-1 algorithm from: SUN
Provider: MessageDigest.SHA-1 algorithm from: SUN
Provider: MessageDigest.SHA-1 algorithm from: SUN
Provider: MessageDigest.SHA-1 algorithm from: SUN
Provider: MessageDigest.SHA-1 algorithm from: SUN
Provider: MessageDigest.SHA-1 algorithm from: SUN
Provider: MessageDigest.SHA-1 algorithm from: SUN
Provider: MessageDigest.SHA-1 algorithm from: SUN
Provider: MessageDigest.SHA-1 algorithm from: SUN
Provider: MessageDigest.SHA-1 algorithm from: SUN
Provider: MessageDigest.SHA-1 algorithm from: SUN
Provider: MessageDigest.SHA-1 algorithm from: SUN
Provider: MessageDigest.SHA-1 algorithm from: SUN
Provider: MessageDigest.SHA-1 algorithm from: SUN
Provider: MessageDigest.SHA-1 algorithm from: SUN
Provider: MessageDigest.SHA-1 algorithm from: SUN
Provider: MessageDigest.SHA-1 algorithm from: SUN
Provider: MessageDigest.SHA-1 algorithm from: SUN
Provider: MessageDigest.SHA-1 algorithm from: SUN
Provider: MessageDigest.SHA-1 algorithm from: SUN
Provider: MessageDigest.SHA-1 algorithm from: SUN
Provider: MessageDigest.SHA-1 algorithm from: SUN
Provider: MessageDigest.SHA-1 algorithm from: SUN
Provider: MessageDigest.SHA-1 algorithm from: SUN
Provider: MessageDigest.SHA-1 algorithm from: SUN
Provider: MessageDigest.SHA-1 algorithm from: SUN
Provider: MessageDigest.SHA-1 algorithm from: SUN
Provider: MessageDigest.SHA-1 algorithm from: SUN
Provider: MessageDigest.SHA-1 algorithm from: SUN
Provider: MessageDigest.SHA-1 algorithm from: SUN
Provider: MessageDigest.SHA-1 algorithm from: SUN
Provider: MessageDigest.SHA-1 algorithm from: SUN
Provider: MessageDigest.SHA-1 algorithm from: SUN
Provider: MessageDigest.SHA-1 algorithm from: SUN
Provider: MessageDigest.SHA-1 algorithm from: SUN
Provider: MessageDigest.SHA-1 algorithm from: SUN
Provider: MessageDigest.SHA-1 algorithm from: SUN
Provider: MessageDigest.SHA-1 algorithm from: SUN
Provider: MessageDigest.SHA-1 algorithm from: SUN
Provider: MessageDigest.SHA-1 algorithm from: SUN
Provider: MessageDigest.SHA-1 algorithm from: SUN
Provider: MessageDigest.SHA-1 algorithm from: SUN
Provider: MessageDigest.SHA-1 algorithm from: SUN
Provider: MessageDigest.SHA-1 algorithm from: SUN
Provider: MessageDigest.SHA-1 algorithm from: SUN
Provider: MessageDigest.SHA-1 algorithm from: SUN
Provider: MessageDigest.SHA-1 algorithm from: SUN
Provider: MessageDigest.SHA-1 algorithm from: SUN
Provider: MessageDigest.SHA-1 algorithm from: SUN
Provider: MessageDigest.SHA-1 algorithm from: SUN
Provider: MessageDigest.SHA-1 algorithm from: SUN
Provider: MessageDigest.SHA-1 algorithm from: SUN
Provider: MessageDigest.SHA-1 algorithm from: SUN
Provider: MessageDigest.SHA-1 algorithm from: SUN
Provider: MessageDigest.SHA-1 algorithm from: SUN
Provider: MessageDigest.SHA-1 algorithm from: SUN
Provider: MessageDigest.SHA-1 algorithm from: SUN
Provider: MessageDigest.SHA-1 algorithm from: SUN
Provider: MessageDigest.SHA-1 algorithm from: SUN
Provider: MessageDigest.SHA-1 algorithm from: SUN
Provider: MessageDigest.SHA-1 algorithm from: SUN
Provider: MessageDigest.SHA-1 algorithm from: SUN
Provider: MessageDigest.SHA-1 algorithm from: SUN
Provider: MessageDigest.SHA-1 algorithm from: SUN
Provider: MessageDigest.SHA-1 algorithm from: SUN
Provider: MessageDigest.SHA-1 algorithm from: SUN
Provider: MessageDigest.SHA-1 algorithm from: SUN
Provider: MessageDigest.SHA-1 algorithm from: SUN
Provider: MessageDigest.SHA-1 algorithm from: SUN
Provider: MessageDigest.SHA-1 algorithm from: SUN
Provider: MessageDigest.SHA-1 algorithm from: SUN
Provider: MessageDigest.SHA-1 algorithm from: SUN
Provider: MessageDigest.SHA-1 algorithm from: SUN
Provider: MessageDigest.SHA-1 algorithm from: SUN
Provider: MessageDigest.SHA-1 algorithm from: SUN
Provider: MessageDigest.SHA-1 algorithm from: SUN
Provider: MessageDigest.SHA-1 algorithm from: SUN
Provider: MessageDigest.SHA-1 algorithm from: SUN
Provider: MessageDigest.SHA-1 algorithm from: SUN
Provider: MessageDigest.SHA-1 algorithm from: SUN
Provider: MessageDigest.SHA-1 algorithm from: SUN
Provider: MessageDigest.SHA-1 algorithm from: SUN
Provider: MessageDigest.SHA-1 algorithm from: SUN
Provider: MessageDigest.SHA-1 algorithm from: SUN
Provider: MessageDigest.SHA-1 algorithm from: SUN
Provider: MessageDigest.SHA-1 algorithm from: SUN
Provider: MessageDigest.SHA-1 algorithm from: SUN
Provider: MessageDigest.SHA-1 algorithm from: SUN
Provider: MessageDigest.SHA-1 algorithm from: SUN
Provider: MessageDigest.SHA-1 algorithm from: SUN
Provider: MessageDigest.SHA-1 algorithm from: SUN
Provider: MessageDigest.SHA-1 algorithm from: SUN
Provider: MessageDigest.SHA-1 algorithm from: SUN
Provider: MessageDigest.SHA-1 algorithm from: SUN
Provider: MessageDigest.SHA-1 algorithm from: SUN
Provider: MessageDigest.SHA-1 algorithm from: SUN
Provider: MessageDigest.SHA-1 algorithm from: SUN
Provider: MessageDigest.SHA-1 algorithm from: SUN
Provider: MessageDigest.SHA-1 algorithm from: SUN
Provider: MessageDigest.SHA-1 algorithm from: SUN
Provider: MessageDigest.SHA-1 algorithm from: SUN
Provider: MessageDigest.SHA-1 algorithm from: SUN
Provider: MessageDigest.SHA-1 algorithm from: SUN
Provider: MessageDigest.SHA-1 algorithm from: SUN
Provider: MessageDigest.SHA-1 algorithm from: SUN
Provider: MessageDigest.SHA-1 algorithm from: SUN
Provider: MessageDigest.SHA-1 algorithm from: SUN
Provider: MessageDigest.SHA-1 algorithm from: SUN
Provider: MessageDigest.SHA-1 algorithm from: SUN
Provider: MessageDigest.SHA-1 algorithm from: SUN
Provider: MessageDigest.SHA-1 algorithm from: SUN
Provider: MessageDigest.SHA-1 algorithm from: SUN
Provider: MessageDigest.SHA-1 algorithm from: SUN
Provider: MessageDigest.SHA-1 algorithm from: SUN
Provider: MessageDigest.SHA-1 algorithm from: SUN
Provider: MessageDigest.SHA-1 algorithm from: SUN
Provider: MessageDigest.SHA-1 algorithm from: SUN
Provider: MessageDigest.SHA-1 algorithm from: SUN
Provider: MessageDigest.SHA-1 algorithm from: SUN
Provider: MessageDigest.SHA-1 algorithm from: SUN
Provider: MessageDigest.SHA-1 algorithm from: SUN
Provider: MessageDigest.SHA-1 algorithm from: SUN
Provider: MessageDigest.SHA-1 algorithm from: SUN
Provider: MessageDigest.SHA-1 algorithm from: SUN
Provider: MessageDigest.SHA-1 algorithm from: SUN
Provider: MessageDigest.SHA-1 algorithm from: SUN
Provider: MessageDigest.SHA-1 algorithm from: SUN
Provider: MessageDigest.SHA-1 algorithm from: SUN
Provider: MessageDigest.SHA-1 algorithm from: SUN
Provider: MessageDigest.SHA-1 algorithm from: SUN
Provider: MessageDigest.SHA-1 algorithm from: SUN
Provider: MessageDigest.SHA-1 algorithm from: SUN
Provider: MessageDigest.SHA-1 algorithm from: SUN
Provider: MessageDigest.SHA-1 algorithm from: SUN
Provider: MessageDigest.SHA-1 algorithm from: SUN
Provider: MessageDigest.SHA-1 algorithm from: SUN
Provider: MessageDigest.SHA-1 algorithm from: SUN
Provider: MessageDigest.SHA-1 algorithm from: SUN
Provider: MessageDigest.SHA-1 algorithm from: SUN
Provider: MessageDigest.SHA-1 algorithm from: SUN
Provider: MessageDigest.SHA-1 algorithm from: SUN
Provider: MessageDigest.SHA-1 algorithm from: SUN
Provider: MessageDigest.SHA-1 algorithm from: SUN
Provider: MessageDigest.SHA-1 algorithm from: SUN
Provider: MessageDigest.SHA-1 algorithm from: SUN
Provider: MessageDigest.SHA-1 algorithm from: SUN
Provider: MessageDigest.SHA-1 algorithm from: SUN
Provider: MessageDigest.SHA-1 algorithm from: SUN
Provider: MessageDigest.SHA-1 algorithm from: SUN
Provider: MessageDigest.SHA-1 algorithm from: SUN
Provider: MessageDigest.SHA-1 algorithm from: SUN
Provider: MessageDigest.SHA-1 algorithm from: SUN
Provider: MessageDigest.SHA-1 algorithm from: SUN
Provider: MessageDigest.SHA-1 algorithm from: SUN
Provider: MessageDigest.SHA-1 algorithm from: SUN
Provider: MessageDigest.SHA-1 algorithm from: SUN
Provider: MessageDigest.SHA-1 algorithm from: SUN
Provider: MessageDigest.SHA-1 algorithm from: SUN
Provider: MessageDigest.SHA-1 algorithm from: SUN
Provider: MessageDigest.SHA-1 algorithm from: SUN
Provider: MessageDigest.SHA-1 algorithm from: SUN
Provider: MessageDigest.SHA-1 algorithm from: SUN
Provider: MessageDigest.SHA-1 algorithm from: SUN
Provider: MessageDigest.SHA-1 algorithm from: SUN
Provider: MessageDigest.SHA-1 algorithm from: SUN
Provider: MessageDigest.SHA-1 algorithm from: SUN
Provider: MessageDigest.SHA-1 algorithm from: SUN
Provider: MessageDigest.SHA-1 algorithm from: SUN
Provider: MessageDigest.SHA-1 algorithm from: SUN
Provider: MessageDigest.SHA-1 algorithm from: SUN
Provider: MessageDigest.SHA-1 algorithm from: SUN
Provider: MessageDigest.SHA-1 algorithm from: SUN
Provider: MessageDigest.SHA-1 algorithm from: SUN
Provider: MessageDigest.SHA-1 algorithm from: SUN
Provider: MessageDigest.SHA-1 algorithm from: SUN
Provider: MessageDigest.SHA-1 algorithm from: SUN
Provider: MessageDigest.SHA-1 algorithm from: SUN
Provider: MessageDigest.SHA-1 algorithm from: SUN
Provider: MessageDigest.SHA-1 algorithm from: SUN
Provider: MessageDigest.SHA-1 algorithm from: SUN
Provider: MessageDigest.SHA-1 algorithm from: SUN
Provider: MessageDigest.SHA-1 algorithm from: SUN
Provider: MessageDigest.SHA-1 algorithm from: SUN
Provider: MessageDigest.SHA-1 algorithm from: SUN
Provider: MessageDigest.SHA-1 algorithm from: SUN
Provider: MessageDigest.SHA-1 algorithm from: SUN
Provider: MessageDigest.SHA-1 algorithm from: SUN
Provider: MessageDigest.SHA-1 algorithm from: SUN
Provider: MessageDigest.SHA-1 algorithm from: SUN
Provider: MessageDigest.SHA-1 algorithm from: SUN
Provider: MessageDigest.SHA-1 algorithm from: SUN
Provider: MessageDigest.SHA-1 algorithm from: SUN
Provider: MessageDigest.SHA-1 algorithm from: SUN
Provider: MessageDigest.SHA-1 algorithm from: SUN
Provider: MessageDigest.SHA-1 algorithm from: SUN
Provider: MessageDigest.SHA-1 algorithm from: SUN
Provider: MessageDigest.SHA-1 algorithm from: SUN
Provider: MessageDigest.SHA-1 algorithm from: SUN
Provider: MessageDigest.SHA-1 algorithm from: SUN
Provider: MessageDigest.SHA-1 algorithm from: SUN
Provider: MessageDigest.SHA-1 algorithm from: SUN
Provider: MessageDigest.SHA-1 algorithm from: SUN
Provider: MessageDigest.SHA-1 algorithm from: SUN
Provider: MessageDigest.SHA-1 algorithm from: SUN
Provider: MessageDigest.SHA-1 algorithm from: SUN
Provider: MessageDigest.SHA-1 algorithm from: SUN
Provider: MessageDigest.SHA-1 algorithm from: SUN
Provider: MessageDigest.SHA-1 algorithm from: SUN
Provider: MessageDigest.SHA-1 algorithm from: SUN
Provider: MessageDigest.SHA-1 algorithm from: SUN
Provider: MessageDigest.SHA-1 algorithm from: SUN
Provider: MessageDigest.SHA-1 algorithm from: SUN
Provider: MessageDigest.SHA-1 algorithm from: SUN
Provider: MessageDigest.SHA-1 algorithm from: SUN
Provider: MessageDigest.SHA-1 algorithm from: SUN
Provider: MessageDigest.SHA-1 algorithm from: SUN
Provider: MessageDigest.SHA-1 algorithm from: SUN
Provider: MessageDigest.SHA-1 algorithm from: SUN
Provider: MessageDigest.SHA-1 algorithm from: SUN
Provider: MessageDigest.SHA-1 algorithm from: SUN
Provider: MessageDigest.SHA-1 algorithm from: SUN
Provider: MessageDigest.SHA-1 algorithm from: SUN
Provider: MessageDigest.SHA-1 algorithm from: SUN
Provider: MessageDigest.SHA-1 algorithm from: SUN
Provider: MessageDigest.SHA-1 algorithm from: SUN
Provider: MessageDigest.SHA-1 algorithm from: SUN
Provider: MessageDigest.SHA-1 algorithm from: SUN
Provider: MessageDigest.SHA-1 algorithm from: SUN
Provider: MessageDigest.SHA-1 algorithm from: SUN
Provider: MessageDigest.SHA-1 algorithm from: SUN
Provider: MessageDigest.SHA-1 algorithm from: SUN
Provider: MessageDigest.SHA-1 algorithm from: SUN
Provider: MessageDigest.SHA-1 algorithm from: SUN
Provider: MessageDigest.SHA-1 algorithm from: SUN
Provider: MessageDigest.SHA-1 algorithm from: SUN
Provider: MessageDigest.SHA-1 algorithm from: SUN
Provider: MessageDigest.SHA-1 algorithm from: SUN
Provider: MessageDigest.SHA-1 algorithm from: SUN
Provider: MessageDigest.SHA-1 algorithm from: SUN
Provider: MessageDigest.SHA-1 algorithm from: SUN
Provider: MessageDigest.SHA-1 algorithm from: SUN
Provider: MessageDigest.SHA-1 algorithm from: SUN
Provider: MessageDigest.SHA-1 algorithm from: SUN
Provider: MessageDigest.SHA-1 algorithm from: SUN
Provider: MessageDigest.SHA-1 algorithm from: SUN
Provider: MessageDigest.SHA-1 algorithm from: SUN
Provider: MessageDigest.SHA-1 algorithm from: SUN
Provider: MessageDigest.SHA-1 algorithm from: SUN
Provider: MessageDigest.SHA-1 algorithm from: SUN
Provider: MessageDigest.SHA-1 algorithm from: SUN
Provider: MessageDigest.SHA-1 algorithm from: SUN
Provider: MessageDigest.SHA-1 algorithm from: SUN
Provider: MessageDigest.SHA-1 algorithm from: SUN
Provider: MessageDigest.SHA-1 algorithm from: SUN
Provider: MessageDigest.SHA-1 algorithm from: SUN
Provider: MessageDigest.SHA-1 algorithm from: SUN
Provider: MessageDigest.SHA-1 algorithm from: SUN
Provider: MessageDigest.SHA-1 algorithm from: SUN
Provider: MessageDigest.SHA-1 algorithm from: SUN
Provider: MessageDigest.SHA-1 algorithm from: SUN
Provider: MessageDigest.SHA-1 algorithm from: SUN
Provider: MessageDigest.SHA-1 algorithm from: SUN
Provider: MessageDigest.SHA-1 algorithm from: SUN
Provider: MessageDigest.SHA-1 algorithm from: SUN
Provider: MessageDigest.SHA-1 algorithm from: SUN
Provider: MessageDigest.SHA-1 algorithm from: SUN
Provider: MessageDigest.SHA-1 algorithm from: SUN
Provider: MessageDigest.SHA-1 algorithm from: SUN
Provider: MessageDigest.SHA-1 algorithm from: SUN
Provider: MessageDigest.SHA-1 algorithm from: SUN
Provider: MessageDigest.SHA-1 algorithm from: SUN
Provider: MessageDigest.SHA-1 algorithm from: SUN
Provider: MessageDigest.SHA-1 algorithm from: SUN
Provider: MessageDigest.SHA-1 algorithm from: SUN
Provider: MessageDigest.SHA-1 algorithm from: SUN
Provider: MessageDigest.SHA-1 algorithm from: SUN
Provider: MessageDigest.SHA-1 algorithm from: SUN
Provider: MessageDigest.SHA-1 algorithm from: SUN
Provider: MessageDigest.SHA-1 algorithm from: SUN
Provider: MessageDigest.SHA-1 algorithm from: SUN
Provider: MessageDigest.SHA-1 algorithm from: SUN
Provider: MessageDigest.SHA-1 algorithm from: SUN
Provider: MessageDigest.SHA-1 algorithm from: SUN
Provider: MessageDigest.SHA-1 algorithm from: SUN
Provider: MessageDigest.SHA-1 algorithm from: SUN
Provider: MessageDigest.SHA-1 algorithm from: SUN
Provider: MessageDigest.SHA-1 algorithm from: SUN
Provider: MessageDigest.SHA-1 algorithm from: SUN
Provider: MessageDigest.SHA-1 algorithm from: SUN
Provider: MessageDigest.SHA-1 algorithm from: SUN
Provider: MessageDigest.SHA-1 algorithm from: SUN
Provider: MessageDigest.SHA-1 algorithm from: SUN
Provider: MessageDigest.SHA-1 algorithm from: SUN
Provider: MessageDigest.SHA-1 algorithm from: SUN
Provider: MessageDigest.SHA-1 algorithm from: SUN
Provider: MessageDigest.SHA-1 algorithm from: SUN
Provider: MessageDigest.SHA-1 algorithm from: SUN
Provider: MessageDigest.SHA-1 algorithm from: SUN
Provider: MessageDigest.SHA-1 algorithm from: SUN
Provider: MessageDigest.SHA-1 algorithm from: SUN
Provider: MessageDigest.SHA-1 algorithm from: SUN
Provider: MessageDigest.SHA-1 algorithm from: SUN
Provider: MessageDigest.SHA-1 algorithm from: SUN
Provider: MessageDigest.SHA-1 algorithm from: SUN
Provider: MessageDigest.SHA-1 algorithm from: SUN
Provider: MessageDigest.SHA-1 algorithm from: SUN
Provider: MessageDigest.SHA-1 algorithm from: SUN
Provider: MessageDigest.SHA-1 algorithm from: SUN
Provider: MessageDigest.SHA-1 algorithm from: SUN
Provider: MessageDigest.SHA-1 algorithm from: SUN
Provider: MessageDigest.SHA-1 algorithm from: SUN
Provider: MessageDigest.SHA-1 algorithm from: SUN
Provider: MessageDigest.SHA-1 algorithm from: SUN
Provider: MessageDigest.SHA-1 algorithm from: SUN
Provider: MessageDigest.SHA-1 algorithm from: SUN
Provider: MessageDigest.SHA-1 algorithm from: SUN
Provider: MessageDigest.SHA-1 algorithm from: SUN
Provider: MessageDigest.SHA-1 algorithm from: SUN
Provider: MessageDigest.SHA-1 algorithm from: SUN
Provider: MessageDigest.SHA-1 algorithm from: SUN
Provider: MessageDigest.SHA-1 algorithm from: SUN
Provider: MessageDigest.SHA-1 algorithm from: SUN
Provider: MessageDigest.SHA-1 algorithm from: SUN
Provider: MessageDigest.SHA-1 algorithm from: SUN
Provider: MessageDigest.SHA-1 algorithm from: SUN
Provider: MessageDigest.SHA-1 algorithm from: SUN
Provider: MessageDigest.SHA-1 algorithm from: SUN
Provider: MessageDigest.SHA-1 algorithm from: SUN
Provider: MessageDigest.SHA-1 algorithm from: SUN
Provider: MessageDigest.SHA-1 algorithm from: SUN
Provider: MessageDigest.SHA-1 algorithm from: SUN
Provider: MessageDigest.SHA-1 algorithm from: SUN
Provider: MessageDigest.SHA-1 algorithm from: SUN
Provider: MessageDigest.SHA-1 algorithm from: SUN
Provider: MessageDigest.SHA-1 algorithm from: SUN
Provider: MessageDigest.SHA-1 algorithm from: SUN
Provider: MessageDigest.SHA-1 algorithm from: SUN
Provider: MessageDigest.SHA-1 algorithm from: SUN
Provider: MessageDigest.SHA-1 algorithm from: SUN
Provider: MessageDigest.SHA-1 algorithm from: SUN
Provider: MessageDigest.SHA-1 algorithm from: SUN
Provider: MessageDigest.SHA-1 algorithm from: SUN
Provider: MessageDigest.SHA-1 algorithm from: SUN
Provider: MessageDigest.SHA-1 algorithm from: SUN
Provider: MessageDigest.SHA-1 algorithm from: SUN
Provider: MessageDigest.SHA-1 algorithm from: SUN
Provider: MessageDigest.SHA-1 algorithm from: SUN
Provider: MessageDigest.SHA-1 algorithm from: SUN
Provider: MessageDigest.SHA-1 algorithm from: SUN
Provider: MessageDigest.SHA-1 algorithm from: SUN
Provider: MessageDigest.SHA-1 algorithm from: SUN
Provider: MessageDigest.SHA-1 algorithm from: SUN
Provider: MessageDigest.SHA-1 algorithm from: SUN
Provider: MessageDigest.SHA-1 algorithm from: SUN
Provider: MessageDigest.SHA-1 algorithm from: SUN
Provider: MessageDigest.SHA-1 algorithm from: SUN
Provider: MessageDigest.SHA-1 algorithm from: SUN
Provider: MessageDigest.SHA-1 algorithm from: SUN
Provider: MessageDigest.SHA-1 algorithm from: SUN
Provider: MessageDigest.SHA-1 algorithm from: SUN
Provider: MessageDigest.SHA-1 algorithm from: SUN
Provider: MessageDigest.SHA-1 algorithm from: SUN
Provider: MessageDigest.SHA-1 algorithm from: SUN
Provider: MessageDigest.SHA-1 algorithm from: SUN
Provider: MessageDigest.SHA-1 algorithm from: SUN
Provider: MessageDigest.SHA-1 algorithm from: SUN
Provider: MessageDigest.SHA-1 algorithm from: SUN
Provider: MessageDigest.SHA-1 algorithm from: SUN
Provider: MessageDigest.SHA-1 algorithm from: SUN
Provider: MessageDigest.SHA-1 algorithm from: SUN
Provider: MessageDigest.SHA-1 algorithm from: SUN
Provider: MessageDigest.SHA-1 algorithm from: SUN
Provider: MessageDigest.SHA-1 algorithm from: SUN
Provider: MessageDigest.SHA-1 algorithm from: SUN
Provider: MessageDigest.SHA-1 algorithm from: SUN
Provider: MessageDigest.SHA-1 algorithm from: SUN
Provider: MessageDigest.SHA-1 algorithm from: SUN
Provider: MessageDigest.SHA-1 algorithm from: SUN
Provider: MessageDigest.SHA-1 algorithm from: SUN
Provider: MessageDigest.SHA-1 algorithm from: SUN
Provider: MessageDigest.SHA-1 algorithm from: SUN
Provider: MessageDigest.SHA-1 algorithm from: SUN
Provider: MessageDigest.SHA-1 algorithm from: SUN
Provider: MessageDigest.SHA-1 algorithm from: SUN
Provider: MessageDigest.SHA-1 algorithm from: SUN
Provider: MessageDigest.SHA-1 algorithm from: SUN
Provider: MessageDigest.SHA-1 algorithm from: SUN
Provider: MessageDigest.SHA-1 algorithm from: SUN
Provider: MessageDigest.SHA-1 algorithm from: SUN
Provider: MessageDigest.SHA-1 algorithm from: SUN
Provider: MessageDigest.SHA-1 algorithm from: SUN
Provider: MessageDigest.SHA-1 algorithm from: SUN
Provider: MessageDigest.SHA-1 algorithm from: SUN
Provider: MessageDigest.SHA-1 algorithm from: SUN
Provider: MessageDigest.SHA-1 algorithm from: SUN
Provider: MessageDigest.SHA-1 algorithm from: SUN
Provider: MessageDigest.SHA-1 algorithm from: SUN
Provider: MessageDigest.SHA-1 algorithm from: SUN
Provider: MessageDigest.SHA-1 algorithm from: SUN
Provider: MessageDigest.SHA-1 algorithm from: SUN
Provider: MessageDigest.SHA-1 algorithm from: SUN
Provider: MessageDigest.SHA-1 algorithm from: SUN
Provider: MessageDigest.SHA-1 algorithm from: SUN
Provider: MessageDigest.SHA-1 algorithm from: SUN
Provider: MessageDigest.SHA-1 algorithm from: SUN
Provider: MessageDigest.SHA-1 algorithm from: SUN
Provider: MessageDigest.SHA-1 algorithm from: SUN
Provider: MessageDigest.SHA-1 algorithm from: SUN
Provider: MessageDigest.SHA-1 algorithm from: SUN
Provider: MessageDigest.SHA-1 algorithm from: SUN
Provider: MessageDigest.SHA-1 algorithm from: SUN
Provider: MessageDigest.SHA-1 algorithm from: SUN
Provider: MessageDigest.SHA-1 algorithm from: SUN
Provider: MessageDigest.SHA-1 algorithm from: SUN
Provider: MessageDigest.SHA-1 algorithm from: SUN
Provider: MessageDigest.SHA-1 algorithm from: SUN
Provider: MessageDigest.SHA-1 algorithm from: SUN
Provider: MessageDigest.SHA-1 algorithm from: SUN
Provider: MessageDigest.SHA-1 algorithm from: SUN
Provider: MessageDigest.SHA-1 algorithm from: SUN
Provider: MessageDigest.SHA-1 algorithm from: SUN
Provider: MessageDigest.SHA-1 algorithm from: SUN
Provider: MessageDigest.SHA-1 algorithm from: SUN
Provider: MessageDigest.SHA-1 algorithm from: SUN
Provider: MessageDigest.SHA-1 algorithm from: SUN
Provider: MessageDigest.SHA-1 algorithm from: SUN
Provider: MessageDigest.SHA-1 algorithm from: SUN
Provider: MessageDigest.SHA-1 algorithm from: SUN
Provider: MessageDigest.SHA-1 algorithm from: SUN
Provider: MessageDigest.SHA-1 algorithm from: SUN
Provider: MessageDigest.SHA-1 algorithm from: SUN
Provider: MessageDigest.SHA-1 algorithm from: SUN
Provider: MessageDigest.SHA-1 algorithm from: SUN
Provider: MessageDigest.SHA-1 algorithm from: SUN
Provider: MessageDigest.SHA-1 algorithm from: SUN
Provider: MessageDigest.SHA-1 algorithm from: SUN
Provider: MessageDigest.SHA-1 algorithm from: SUN
Provider: MessageDigest.SHA-1 algorithm from: SUN
Provider: MessageDigest.SHA-1 algorithm from: SUN
Provider: MessageDigest.SHA-1 algorithm from: SUN
Provider: MessageDigest.SHA-1 algorithm from: SUN
Provider: MessageDigest.SHA-1 algorithm from: SUN
Provider: MessageDigest.SHA-1 algorithm from: SUN
Provider: MessageDigest.SHA-1 algorithm from: SUN
Provider: MessageDigest.SHA-1 algorithm from: SUN
Provider: MessageDigest.SHA-1 algorithm from: SUN
Provider: MessageDigest.SHA-1 algorithm from: SUN
Provider: MessageDigest.SHA-1 algorithm from: SUN
Provider: MessageDigest.SHA-1 algorithm from: SUN
Provider: MessageDigest.SHA-1 algorithm from: SUN
Provider: MessageDigest.SHA-1 algorithm from: SUN
Provider: MessageDigest.SHA-1 algorithm from: SUN
Provider: MessageDigest.SHA-1 algorithm from: SUN
Provider: MessageDigest.SHA-1 algorithm from: SUN
Provider: MessageDigest.SHA-1 algorithm from: SUN
Provider: MessageDigest.SHA-1 algorithm from: SUN
Provider: MessageDigest.SHA-1 algorithm from: SUN
Provider: MessageDigest.SHA-1 algorithm from: SUN
Provider: MessageDigest.SHA-1 algorithm from: SUN
Provider: MessageDigest.SHA-1 algorithm from: SUN
Provider: MessageDigest.SHA-1 algorithm from: SUN
Provider: MessageDigest.SHA-1 algorithm from: SUN
Provider: MessageDigest.SHA-1 algorithm from: SUN
Provider: MessageDigest.SHA-1 algorithm from: SUN
Provider: MessageDigest.SHA-1 algorithm from: SUN
Provider: MessageDigest.SHA-1 algorithm from: SUN
Provider: MessageDigest.SHA-1 algorithm from: SUN
Provider: MessageDigest.SHA-1 algorithm from: SUN
Provider: MessageDigest.SHA-1 algorithm from: SUN
Provider: MessageDigest.SHA-1 algorithm from: SUN
Provider: MessageDigest.SHA-1 algorithm from: SUN
Provider: MessageDigest.SHA-1 algorithm from: SUN
Provider: MessageDigest.SHA-1 algorithm from: SUN
Provider: MessageDigest.SHA-1 algorithm from: SUN
Provider: MessageDigest.SHA-1 algorithm from: SUN
Provider: MessageDigest.SHA-1 algorithm from: SUN
Provider: MessageDigest.SHA-1 algorithm from: SUN
Provider: MessageDigest.SHA-1 algorithm from: SUN
Provider: MessageDigest.SHA-1 algorithm from: SUN
Provider: MessageDigest.SHA-1 algorithm from: SUN
Provider: MessageDigest.SHA-1 algorithm from: SUN
Provider: MessageDigest.SHA-1 algorithm from: SUN
Provider: MessageDigest.SHA-1 algorithm from: SUN
Provider: MessageDigest.SHA-1 algorithm from: SUN
Provider: MessageDigest.SHA-1 algorithm from: SUN
Provider: MessageDigest.SHA-1 algorithm from: SUN
Provider: MessageDigest.SHA-1 algorithm from: SUN
Provider: MessageDigest.SHA-1 algorithm from: SUN
Provider: MessageDigest.SHA-1 algorithm from: SUN
Provider: MessageDigest.SHA-1 algorithm from: SUN
Provider: MessageDigest.SHA-1 algorithm from: SUN
Provider: MessageDigest.SHA-1 algorithm from: SUN
Provider: MessageDigest.SHA-1 algorithm from: SUN
Provider: MessageDigest.SHA-1 algorithm from: SUN
Provider: MessageDigest.SHA-1 algorithm from: SUN
Provider: MessageDigest.SHA-1 algorithm from: SUN
Provider: MessageDigest.SHA-1 algorithm from: SUN
Provider: MessageDigest.SHA-1 algorithm from: SUN
Provider: MessageDigest.SHA-1 algorithm from: SUN
Provider: MessageDigest.SHA-1 algorithm from: SUN
Provider: MessageDigest.SHA-1 algorithm from: SUN
Provider: MessageDigest.SHA-1 algorithm from: SUN
Provider: MessageDigest.SHA-1 algorithm from: SUN
Provider: MessageDigest.SHA-1 algorithm from: SUN
Provider: MessageDigest.SHA-1 algorithm from: SUN
Provider: MessageDigest.SHA-1 algorithm from: SUN
Provider: MessageDigest.SHA-1 algorithm from: SUN
Provider: MessageDigest.SHA-1 algorithm from: SUN
Provider: MessageDigest.SHA-1 algorithm from: SUN
Provider: MessageDigest.SHA-1 algorithm from: SUN
Provider: MessageDigest.SHA-1 algorithm from: SUN
Provider: MessageDigest.SHA-1 algorithm from: SUN
Provider: MessageDigest.SHA-1 algorithm from: SUN
Provider: MessageDigest.SHA-1 algorithm from: SUN
Provider: MessageDigest.SHA-1 algorithm from: SUN
Provider: MessageDigest.SHA-1 algorithm from: SUN
Provider: MessageDigest.SHA-1 algorithm from: SUN
Provider: MessageDigest.SHA-1 algorithm from: SUN
Provider: MessageDigest.SHA-1 algorithm from: SUN
Provider: MessageDigest.SHA-1 algorithm from: SUN
Provider: MessageDigest.SHA-1 algorithm from: SUN
Provider: MessageDigest.SHA-1 algorithm from: SUN
Provider: MessageDigest.SHA-1 algorithm from: SUN
Provider: MessageDigest.SHA-1 algorithm from: SUN
Provider: MessageDigest.SHA-1 algorithm from: SUN
Provider: MessageDigest.SHA-1 algorithm from: SUN
Provider: MessageDigest.SHA-1 algorithm from: SUN
Provider: MessageDigest.SHA-1 algorithm from: SUN
Provider: MessageDigest.SHA-1 algorithm from: SUN
Provider: MessageDigest.SHA-1 algorithm from: SUN
Provider: MessageDigest.SHA-1 algorithm from: SUN
Provider: MessageDigest.SHA-1 algorithm from: SUN
Provider: MessageDigest.SHA-1 algorithm from: SUN
Provider: MessageDigest.SHA-1 algorithm from: SUN
Provider: MessageDigest.SHA-1 algorithm from: SUN
Provider: MessageDigest.SHA-1 algorithm from: SUN
Provider: MessageDigest.SHA-1 algorithm from: SUN
Provider: MessageDigest.SHA-1 algorithm from: SUN
Provider: MessageDigest.SHA-1 algorithm from: SUN
Provider: MessageDigest.SHA-1 algorithm from: SUN
Provider: MessageDigest.SHA-1 algorithm from: SUN
Provider: MessageDigest.SHA-1 algorithm from: SUN
Provider: MessageDigest.SHA-1 algorithm from: SUN
Provider: MessageDigest.SHA-1 algorithm from: SUN
Provider: MessageDigest.SHA-1 algorithm from: SUN
Provider: MessageDigest.SHA-1 algorithm from: SUN
Provider: MessageDigest.SHA-1 algorithm from: SUN
Provider: MessageDigest.SHA-1 algorithm from: SUN
Provider: MessageDigest.SHA-1 algorithm from: SUN
Provider: MessageDigest.SHA-1 algorithm from: SUN
Provider: MessageDigest.SHA-1 algorithm from: SUN
2026-06-10 06:48:07,230 INFO  [io.quarkus.deployment.QuarkusAugmentor] (main) Quarkus augmentation completed in 4609ms
properties: java.security
properties: java.security.disableSystemPropertiesFile=false
properties: security.useSystemPropertiesFile=true
properties: java.security
properties: com.redhat.fips unset, using default value of true
properties: Calling getSystemFIPSEnabled (libsystemconf)...
properties: getSystemFIPSEnabled: calling SECMOD_GetSystemFIPSEnabled
properties: getSystemFIPSEnabled: SECMOD_GetSystemFIPSEnabled returned 0x0
properties: Call to getSystemFIPSEnabled (libsystemconf) returned: false
properties: FIPS mode not detected
properties: FIPS mode support disabled.
properties: Initial security property: jdk.jar.disabledAlgorithms=MD2, MD5, RSA keySize < 1024, DSA keySize < 1024, SHA1 denyAfter 2019-01-01
properties: Initial security property: fips.provider.3=SunEC
properties: Initial security property: fips.provider.4=SunJSSE
properties: Initial security property: fips.provider.1=SunPKCS11 ${java.home}/conf/security/nss.fips.cfg
properties: Initial security property: fips.provider.2=SUN
properties: Initial security property: jdk.security.legacyAlgorithms=SHA1, RSA keySize < 2048, DSA keySize < 2048, DES, DESede, MD5, RC2, ARCFOUR
properties: Initial security property: crypto.policy=unlimited
properties: Initial security property: jdk.disabled.namedCurves=brainpoolP256r1, brainpoolP384r1, brainpoolP512r1, secp112r1, secp112r2, secp128r1, secp128r2, secp160k1, secp160r1, secp160r2, secp192k1, secp192r1, secp224k1, secp224r1, secp256k1, sect113r1, sect113r2, sect131r1, sect131r2, sect163k1, sect163r1, sect163r2, sect193r1, sect193r2, sect233k1, sect233r1, sect239k1, sect283k1, sect283r1, sect409k1, sect409r1, sect571k1, sect571r1, c2tnb191v1, c2tnb191v2, c2tnb191v3, c2tnb239v1, c2tnb239v2, c2tnb239v3, c2tnb359v1, c2tnb431r1, prime192v2, prime192v3, prime239v1, prime239v2, prime239v3, brainpoolP320r1
properties: Initial security property: jceks.key.serialFilter=java.base/java.lang.Enum;java.base/java.security.KeyRep;java.base/java.security.KeyRep$Type;java.base/javax.crypto.spec.SecretKeySpec;!*
properties: Initial security property: login.configuration.provider=sun.security.provider.ConfigFile
properties: Initial security property: security.overridePropertiesFile=true
properties: Initial security property: jdk.tls.legacyAlgorithms=
properties: Initial security property: fips.nssdb.path=sql:/etc/pki/nssdb
properties: Initial security property: security.provider.7=SunSASL
properties: Initial security property: security.provider.8=XMLDSig
properties: Initial security property: security.provider.9=SunPCSC
properties: Initial security property: jdk.security.caDistrustPolicies=SYMANTEC_TLS,ENTRUST_TLS,CAMERFIRMA_TLS,CHUNGHWA_TLS
properties: Initial security property: security.provider.1=SUN
properties: Initial security property: security.provider.2=SunRsaSign
properties: Initial security property: security.provider.3=SunEC
properties: Initial security property: security.provider.4=SunJSSE
properties: Initial security property: networkaddress.cache.negative.ttl=10
properties: Initial security property: jdk.tls.alpnCharset=ISO_8859_1
properties: Initial security property: security.provider.5=SunJCE
properties: Initial security property: security.provider.6=SunJGSS
properties: Initial security property: ssl.KeyManagerFactory.algorithm=SunX509
properties: Initial security property: fips.provider.7=XMLDSig
properties: Initial security property: ssl.TrustManagerFactory.algorithm=PKIX
properties: Initial security property: fips.provider.5=SunJCE
properties: Initial security property: fips.provider.6=SunRsaSign
properties: Initial security property: policy.allowSystemProperty=true
properties: Initial security property: jdk.io.permissionsUseCanonicalPath=false
properties: Initial security property: package.access=sun.misc.,sun.reflect.
properties: Initial security property: package.definition=sun.misc.,sun.reflect.
properties: Initial security property: security.provider.12=SunPKCS11
properties: Initial security property: http.auth.digest.disabledAlgorithms=MD5, SHA-1
properties: Initial security property: policy.provider=sun.security.provider.PolicyFile
properties: Initial security property: policy.url.1=file:${java.home}/conf/security/java.policy
properties: Initial security property: securerandom.source=file:/dev/random
properties: Initial security property: policy.url.2=file:${user.home}/.java.policy
properties: Initial security property: jdk.certpath.disabledAlgorithms=MD2, MD5withDSA, MD5withECDSARIPEMD160withRSA, RIPEMD160withECDSA, RIPEMD160withRSAandMGF1, MD5withRSA, SHA1withRSA, SHA1withDSA, SHA1withECDSA, SHA224withDSA, SHA256withDSA, SHA384withDSA, SHA512withDSA, SHA1withRSAandMGF1, RSA keySize < 2048, DSA keySize < 2048, DH keySize < 2048, EC keySize < 256, SHA1, MD5
properties: Initial security property: jdk.tls.disabledAlgorithms=MD2, MD5withDSA, MD5withECDSARIPEMD160withRSA, RIPEMD160withECDSA, RIPEMD160withRSAandMGF1, MD5withRSA, SHA1withRSA, SHA1withDSA, SHA1withECDSA, SHA224withDSA, SHA256withDSA, SHA384withDSA, SHA512withDSA, SHA1withRSAandMGF1, RSA keySize < 2048, DSA keySize < 2048, DH keySize < 2048, EC keySize < 256, include jdk.disabled.namedCurves, TLSv1.1, TLSv1, SSLv3, SSLv2, DTLSv1.0, DHE_DSS, RSA_EXPORT, DHE_DSS_EXPORT, DHE_RSA_EXPORT, DH_DSS_EXPORT, DH_RSA_EXPORT, DH_anon, ECDH_anon, DH_RSA, DH_DSS, ECDH, 3DES_EDE_CBC, DES_CBC, RC4_40, RC4_128, DES40_CBC, RC2, anon, NULL, HmacMD5
properties: Initial security property: policy.ignoreIdentityScope=false
properties: Initial security property: keystore.type.compat=true
properties: Initial security property: fips.nssdb.pin=pin:
properties: Initial security property: security.provider.11=JdkSASL
properties: Initial security property: security.provider.10=JdkLDAP
properties: Initial security property: jdk.sasl.disabledMechanisms=
properties: Initial security property: fips.keystore.type=pkcs12
properties: Initial security property: sun.security.krb5.maxReferrals=5
properties: Initial security property: security.useSystemPropertiesFile=true
properties: Initial security property: jdk.tls.keyLimits=AES/GCM/NoPadding KeyUpdate 2^37, ChaCha20-Poly1305 KeyUpdate 2^37
properties: Initial security property: jdk.xml.dsig.secureValidationPolicy=disallowAlg http://www.w3.org/TR/1999/REC-xslt-19991116,disallowAlg http://www.w3.org/2001/04/xmldsig-more#rsa-md5,disallowAlg http://www.w3.org/2001/04/xmldsig-more#hmac-md5,disallowAlg http://www.w3.org/2001/04/xmldsig-more#md5,disallowAlg http://www.w3.org/2000/09/xmldsig#sha1,disallowAlg http://www.w3.org/2000/09/xmldsig#dsa-sha1,disallowAlg http://www.w3.org/2000/09/xmldsig#rsa-sha1,disallowAlg http://www.w3.org/2007/05/xmldsig-more#sha1-rsa-MGF1,disallowAlg http://www.w3.org/2001/04/xmldsig-more#ecdsa-sha1,maxTransforms 5,maxReferences 30,disallowReferenceUriSchemes file http https,minKeySize RSA 1024,minKeySize DSA 1024,minKeySize EC 224,noDuplicateIds,noRetrievalMethodLoops
properties: Initial security property: securerandom.drbg.config=
properties: Initial security property: sun.security.krb5.disableReferrals=false
properties: Initial security property: keystore.type=pkcs12
properties: Initial security property: com.sun.security.allowedAIALocations=
properties: Initial security property: securerandom.strongAlgorithms=NativePRNGBlocking:SUN,DRBG:SUN
properties: Initial security property: policy.expandProperties=true
properties: Initial security property: krb5.kdc.bad.policy=tryLast
Listening for transport dt_socket at address: 8787
provider: NativePRNG egdUrl: file:/dev/urandom
provider: NativePRNG.MIXED seedFile: /dev/urandom nextFile: /dev/urandom
provider: NativePRNG.BLOCKING seedFile: /dev/random nextFile: /dev/random
provider: NativePRNG.NONBLOCKING seedFile: /dev/urandom nextFile: /dev/urandom
Provider: SUN.putService(): SUN: SecureRandom.NativePRNG -> sun.security.provider.NativePRNG
  attributes: {ThreadSafe=true}

Provider: Add SecureRandom algo NativePRNG
Provider: SUN.putService(): SUN: SecureRandom.NativePRNGBlocking -> sun.security.provider.NativePRNG$Blocking
  attributes: {ThreadSafe=true}

Provider: Add SecureRandom algo NativePRNGBlocking
Provider: SUN.putService(): SUN: SecureRandom.NativePRNGNonBlocking -> sun.security.provider.NativePRNG$NonBlocking
  attributes: {ThreadSafe=true}

Provider: Add SecureRandom algo NativePRNGNonBlocking
Provider: SUN.putService(): SUN: SecureRandom.DRBG -> sun.security.provider.DRBG
  attributes: {ImplementedIn=Software, ThreadSafe=true}

Provider: Add SecureRandom algo DRBG
Provider: SUN.putService(): SUN: SecureRandom.SHA1PRNG -> sun.security.provider.SecureRandom
  attributes: {ImplementedIn=Software, ThreadSafe=true}

Provider: Add SecureRandom algo SHA1PRNG
Provider: SUN.putService(): SUN: Signature.SHA1withDSA -> sun.security.provider.DSA$SHA1withDSA
  aliases: [OID.1.2.840.10040.4.3, 1.2.840.10040.4.3, DSS, 1.3.14.3.2.13, 1.3.14.3.2.27, DSA, SHA/DSA, SHA-1/DSA, SHA1/DSA, SHAwithDSA, DSAWithSHA1]
  attributes: {ImplementedIn=Software, KeySize=1024, SupportedKeyClasses=java.security.interfaces.DSAPublicKey|java.security.interfaces.DSAPrivateKey}

Provider: SUN.putService(): SUN: Signature.NONEwithDSA -> sun.security.provider.DSA$RawDSA
  aliases: [RawDSA]
  attributes: {ImplementedIn=Software, KeySize=1024, SupportedKeyClasses=java.security.interfaces.DSAPublicKey|java.security.interfaces.DSAPrivateKey}

Provider: SUN.putService(): SUN: Signature.SHA224withDSA -> sun.security.provider.DSA$SHA224withDSA
  aliases: [OID.2.16.840.1.101.3.4.3.1, 2.16.840.1.101.3.4.3.1]
  attributes: {ImplementedIn=Software, KeySize=2048, SupportedKeyClasses=java.security.interfaces.DSAPublicKey|java.security.interfaces.DSAPrivateKey}

Provider: SUN.putService(): SUN: Signature.SHA256withDSA -> sun.security.provider.DSA$SHA256withDSA
  aliases: [OID.2.16.840.1.101.3.4.3.2, 2.16.840.1.101.3.4.3.2]
  attributes: {ImplementedIn=Software, KeySize=2048, SupportedKeyClasses=java.security.interfaces.DSAPublicKey|java.security.interfaces.DSAPrivateKey}

Provider: SUN.putService(): SUN: Signature.SHA3-224withDSA -> sun.security.provider.DSA$SHA3_224withDSA
  aliases: [OID.2.16.840.1.101.3.4.3.5, 2.16.840.1.101.3.4.3.5]
  attributes: {ImplementedIn=Software, KeySize=2048, SupportedKeyClasses=java.security.interfaces.DSAPublicKey|java.security.interfaces.DSAPrivateKey}

Provider: SUN.putService(): SUN: Signature.SHA3-256withDSA -> sun.security.provider.DSA$SHA3_256withDSA
  aliases: [OID.2.16.840.1.101.3.4.3.6, 2.16.840.1.101.3.4.3.6]
  attributes: {ImplementedIn=Software, KeySize=2048, SupportedKeyClasses=java.security.interfaces.DSAPublicKey|java.security.interfaces.DSAPrivateKey}

Provider: SUN.putService(): SUN: Signature.SHA384withDSA -> sun.security.provider.DSA$SHA384withDSA
  aliases: [OID.2.16.840.1.101.3.4.3.3, 2.16.840.1.101.3.4.3.3]
  attributes: {ImplementedIn=Software, KeySize=3072, SupportedKeyClasses=java.security.interfaces.DSAPublicKey|java.security.interfaces.DSAPrivateKey}

Provider: SUN.putService(): SUN: Signature.SHA512withDSA -> sun.security.provider.DSA$SHA512withDSA
  aliases: [OID.2.16.840.1.101.3.4.3.4, 2.16.840.1.101.3.4.3.4]
  attributes: {ImplementedIn=Software, KeySize=3072, SupportedKeyClasses=java.security.interfaces.DSAPublicKey|java.security.interfaces.DSAPrivateKey}

Provider: SUN.putService(): SUN: Signature.SHA3-384withDSA -> sun.security.provider.DSA$SHA3_384withDSA
  aliases: [OID.2.16.840.1.101.3.4.3.7, 2.16.840.1.101.3.4.3.7]
  attributes: {ImplementedIn=Software, KeySize=3072, SupportedKeyClasses=java.security.interfaces.DSAPublicKey|java.security.interfaces.DSAPrivateKey}

Provider: SUN.putService(): SUN: Signature.SHA3-512withDSA -> sun.security.provider.DSA$SHA3_512withDSA
  aliases: [OID.2.16.840.1.101.3.4.3.8, 2.16.840.1.101.3.4.3.8]
  attributes: {ImplementedIn=Software, KeySize=3072, SupportedKeyClasses=java.security.interfaces.DSAPublicKey|java.security.interfaces.DSAPrivateKey}

Provider: SUN.putService(): SUN: Signature.SHA1withDSAinP1363Format -> sun.security.provider.DSA$SHA1withDSAinP1363Format

Provider: SUN.putService(): SUN: Signature.NONEwithDSAinP1363Format -> sun.security.provider.DSA$RawDSAinP1363Format

Provider: SUN.putService(): SUN: Signature.SHA224withDSAinP1363Format -> sun.security.provider.DSA$SHA224withDSAinP1363Format

Provider: SUN.putService(): SUN: Signature.SHA256withDSAinP1363Format -> sun.security.provider.DSA$SHA256withDSAinP1363Format

Provider: SUN.putService(): SUN: Signature.SHA384withDSAinP1363Format -> sun.security.provider.DSA$SHA384withDSAinP1363Format

Provider: SUN.putService(): SUN: Signature.SHA512withDSAinP1363Format -> sun.security.provider.DSA$SHA512withDSAinP1363Format

Provider: SUN.putService(): SUN: Signature.SHA3-224withDSAinP1363Format -> sun.security.provider.DSA$SHA3_224withDSAinP1363Format

Provider: SUN.putService(): SUN: Signature.SHA3-256withDSAinP1363Format -> sun.security.provider.DSA$SHA3_256withDSAinP1363Format

Provider: SUN.putService(): SUN: Signature.SHA3-384withDSAinP1363Format -> sun.security.provider.DSA$SHA3_384withDSAinP1363Format

Provider: SUN.putService(): SUN: Signature.SHA3-512withDSAinP1363Format -> sun.security.provider.DSA$SHA3_512withDSAinP1363Format

Provider: SUN.putService(): SUN: Signature.HSS/LMS -> sun.security.provider.HSS
  aliases: [OID.1.2.840.113549.1.9.16.3.17, 1.2.840.113549.1.9.16.3.17]
  attributes: {ImplementedIn=Software}

Provider: SUN.putService(): SUN: KeyPairGenerator.DSA -> sun.security.provider.DSAKeyPairGenerator$Current
  aliases: [OID.1.2.840.10040.4.1, 1.2.840.10040.4.1, 1.3.14.3.2.12]
  attributes: {ImplementedIn=Software, KeySize=2048}

Provider: SUN.putService(): SUN: AlgorithmParameterGenerator.DSA -> sun.security.provider.DSAParameterGenerator
  aliases: [OID.1.2.840.10040.4.1, 1.2.840.10040.4.1, 1.3.14.3.2.12]
  attributes: {ImplementedIn=Software, KeySize=2048}

Provider: SUN.putService(): SUN: AlgorithmParameters.DSA -> sun.security.provider.DSAParameters
  aliases: [OID.1.2.840.10040.4.1, 1.2.840.10040.4.1, 1.3.14.3.2.12]
  attributes: {ImplementedIn=Software}

Provider: SUN.putService(): SUN: KeyFactory.DSA -> sun.security.provider.DSAKeyFactory
  aliases: [OID.1.2.840.10040.4.1, 1.2.840.10040.4.1, 1.3.14.3.2.12]
  attributes: {ImplementedIn=Software}

Provider: SUN.putService(): SUN: KeyFactory.HSS/LMS -> sun.security.provider.HSS$KeyFactoryImpl
  aliases: [OID.1.2.840.113549.1.9.16.3.17, 1.2.840.113549.1.9.16.3.17]
  attributes: {ImplementedIn=Software}

Provider: SUN.putService(): SUN: MessageDigest.MD2 -> sun.security.provider.MD2
  aliases: [OID.1.2.840.113549.2.2, 1.2.840.113549.2.2]
  attributes: {ImplementedIn=Software}

Provider: SUN.putService(): SUN: MessageDigest.MD5 -> sun.security.provider.MD5
  aliases: [OID.1.2.840.113549.2.5, 1.2.840.113549.2.5]
  attributes: {ImplementedIn=Software}

Provider: SUN.putService(): SUN: MessageDigest.SHA-1 -> sun.security.provider.SHA
  aliases: [OID.1.3.14.3.2.26, 1.3.14.3.2.26, SHA, SHA1]
  attributes: {ImplementedIn=Software}

Provider: SUN.putService(): SUN: MessageDigest.SHA-224 -> sun.security.provider.SHA2$SHA224
  aliases: [OID.2.16.840.1.101.3.4.2.4, 2.16.840.1.101.3.4.2.4, SHA224]
  attributes: {ImplementedIn=Software}

Provider: SUN.putService(): SUN: MessageDigest.SHA-256 -> sun.security.provider.SHA2$SHA256
  aliases: [OID.2.16.840.1.101.3.4.2.1, 2.16.840.1.101.3.4.2.1, SHA256]
  attributes: {ImplementedIn=Software}

Provider: SUN.putService(): SUN: MessageDigest.SHA-384 -> sun.security.provider.SHA5$SHA384
  aliases: [OID.2.16.840.1.101.3.4.2.2, 2.16.840.1.101.3.4.2.2, SHA384]
  attributes: {ImplementedIn=Software}

Provider: SUN.putService(): SUN: MessageDigest.SHA-512 -> sun.security.provider.SHA5$SHA512
  aliases: [OID.2.16.840.1.101.3.4.2.3, 2.16.840.1.101.3.4.2.3, SHA512]
  attributes: {ImplementedIn=Software}

Provider: SUN.putService(): SUN: MessageDigest.SHA-512/224 -> sun.security.provider.SHA5$SHA512_224
  aliases: [OID.2.16.840.1.101.3.4.2.5, 2.16.840.1.101.3.4.2.5, SHA512/224]
  attributes: {ImplementedIn=Software}

Provider: SUN.putService(): SUN: MessageDigest.SHA-512/256 -> sun.security.provider.SHA5$SHA512_256
  aliases: [OID.2.16.840.1.101.3.4.2.6, 2.16.840.1.101.3.4.2.6, SHA512/256]
  attributes: {ImplementedIn=Software}

Provider: SUN.putService(): SUN: MessageDigest.SHA3-224 -> sun.security.provider.SHA3$SHA224
  aliases: [OID.2.16.840.1.101.3.4.2.7, 2.16.840.1.101.3.4.2.7]
  attributes: {ImplementedIn=Software}

Provider: SUN.putService(): SUN: MessageDigest.SHA3-256 -> sun.security.provider.SHA3$SHA256
  aliases: [OID.2.16.840.1.101.3.4.2.8, 2.16.840.1.101.3.4.2.8]
  attributes: {ImplementedIn=Software}

Provider: SUN.putService(): SUN: MessageDigest.SHA3-384 -> sun.security.provider.SHA3$SHA384
  aliases: [OID.2.16.840.1.101.3.4.2.9, 2.16.840.1.101.3.4.2.9]
  attributes: {ImplementedIn=Software}

Provider: SUN.putService(): SUN: MessageDigest.SHA3-512 -> sun.security.provider.SHA3$SHA512
  aliases: [OID.2.16.840.1.101.3.4.2.10, 2.16.840.1.101.3.4.2.10]
  attributes: {ImplementedIn=Software}

Provider: SUN.putService(): SUN: CertificateFactory.X.509 -> sun.security.provider.X509Factory
  aliases: [X509]
  attributes: {ImplementedIn=Software}

Provider: SUN.putService(): SUN: KeyStore.PKCS12 -> sun.security.pkcs12.PKCS12KeyStore$DualFormatPKCS12

Provider: SUN.putService(): SUN: KeyStore.JKS -> sun.security.provider.JavaKeyStore$DualFormatJKS
  attributes: {ImplementedIn=Software}

Provider: SUN.putService(): SUN: KeyStore.CaseExactJKS -> sun.security.provider.JavaKeyStore$CaseExactJKS
  attributes: {ImplementedIn=Software}

Provider: SUN.putService(): SUN: KeyStore.DKS -> sun.security.provider.DomainKeyStore$DKS
  attributes: {ImplementedIn=Software}

Provider: SUN.putService(): SUN: CertStore.Collection -> sun.security.provider.certpath.CollectionCertStore
  attributes: {ImplementedIn=Software}

Provider: SUN.putService(): SUN: CertStore.com.sun.security.IndexedCollection -> sun.security.provider.certpath.IndexedCollectionCertStore
  attributes: {ImplementedIn=Software}

Provider: SUN.putService(): SUN: Policy.JavaPolicy -> sun.security.provider.PolicySpiFile

Provider: SUN.putService(): SUN: Configuration.JavaLoginConfig -> sun.security.provider.ConfigFile$Spi

Provider: SUN.putService(): SUN: CertPathBuilder.PKIX -> sun.security.provider.certpath.SunCertPathBuilder
  attributes: {ImplementedIn=Software, ValidationAlgorithm=RFC5280}

Provider: SUN.putService(): SUN: CertPathValidator.PKIX -> sun.security.provider.certpath.PKIXCertPathValidator
  attributes: {ImplementedIn=Software, ValidationAlgorithm=RFC5280}

Provider: SunRsaSign.putService(): SunRsaSign: KeyFactory.RSA -> sun.security.rsa.RSAKeyFactory$Legacy
  aliases: [OID.1.2.840.113549.1.1, 1.2.840.113549.1.1, 1.2.840.113549.1.1.1]

Provider: SunRsaSign.putService(): SunRsaSign: KeyPairGenerator.RSA -> sun.security.rsa.RSAKeyPairGenerator$Legacy
  aliases: [OID.1.2.840.113549.1.1, 1.2.840.113549.1.1, 1.2.840.113549.1.1.1]

Provider: SunRsaSign.putService(): SunRsaSign: Signature.MD2withRSA -> sun.security.rsa.RSASignature$MD2withRSA
  aliases: [OID.1.2.840.113549.1.1.2, 1.2.840.113549.1.1.2]
  attributes: {SupportedKeyClasses=java.security.interfaces.RSAPublicKey|java.security.interfaces.RSAPrivateKey}

Provider: SunRsaSign.putService(): SunRsaSign: Signature.MD5withRSA -> sun.security.rsa.RSASignature$MD5withRSA
  aliases: [OID.1.2.840.113549.1.1.4, 1.2.840.113549.1.1.4]
  attributes: {SupportedKeyClasses=java.security.interfaces.RSAPublicKey|java.security.interfaces.RSAPrivateKey}

Provider: SunRsaSign.putService(): SunRsaSign: Signature.SHA1withRSA -> sun.security.rsa.RSASignature$SHA1withRSA
  aliases: [OID.1.2.840.113549.1.1.5, 1.2.840.113549.1.1.5, 1.3.14.3.2.29]
  attributes: {SupportedKeyClasses=java.security.interfaces.RSAPublicKey|java.security.interfaces.RSAPrivateKey}

Provider: SunRsaSign.putService(): SunRsaSign: Signature.SHA224withRSA -> sun.security.rsa.RSASignature$SHA224withRSA
  aliases: [OID.1.2.840.113549.1.1.14, 1.2.840.113549.1.1.14]
  attributes: {SupportedKeyClasses=java.security.interfaces.RSAPublicKey|java.security.interfaces.RSAPrivateKey}

Provider: SunRsaSign.putService(): SunRsaSign: Signature.SHA256withRSA -> sun.security.rsa.RSASignature$SHA256withRSA
  aliases: [OID.1.2.840.113549.1.1.11, 1.2.840.113549.1.1.11]
  attributes: {SupportedKeyClasses=java.security.interfaces.RSAPublicKey|java.security.interfaces.RSAPrivateKey}

Provider: SunRsaSign.putService(): SunRsaSign: Signature.SHA384withRSA -> sun.security.rsa.RSASignature$SHA384withRSA
  aliases: [OID.1.2.840.113549.1.1.12, 1.2.840.113549.1.1.12]
  attributes: {SupportedKeyClasses=java.security.interfaces.RSAPublicKey|java.security.interfaces.RSAPrivateKey}

Provider: SunRsaSign.putService(): SunRsaSign: Signature.SHA512withRSA -> sun.security.rsa.RSASignature$SHA512withRSA
  aliases: [OID.1.2.840.113549.1.1.13, 1.2.840.113549.1.1.13]
  attributes: {SupportedKeyClasses=java.security.interfaces.RSAPublicKey|java.security.interfaces.RSAPrivateKey}

Provider: SunRsaSign.putService(): SunRsaSign: Signature.SHA512/224withRSA -> sun.security.rsa.RSASignature$SHA512_224withRSA
  aliases: [OID.1.2.840.113549.1.1.15, 1.2.840.113549.1.1.15]
  attributes: {SupportedKeyClasses=java.security.interfaces.RSAPublicKey|java.security.interfaces.RSAPrivateKey}

Provider: SunRsaSign.putService(): SunRsaSign: Signature.SHA512/256withRSA -> sun.security.rsa.RSASignature$SHA512_256withRSA
  aliases: [OID.1.2.840.113549.1.1.16, 1.2.840.113549.1.1.16]
  attributes: {SupportedKeyClasses=java.security.interfaces.RSAPublicKey|java.security.interfaces.RSAPrivateKey}

Provider: SunRsaSign.putService(): SunRsaSign: Signature.SHA3-224withRSA -> sun.security.rsa.RSASignature$SHA3_224withRSA
  aliases: [OID.2.16.840.1.101.3.4.3.13, 2.16.840.1.101.3.4.3.13]
  attributes: {SupportedKeyClasses=java.security.interfaces.RSAPublicKey|java.security.interfaces.RSAPrivateKey}

Provider: SunRsaSign.putService(): SunRsaSign: Signature.SHA3-256withRSA -> sun.security.rsa.RSASignature$SHA3_256withRSA
  aliases: [OID.2.16.840.1.101.3.4.3.14, 2.16.840.1.101.3.4.3.14]
  attributes: {SupportedKeyClasses=java.security.interfaces.RSAPublicKey|java.security.interfaces.RSAPrivateKey}

Provider: SunRsaSign.putService(): SunRsaSign: Signature.SHA3-384withRSA -> sun.security.rsa.RSASignature$SHA3_384withRSA
  aliases: [OID.2.16.840.1.101.3.4.3.15, 2.16.840.1.101.3.4.3.15]
  attributes: {SupportedKeyClasses=java.security.interfaces.RSAPublicKey|java.security.interfaces.RSAPrivateKey}

Provider: SunRsaSign.putService(): SunRsaSign: Signature.SHA3-512withRSA -> sun.security.rsa.RSASignature$SHA3_512withRSA
  aliases: [OID.2.16.840.1.101.3.4.3.16, 2.16.840.1.101.3.4.3.16]
  attributes: {SupportedKeyClasses=java.security.interfaces.RSAPublicKey|java.security.interfaces.RSAPrivateKey}

Provider: SunRsaSign.putService(): SunRsaSign: KeyFactory.RSASSA-PSS -> sun.security.rsa.RSAKeyFactory$PSS
  aliases: [OID.1.2.840.113549.1.1.10, 1.2.840.113549.1.1.10, PSS]
  attributes: {SupportedKeyClasses=java.security.interfaces.RSAPublicKey|java.security.interfaces.RSAPrivateKey}

Provider: SunRsaSign.putService(): SunRsaSign: KeyPairGenerator.RSASSA-PSS -> sun.security.rsa.RSAKeyPairGenerator$PSS
  aliases: [OID.1.2.840.113549.1.1.10, 1.2.840.113549.1.1.10, PSS]
  attributes: {SupportedKeyClasses=java.security.interfaces.RSAPublicKey|java.security.interfaces.RSAPrivateKey}

Provider: SunRsaSign.putService(): SunRsaSign: Signature.RSASSA-PSS -> sun.security.rsa.RSAPSSSignature
  aliases: [OID.1.2.840.113549.1.1.10, 1.2.840.113549.1.1.10, PSS]
  attributes: {SupportedKeyClasses=java.security.interfaces.RSAPublicKey|java.security.interfaces.RSAPrivateKey}

Provider: SunRsaSign.putService(): SunRsaSign: AlgorithmParameters.RSASSA-PSS -> sun.security.rsa.PSSParameters
  aliases: [OID.1.2.840.113549.1.1.10, 1.2.840.113549.1.1.10, PSS]

Provider: SunEC.putService(): SunEC: KeyFactory.EC -> sun.security.ec.ECKeyFactory
  aliases: [OID.1.2.840.10045.2.1, 1.2.840.10045.2.1, EllipticCurve]
  attributes: {ImplementedIn=Software, KeySize=256, SupportedKeyClasses=java.security.interfaces.ECPublicKey|java.security.interfaces.ECPrivateKey}

Provider: SunEC.putService(): SunEC: AlgorithmParameters.EC -> sun.security.util.ECParameters
  aliases: [OID.1.2.840.10045.2.1, 1.2.840.10045.2.1, EllipticCurve]
  attributes: {ImplementedIn=Software, KeySize=256, SupportedCurves=[secp256r1,NIST P-256,X9.62 prime256v1,1.2.840.10045.3.1.7]|[secp384r1,NIST P-384,1.3.132.0.34]|[secp521r1,NIST P-521,1.3.132.0.35], SupportedKeyClasses=java.security.interfaces.ECPublicKey|java.security.interfaces.ECPrivateKey}

Provider: SunEC.putService(): SunEC: KeyFactory.XDH -> sun.security.ec.XDHKeyFactory
  attributes: {ImplementedIn=Software}

Provider: SunEC.putService(): SunEC: KeyFactory.X25519 -> sun.security.ec.XDHKeyFactory.X25519
  aliases: [OID.1.3.101.110, 1.3.101.110]
  attributes: {ImplementedIn=Software}

Provider: SunEC.putService(): SunEC: KeyFactory.X448 -> sun.security.ec.XDHKeyFactory.X448
  aliases: [OID.1.3.101.111, 1.3.101.111]
  attributes: {ImplementedIn=Software}

Provider: SunEC.putService(): SunEC: KeyPairGenerator.XDH -> sun.security.ec.XDHKeyPairGenerator
  attributes: {ImplementedIn=Software}

Provider: SunEC.putService(): SunEC: KeyPairGenerator.X25519 -> sun.security.ec.XDHKeyPairGenerator.X25519
  aliases: [OID.1.3.101.110, 1.3.101.110]
  attributes: {ImplementedIn=Software}

Provider: SunEC.putService(): SunEC: KeyPairGenerator.X448 -> sun.security.ec.XDHKeyPairGenerator.X448
  aliases: [OID.1.3.101.111, 1.3.101.111]
  attributes: {ImplementedIn=Software}

Provider: SunEC.putService(): SunEC: KeyAgreement.XDH -> sun.security.ec.XDHKeyAgreement
  attributes: {ImplementedIn=Software}

Provider: SunEC.putService(): SunEC: KeyAgreement.X25519 -> sun.security.ec.XDHKeyAgreement.X25519
  aliases: [OID.1.3.101.110, 1.3.101.110]
  attributes: {ImplementedIn=Software}

Provider: SunEC.putService(): SunEC: KeyAgreement.X448 -> sun.security.ec.XDHKeyAgreement.X448
  aliases: [OID.1.3.101.111, 1.3.101.111]
  attributes: {ImplementedIn=Software}

Provider: SunEC.putService(): SunEC: KeyFactory.EdDSA -> sun.security.ec.ed.EdDSAKeyFactory
  attributes: {ImplementedIn=Software}

Provider: SunEC.putService(): SunEC: KeyFactory.Ed25519 -> sun.security.ec.ed.EdDSAKeyFactory.Ed25519
  aliases: [OID.1.3.101.112, 1.3.101.112]
  attributes: {ImplementedIn=Software}

Provider: SunEC.putService(): SunEC: KeyFactory.Ed448 -> sun.security.ec.ed.EdDSAKeyFactory.Ed448
  aliases: [OID.1.3.101.113, 1.3.101.113]
  attributes: {ImplementedIn=Software}

Provider: SunEC.putService(): SunEC: KeyPairGenerator.EdDSA -> sun.security.ec.ed.EdDSAKeyPairGenerator
  attributes: {ImplementedIn=Software}

Provider: SunEC.putService(): SunEC: KeyPairGenerator.Ed25519 -> sun.security.ec.ed.EdDSAKeyPairGenerator.Ed25519
  aliases: [OID.1.3.101.112, 1.3.101.112]
  attributes: {ImplementedIn=Software}

Provider: SunEC.putService(): SunEC: KeyPairGenerator.Ed448 -> sun.security.ec.ed.EdDSAKeyPairGenerator.Ed448
  aliases: [OID.1.3.101.113, 1.3.101.113]
  attributes: {ImplementedIn=Software}

Provider: SunEC.putService(): SunEC: Signature.EdDSA -> sun.security.ec.ed.EdDSASignature
  attributes: {ImplementedIn=Software}

Provider: SunEC.putService(): SunEC: Signature.Ed25519 -> sun.security.ec.ed.EdDSASignature.Ed25519
  aliases: [OID.1.3.101.112, 1.3.101.112]
  attributes: {ImplementedIn=Software}

Provider: SunEC.putService(): SunEC: Signature.Ed448 -> sun.security.ec.ed.EdDSASignature.Ed448
  aliases: [OID.1.3.101.113, 1.3.101.113]
  attributes: {ImplementedIn=Software}

Provider: SunEC.putService(): SunEC: Signature.NONEwithECDSA -> sun.security.ec.ECDSASignature$Raw
  attributes: {ImplementedIn=Software, KeySize=256, SupportedKeyClasses=java.security.interfaces.ECPublicKey|java.security.interfaces.ECPrivateKey}

Provider: SunEC.putService(): SunEC: Signature.SHA1withECDSA -> sun.security.ec.ECDSASignature$SHA1
  aliases: [OID.1.2.840.10045.4.1, 1.2.840.10045.4.1]
  attributes: {ImplementedIn=Software, KeySize=256, SupportedKeyClasses=java.security.interfaces.ECPublicKey|java.security.interfaces.ECPrivateKey}

Provider: SunEC.putService(): SunEC: Signature.SHA224withECDSA -> sun.security.ec.ECDSASignature$SHA224
  aliases: [OID.1.2.840.10045.4.3.1, 1.2.840.10045.4.3.1]
  attributes: {ImplementedIn=Software, KeySize=256, SupportedKeyClasses=java.security.interfaces.ECPublicKey|java.security.interfaces.ECPrivateKey}

Provider: SunEC.putService(): SunEC: Signature.SHA256withECDSA -> sun.security.ec.ECDSASignature$SHA256
  aliases: [OID.1.2.840.10045.4.3.2, 1.2.840.10045.4.3.2]
  attributes: {ImplementedIn=Software, KeySize=256, SupportedKeyClasses=java.security.interfaces.ECPublicKey|java.security.interfaces.ECPrivateKey}

Provider: SunEC.putService(): SunEC: Signature.SHA384withECDSA -> sun.security.ec.ECDSASignature$SHA384
  aliases: [OID.1.2.840.10045.4.3.3, 1.2.840.10045.4.3.3]
  attributes: {ImplementedIn=Software, KeySize=256, SupportedKeyClasses=java.security.interfaces.ECPublicKey|java.security.interfaces.ECPrivateKey}

Provider: SunEC.putService(): SunEC: Signature.SHA512withECDSA -> sun.security.ec.ECDSASignature$SHA512
  aliases: [OID.1.2.840.10045.4.3.4, 1.2.840.10045.4.3.4]
  attributes: {ImplementedIn=Software, KeySize=256, SupportedKeyClasses=java.security.interfaces.ECPublicKey|java.security.interfaces.ECPrivateKey}

Provider: SunEC.putService(): SunEC: Signature.SHA3-224withECDSA -> sun.security.ec.ECDSASignature$SHA3_224
  aliases: [OID.2.16.840.1.101.3.4.3.9, 2.16.840.1.101.3.4.3.9]
  attributes: {ImplementedIn=Software, KeySize=256, SupportedKeyClasses=java.security.interfaces.ECPublicKey|java.security.interfaces.ECPrivateKey}

Provider: SunEC.putService(): SunEC: Signature.SHA3-256withECDSA -> sun.security.ec.ECDSASignature$SHA3_256
  aliases: [OID.2.16.840.1.101.3.4.3.10, 2.16.840.1.101.3.4.3.10]
  attributes: {ImplementedIn=Software, KeySize=256, SupportedKeyClasses=java.security.interfaces.ECPublicKey|java.security.interfaces.ECPrivateKey}

Provider: SunEC.putService(): SunEC: Signature.SHA3-384withECDSA -> sun.security.ec.ECDSASignature$SHA3_384
  aliases: [OID.2.16.840.1.101.3.4.3.11, 2.16.840.1.101.3.4.3.11]
  attributes: {ImplementedIn=Software, KeySize=256, SupportedKeyClasses=java.security.interfaces.ECPublicKey|java.security.interfaces.ECPrivateKey}

Provider: SunEC.putService(): SunEC: Signature.SHA3-512withECDSA -> sun.security.ec.ECDSASignature$SHA3_512
  aliases: [OID.2.16.840.1.101.3.4.3.12, 2.16.840.1.101.3.4.3.12]
  attributes: {ImplementedIn=Software, KeySize=256, SupportedKeyClasses=java.security.interfaces.ECPublicKey|java.security.interfaces.ECPrivateKey}

Provider: SunEC.putService(): SunEC: Signature.NONEwithECDSAinP1363Format -> sun.security.ec.ECDSASignature$RawinP1363Format

Provider: SunEC.putService(): SunEC: Signature.SHA1withECDSAinP1363Format -> sun.security.ec.ECDSASignature$SHA1inP1363Format

Provider: SunEC.putService(): SunEC: Signature.SHA224withECDSAinP1363Format -> sun.security.ec.ECDSASignature$SHA224inP1363Format

Provider: SunEC.putService(): SunEC: Signature.SHA256withECDSAinP1363Format -> sun.security.ec.ECDSASignature$SHA256inP1363Format

Provider: SunEC.putService(): SunEC: Signature.SHA384withECDSAinP1363Format -> sun.security.ec.ECDSASignature$SHA384inP1363Format

Provider: SunEC.putService(): SunEC: Signature.SHA512withECDSAinP1363Format -> sun.security.ec.ECDSASignature$SHA512inP1363Format

Provider: SunEC.putService(): SunEC: Signature.SHA3-224withECDSAinP1363Format -> sun.security.ec.ECDSASignature$SHA3_224inP1363Format

Provider: SunEC.putService(): SunEC: Signature.SHA3-256withECDSAinP1363Format -> sun.security.ec.ECDSASignature$SHA3_256inP1363Format

Provider: SunEC.putService(): SunEC: Signature.SHA3-384withECDSAinP1363Format -> sun.security.ec.ECDSASignature$SHA3_384inP1363Format

Provider: SunEC.putService(): SunEC: Signature.SHA3-512withECDSAinP1363Format -> sun.security.ec.ECDSASignature$SHA3_512inP1363Format

Provider: SunEC.putService(): SunEC: KeyPairGenerator.EC -> sun.security.ec.ECKeyPairGenerator
  aliases: [OID.1.2.840.10045.2.1, 1.2.840.10045.2.1, EllipticCurve]
  attributes: {ImplementedIn=Software, KeySize=256, SupportedKeyClasses=java.security.interfaces.ECPublicKey|java.security.interfaces.ECPrivateKey}

Provider: SunEC.putService(): SunEC: KeyAgreement.ECDH -> sun.security.ec.ECDHKeyAgreement
  attributes: {ImplementedIn=Software, KeySize=256, SupportedKeyClasses=java.security.interfaces.ECPublicKey|java.security.interfaces.ECPrivateKey}

Provider: SunJSSE.putService(): SunJSSE: Signature.MD5andSHA1withRSA -> sun.security.ssl.RSASignature

Provider: SunJSSE.putService(): SunJSSE: KeyManagerFactory.SunX509 -> sun.security.ssl.KeyManagerFactoryImpl$SunX509

Provider: SunJSSE.putService(): SunJSSE: KeyManagerFactory.NewSunX509 -> sun.security.ssl.KeyManagerFactoryImpl$X509
  aliases: [PKIX]

Provider: SunJSSE.putService(): SunJSSE: TrustManagerFactory.SunX509 -> sun.security.ssl.TrustManagerFactoryImpl$SimpleFactory

Provider: SunJSSE.putService(): SunJSSE: TrustManagerFactory.PKIX -> sun.security.ssl.TrustManagerFactoryImpl$PKIXFactory
  aliases: [SunPKIX, X509, X.509]

Provider: SunJSSE.putService(): SunJSSE: SSLContext.TLSv1 -> sun.security.ssl.SSLContextImpl$TLS10Context
  aliases: [SSLv3]

Provider: SunJSSE.putService(): SunJSSE: SSLContext.TLSv1.1 -> sun.security.ssl.SSLContextImpl$TLS11Context

Provider: SunJSSE.putService(): SunJSSE: SSLContext.TLSv1.2 -> sun.security.ssl.SSLContextImpl$TLS12Context

Provider: SunJSSE.putService(): SunJSSE: SSLContext.TLSv1.3 -> sun.security.ssl.SSLContextImpl$TLS13Context

Provider: SunJSSE.putService(): SunJSSE: SSLContext.TLS -> sun.security.ssl.SSLContextImpl$TLSContext
  aliases: [SSL]

Provider: SunJSSE.putService(): SunJSSE: SSLContext.DTLSv1.0 -> sun.security.ssl.SSLContextImpl$DTLS10Context

Provider: SunJSSE.putService(): SunJSSE: SSLContext.DTLSv1.2 -> sun.security.ssl.SSLContextImpl$DTLS12Context

Provider: SunJSSE.putService(): SunJSSE: SSLContext.DTLS -> sun.security.ssl.SSLContextImpl$DTLSContext

Provider: SunJSSE.putService(): SunJSSE: SSLContext.Default -> sun.security.ssl.SSLContextImpl$DefaultSSLContext

Provider: SunJSSE.putService(): SunJSSE: KeyStore.PKCS12 -> sun.security.pkcs12.PKCS12KeyStore

Provider: SunJCE.putService(): SunJCE: Signature.NONEwithRSA -> com.sun.crypto.provider.RSACipherAdaptor
  attributes: {SupportedKeyClasses=java.security.interfaces.RSAPublicKey|java.security.interfaces.RSAPrivateKey}

Provider: SunJCE.putService(): SunJCE: Cipher.RSA -> com.sun.crypto.provider.RSACipher
  attributes: {SupportedModes=ECB, SupportedPaddings=NOPADDING|PKCS1PADDING|OAEPPADDING|OAEPWITHMD5ANDMGF1PADDING|OAEPWITHSHA1ANDMGF1PADDING|OAEPWITHSHA-1ANDMGF1PADDING|OAEPWITHSHA-224ANDMGF1PADDING|OAEPWITHSHA-256ANDMGF1PADDING|OAEPWITHSHA-384ANDMGF1PADDING|OAEPWITHSHA-512ANDMGF1PADDING|OAEPWITHSHA-512/224ANDMGF1PADDING|OAEPWITHSHA-512/256ANDMGF1PADDING, SupportedKeyClasses=java.security.interfaces.RSAPublicKey|java.security.interfaces.RSAPrivateKey}

Provider: SunJCE.putService(): SunJCE: Cipher.DES -> com.sun.crypto.provider.DESCipher
  attributes: {SupportedKeyFormats=RAW, SupportedModes=ECB|CBC|PCBC|CTR|CTS|CFB|OFB|CFB8|CFB16|CFB24|CFB32|CFB40|CFB48|CFB56|CFB64|OFB8|OFB16|OFB24|OFB32|OFB40|OFB48|OFB56|OFB64, SupportedPaddings=NOPADDING|PKCS5PADDING|ISO10126PADDING}

Provider: SunJCE.putService(): SunJCE: Cipher.DESede -> com.sun.crypto.provider.DESedeCipher
  aliases: [TripleDES]
  attributes: {SupportedKeyFormats=RAW, SupportedModes=ECB|CBC|PCBC|CTR|CTS|CFB|OFB|CFB8|CFB16|CFB24|CFB32|CFB40|CFB48|CFB56|CFB64|OFB8|OFB16|OFB24|OFB32|OFB40|OFB48|OFB56|OFB64, SupportedPaddings=NOPADDING|PKCS5PADDING|ISO10126PADDING}

Provider: SunJCE.putService(): SunJCE: Cipher.Blowfish -> com.sun.crypto.provider.BlowfishCipher
  attributes: {SupportedKeyFormats=RAW, SupportedModes=ECB|CBC|PCBC|CTR|CTS|CFB|OFB|CFB8|CFB16|CFB24|CFB32|CFB40|CFB48|CFB56|CFB64|OFB8|OFB16|OFB24|OFB32|OFB40|OFB48|OFB56|OFB64, SupportedPaddings=NOPADDING|PKCS5PADDING|ISO10126PADDING}

Provider: SunJCE.putService(): SunJCE: Cipher.RC2 -> com.sun.crypto.provider.RC2Cipher
  attributes: {SupportedKeyFormats=RAW, SupportedModes=ECB|CBC|PCBC|CTR|CTS|CFB|OFB|CFB8|CFB16|CFB24|CFB32|CFB40|CFB48|CFB56|CFB64|OFB8|OFB16|OFB24|OFB32|OFB40|OFB48|OFB56|OFB64, SupportedPaddings=NOPADDING|PKCS5PADDING|ISO10126PADDING}

Provider: SunJCE.putService(): SunJCE: Cipher.AES -> com.sun.crypto.provider.AESCipher$General
  aliases: [OID.2.16.840.1.101.3.4.1, 2.16.840.1.101.3.4.1]
  attributes: {SupportedKeyFormats=RAW, SupportedModes=ECB|CBC|PCBC|CTR|CTS|CFB|OFB|CFB8|CFB16|CFB24|CFB32|CFB40|CFB48|CFB56|CFB64|OFB8|OFB16|OFB24|OFB32|OFB40|OFB48|OFB56|OFB64|CFB72|CFB80|CFB88|CFB96|CFB104|CFB112|CFB120|CFB128|OFB72|OFB80|OFB88|OFB96|OFB104|OFB112|OFB120|OFB128, SupportedPaddings=NOPADDING|PKCS5PADDING|ISO10126PADDING}

Provider: SunJCE.putService(): SunJCE: Cipher.AES/KW/NoPadding -> com.sun.crypto.provider.KeyWrapCipher$AES_KW_NoPadding
  aliases: [AESWrap]
  attributes: {SupportedKeyFormats=RAW}

Provider: SunJCE.putService(): SunJCE: Cipher.AES/KW/PKCS5Padding -> com.sun.crypto.provider.KeyWrapCipher$AES_KW_PKCS5Padding
  attributes: {SupportedKeyFormats=RAW}

Provider: SunJCE.putService(): SunJCE: Cipher.AES/KWP/NoPadding -> com.sun.crypto.provider.KeyWrapCipher$AES_KWP_NoPadding
  aliases: [AESWrapPad]
  attributes: {SupportedKeyFormats=RAW}

Provider: SunJCE.putService(): SunJCE: Cipher.AES_128/ECB/NoPadding -> com.sun.crypto.provider.AESCipher$AES128_ECB_NoPadding
  aliases: [OID.2.16.840.1.101.3.4.1.1, 2.16.840.1.101.3.4.1.1]
  attributes: {SupportedKeyFormats=RAW}

Provider: SunJCE.putService(): SunJCE: Cipher.AES_128/CBC/NoPadding -> com.sun.crypto.provider.AESCipher$AES128_CBC_NoPadding
  aliases: [OID.2.16.840.1.101.3.4.1.2, 2.16.840.1.101.3.4.1.2]
  attributes: {SupportedKeyFormats=RAW}

Provider: SunJCE.putService(): SunJCE: Cipher.AES_128/OFB/NoPadding -> com.sun.crypto.provider.AESCipher$AES128_OFB_NoPadding
  aliases: [OID.2.16.840.1.101.3.4.1.3, 2.16.840.1.101.3.4.1.3]
  attributes: {SupportedKeyFormats=RAW}

Provider: SunJCE.putService(): SunJCE: Cipher.AES_128/CFB/NoPadding -> com.sun.crypto.provider.AESCipher$AES128_CFB_NoPadding
  aliases: [OID.2.16.840.1.101.3.4.1.4, 2.16.840.1.101.3.4.1.4]
  attributes: {SupportedKeyFormats=RAW}

Provider: SunJCE.putService(): SunJCE: Cipher.AES_128/KW/NoPadding -> com.sun.crypto.provider.KeyWrapCipher$AES128_KW_NoPadding
  aliases: [OID.2.16.840.1.101.3.4.1.5, 2.16.840.1.101.3.4.1.5, AESWrap_128]
  attributes: {SupportedKeyFormats=RAW}

Provider: SunJCE.putService(): SunJCE: Cipher.AES_128/KW/PKCS5Padding -> com.sun.crypto.provider.KeyWrapCipher$AES128_KW_PKCS5Padding
  attributes: {SupportedKeyFormats=RAW}

Provider: SunJCE.putService(): SunJCE: Cipher.AES_128/KWP/NoPadding -> com.sun.crypto.provider.KeyWrapCipher$AES128_KWP_NoPadding
  aliases: [OID.2.16.840.1.101.3.4.1.8, 2.16.840.1.101.3.4.1.8, AESWrapPad_128]
  attributes: {SupportedKeyFormats=RAW}

Provider: SunJCE.putService(): SunJCE: Cipher.AES_192/ECB/NoPadding -> com.sun.crypto.provider.AESCipher$AES192_ECB_NoPadding
  aliases: [OID.2.16.840.1.101.3.4.1.21, 2.16.840.1.101.3.4.1.21]
  attributes: {SupportedKeyFormats=RAW}

Provider: SunJCE.putService(): SunJCE: Cipher.AES_192/CBC/NoPadding -> com.sun.crypto.provider.AESCipher$AES192_CBC_NoPadding
  aliases: [OID.2.16.840.1.101.3.4.1.22, 2.16.840.1.101.3.4.1.22]
  attributes: {SupportedKeyFormats=RAW}

Provider: SunJCE.putService(): SunJCE: Cipher.AES_192/OFB/NoPadding -> com.sun.crypto.provider.AESCipher$AES192_OFB_NoPadding
  aliases: [OID.2.16.840.1.101.3.4.1.23, 2.16.840.1.101.3.4.1.23]
  attributes: {SupportedKeyFormats=RAW}

Provider: SunJCE.putService(): SunJCE: Cipher.AES_192/CFB/NoPadding -> com.sun.crypto.provider.AESCipher$AES192_CFB_NoPadding
  aliases: [OID.2.16.840.1.101.3.4.1.24, 2.16.840.1.101.3.4.1.24]
  attributes: {SupportedKeyFormats=RAW}

Provider: SunJCE.putService(): SunJCE: Cipher.AES_192/KW/NoPadding -> com.sun.crypto.provider.KeyWrapCipher$AES192_KW_NoPadding
  aliases: [OID.2.16.840.1.101.3.4.1.25, 2.16.840.1.101.3.4.1.25, AESWrap_192]
  attributes: {SupportedKeyFormats=RAW}

Provider: SunJCE.putService(): SunJCE: Cipher.AES_192/KW/PKCS5Padding -> com.sun.crypto.provider.KeyWrapCipher$AES192_KW_PKCS5Padding
  attributes: {SupportedKeyFormats=RAW}

Provider: SunJCE.putService(): SunJCE: Cipher.AES_192/KWP/NoPadding -> com.sun.crypto.provider.KeyWrapCipher$AES192_KWP_NoPadding
  aliases: [OID.2.16.840.1.101.3.4.1.28, 2.16.840.1.101.3.4.1.28, AESWrapPad_192]
  attributes: {SupportedKeyFormats=RAW}

Provider: SunJCE.putService(): SunJCE: Cipher.AES_256/ECB/NoPadding -> com.sun.crypto.provider.AESCipher$AES256_ECB_NoPadding
  aliases: [OID.2.16.840.1.101.3.4.1.41, 2.16.840.1.101.3.4.1.41]
  attributes: {SupportedKeyFormats=RAW}

Provider: SunJCE.putService(): SunJCE: Cipher.AES_256/CBC/NoPadding -> com.sun.crypto.provider.AESCipher$AES256_CBC_NoPadding
  aliases: [OID.2.16.840.1.101.3.4.1.42, 2.16.840.1.101.3.4.1.42]
  attributes: {SupportedKeyFormats=RAW}

Provider: SunJCE.putService(): SunJCE: Cipher.AES_256/OFB/NoPadding -> com.sun.crypto.provider.AESCipher$AES256_OFB_NoPadding
  aliases: [OID.2.16.840.1.101.3.4.1.43, 2.16.840.1.101.3.4.1.43]
  attributes: {SupportedKeyFormats=RAW}

Provider: SunJCE.putService(): SunJCE: Cipher.AES_256/CFB/NoPadding -> com.sun.crypto.provider.AESCipher$AES256_CFB_NoPadding
  aliases: [OID.2.16.840.1.101.3.4.1.44, 2.16.840.1.101.3.4.1.44]
  attributes: {SupportedKeyFormats=RAW}

Provider: SunJCE.putService(): SunJCE: Cipher.AES_256/KW/NoPadding -> com.sun.crypto.provider.KeyWrapCipher$AES256_KW_NoPadding
  aliases: [OID.2.16.840.1.101.3.4.1.45, 2.16.840.1.101.3.4.1.45, AESWrap_256]
  attributes: {SupportedKeyFormats=RAW}

Provider: SunJCE.putService(): SunJCE: Cipher.AES_256/KW/PKCS5Padding -> com.sun.crypto.provider.KeyWrapCipher$AES256_KW_PKCS5Padding
  attributes: {SupportedKeyFormats=RAW}

Provider: SunJCE.putService(): SunJCE: Cipher.AES_256/KWP/NoPadding -> com.sun.crypto.provider.KeyWrapCipher$AES256_KWP_NoPadding
  aliases: [OID.2.16.840.1.101.3.4.1.48, 2.16.840.1.101.3.4.1.48, AESWrapPad_256]
  attributes: {SupportedKeyFormats=RAW}

Provider: SunJCE.putService(): SunJCE: Cipher.AES/GCM/NoPadding -> com.sun.crypto.provider.GaloisCounterMode$AESGCM
  attributes: {SupportedKeyFormats=RAW, SupportedModes=GCM}

Provider: SunJCE.putService(): SunJCE: Cipher.AES_128/GCM/NoPadding -> com.sun.crypto.provider.GaloisCounterMode$AES128
  aliases: [OID.2.16.840.1.101.3.4.1.6, 2.16.840.1.101.3.4.1.6]
  attributes: {SupportedKeyFormats=RAW, SupportedModes=GCM}

Provider: SunJCE.putService(): SunJCE: Cipher.AES_192/GCM/NoPadding -> com.sun.crypto.provider.GaloisCounterMode$AES192
  aliases: [OID.2.16.840.1.101.3.4.1.26, 2.16.840.1.101.3.4.1.26]
  attributes: {SupportedKeyFormats=RAW, SupportedModes=GCM}

Provider: SunJCE.putService(): SunJCE: Cipher.AES_256/GCM/NoPadding -> com.sun.crypto.provider.GaloisCounterMode$AES256
  aliases: [OID.2.16.840.1.101.3.4.1.46, 2.16.840.1.101.3.4.1.46]
  attributes: {SupportedKeyFormats=RAW, SupportedModes=GCM}

Provider: SunJCE.putService(): SunJCE: Cipher.DESedeWrap -> com.sun.crypto.provider.DESedeWrapCipher
  attributes: {SupportedKeyFormats=RAW, SupportedModes=CBC, SupportedPaddings=NOPADDING}

Provider: SunJCE.putService(): SunJCE: Cipher.ARCFOUR -> com.sun.crypto.provider.ARCFOURCipher
  aliases: [OID.1.2.840.113549.3.4, 1.2.840.113549.3.4, RC4]
  attributes: {SupportedKeyFormats=RAW, SupportedModes=ECB, SupportedPaddings=NOPADDING}

Provider: SunJCE.putService(): SunJCE: Cipher.ChaCha20 -> com.sun.crypto.provider.ChaCha20Cipher$ChaCha20Only
  attributes: {SupportedKeyFormats=RAW}

Provider: SunJCE.putService(): SunJCE: Cipher.ChaCha20-Poly1305 -> com.sun.crypto.provider.ChaCha20Cipher$ChaCha20Poly1305
  aliases: [OID.1.2.840.113549.1.9.16.3.18, 1.2.840.113549.1.9.16.3.18]
  attributes: {SupportedKeyFormats=RAW}

Provider: SunJCE.putService(): SunJCE: Cipher.PBEWithMD5AndDES -> com.sun.crypto.provider.PBEWithMD5AndDESCipher
  aliases: [OID.1.2.840.113549.1.5.3, 1.2.840.113549.1.5.3, PBE]

Provider: SunJCE.putService(): SunJCE: Cipher.PBEWithMD5AndTripleDES -> com.sun.crypto.provider.PBEWithMD5AndTripleDESCipher

Provider: SunJCE.putService(): SunJCE: Cipher.PBEWithSHA1AndDESede -> com.sun.crypto.provider.PKCS12PBECipherCore$PBEWithSHA1AndDESede
  aliases: [OID.1.2.840.113549.1.12.1.3, 1.2.840.113549.1.12.1.3]

Provider: SunJCE.putService(): SunJCE: Cipher.PBEWithSHA1AndRC2_40 -> com.sun.crypto.provider.PKCS12PBECipherCore$PBEWithSHA1AndRC2_40
  aliases: [OID.1.2.840.113549.1.12.1.6, 1.2.840.113549.1.12.1.6]

Provider: SunJCE.putService(): SunJCE: Cipher.PBEWithSHA1AndRC2_128 -> com.sun.crypto.provider.PKCS12PBECipherCore$PBEWithSHA1AndRC2_128
  aliases: [OID.1.2.840.113549.1.12.1.5, 1.2.840.113549.1.12.1.5]

Provider: SunJCE.putService(): SunJCE: Cipher.PBEWithSHA1AndRC4_40 -> com.sun.crypto.provider.PKCS12PBECipherCore$PBEWithSHA1AndRC4_40
  aliases: [OID.1.2.840.113549.1.12.1.2, 1.2.840.113549.1.12.1.2]

Provider: SunJCE.putService(): SunJCE: Cipher.PBEWithSHA1AndRC4_128 -> com.sun.crypto.provider.PKCS12PBECipherCore$PBEWithSHA1AndRC4_128
  aliases: [OID.1.2.840.113549.1.12.1.1, 1.2.840.113549.1.12.1.1]

Provider: SunJCE.putService(): SunJCE: Cipher.PBEWithHmacSHA1AndAES_128 -> com.sun.crypto.provider.PBES2Core$HmacSHA1AndAES_128

Provider: SunJCE.putService(): SunJCE: Cipher.PBEWithHmacSHA224AndAES_128 -> com.sun.crypto.provider.PBES2Core$HmacSHA224AndAES_128

Provider: SunJCE.putService(): SunJCE: Cipher.PBEWithHmacSHA256AndAES_128 -> com.sun.crypto.provider.PBES2Core$HmacSHA256AndAES_128

Provider: SunJCE.putService(): SunJCE: Cipher.PBEWithHmacSHA384AndAES_128 -> com.sun.crypto.provider.PBES2Core$HmacSHA384AndAES_128

Provider: SunJCE.putService(): SunJCE: Cipher.PBEWithHmacSHA512AndAES_128 -> com.sun.crypto.provider.PBES2Core$HmacSHA512AndAES_128

Provider: SunJCE.putService(): SunJCE: Cipher.PBEWithHmacSHA512/224AndAES_128 -> com.sun.crypto.provider.PBES2Core$HmacSHA512_224AndAES_128

Provider: SunJCE.putService(): SunJCE: Cipher.PBEWithHmacSHA512/256AndAES_128 -> com.sun.crypto.provider.PBES2Core$HmacSHA512_256AndAES_128

Provider: SunJCE.putService(): SunJCE: Cipher.PBEWithHmacSHA1AndAES_256 -> com.sun.crypto.provider.PBES2Core$HmacSHA1AndAES_256

Provider: SunJCE.putService(): SunJCE: Cipher.PBEWithHmacSHA224AndAES_256 -> com.sun.crypto.provider.PBES2Core$HmacSHA224AndAES_256

Provider: SunJCE.putService(): SunJCE: Cipher.PBEWithHmacSHA256AndAES_256 -> com.sun.crypto.provider.PBES2Core$HmacSHA256AndAES_256

Provider: SunJCE.putService(): SunJCE: Cipher.PBEWithHmacSHA384AndAES_256 -> com.sun.crypto.provider.PBES2Core$HmacSHA384AndAES_256

Provider: SunJCE.putService(): SunJCE: Cipher.PBEWithHmacSHA512AndAES_256 -> com.sun.crypto.provider.PBES2Core$HmacSHA512AndAES_256

Provider: SunJCE.putService(): SunJCE: Cipher.PBEWithHmacSHA512/224AndAES_256 -> com.sun.crypto.provider.PBES2Core$HmacSHA512_224AndAES_256

Provider: SunJCE.putService(): SunJCE: Cipher.PBEWithHmacSHA512/256AndAES_256 -> com.sun.crypto.provider.PBES2Core$HmacSHA512_256AndAES_256

Provider: SunJCE.putService(): SunJCE: KeyGenerator.DES -> com.sun.crypto.provider.DESKeyGenerator

Provider: SunJCE.putService(): SunJCE: KeyGenerator.DESede -> com.sun.crypto.provider.DESedeKeyGenerator
  aliases: [TripleDES]

Provider: SunJCE.putService(): SunJCE: KeyGenerator.Blowfish -> com.sun.crypto.provider.BlowfishKeyGenerator

Provider: SunJCE.putService(): SunJCE: KeyGenerator.AES -> com.sun.crypto.provider.AESKeyGenerator
  aliases: [OID.2.16.840.1.101.3.4.1, 2.16.840.1.101.3.4.1]

Provider: SunJCE.putService(): SunJCE: KeyGenerator.RC2 -> com.sun.crypto.provider.KeyGeneratorCore$RC2KeyGenerator

Provider: SunJCE.putService(): SunJCE: KeyGenerator.ARCFOUR -> com.sun.crypto.provider.KeyGeneratorCore$ARCFOURKeyGenerator
  aliases: [OID.1.2.840.113549.3.4, 1.2.840.113549.3.4, RC4]

Provider: SunJCE.putService(): SunJCE: KeyGenerator.ChaCha20 -> com.sun.crypto.provider.KeyGeneratorCore$ChaCha20KeyGenerator

Provider: SunJCE.putService(): SunJCE: KeyGenerator.HmacMD5 -> com.sun.crypto.provider.HmacMD5KeyGenerator

Provider: SunJCE.putService(): SunJCE: KeyGenerator.HmacSHA1 -> com.sun.crypto.provider.HmacSHA1KeyGenerator
  aliases: [OID.1.2.840.113549.2.7, 1.2.840.113549.2.7]

Provider: SunJCE.putService(): SunJCE: KeyGenerator.HmacSHA224 -> com.sun.crypto.provider.KeyGeneratorCore$HmacKG$SHA224
  aliases: [OID.1.2.840.113549.2.8, 1.2.840.113549.2.8]

Provider: SunJCE.putService(): SunJCE: KeyGenerator.HmacSHA256 -> com.sun.crypto.provider.KeyGeneratorCore$HmacKG$SHA256
  aliases: [OID.1.2.840.113549.2.9, 1.2.840.113549.2.9]

Provider: SunJCE.putService(): SunJCE: KeyGenerator.HmacSHA384 -> com.sun.crypto.provider.KeyGeneratorCore$HmacKG$SHA384
  aliases: [OID.1.2.840.113549.2.10, 1.2.840.113549.2.10]

Provider: SunJCE.putService(): SunJCE: KeyGenerator.HmacSHA512 -> com.sun.crypto.provider.KeyGeneratorCore$HmacKG$SHA512
  aliases: [OID.1.2.840.113549.2.11, 1.2.840.113549.2.11]

Provider: SunJCE.putService(): SunJCE: KeyGenerator.HmacSHA512/224 -> com.sun.crypto.provider.KeyGeneratorCore$HmacKG$SHA512_224
  aliases: [OID.1.2.840.113549.2.12, 1.2.840.113549.2.12]

Provider: SunJCE.putService(): SunJCE: KeyGenerator.HmacSHA512/256 -> com.sun.crypto.provider.KeyGeneratorCore$HmacKG$SHA512_256
  aliases: [OID.1.2.840.113549.2.13, 1.2.840.113549.2.13]

Provider: SunJCE.putService(): SunJCE: KeyGenerator.HmacSHA3-224 -> com.sun.crypto.provider.KeyGeneratorCore$HmacKG$SHA3_224
  aliases: [OID.2.16.840.1.101.3.4.2.13, 2.16.840.1.101.3.4.2.13]

Provider: SunJCE.putService(): SunJCE: KeyGenerator.HmacSHA3-256 -> com.sun.crypto.provider.KeyGeneratorCore$HmacKG$SHA3_256
  aliases: [OID.2.16.840.1.101.3.4.2.14, 2.16.840.1.101.3.4.2.14]

Provider: SunJCE.putService(): SunJCE: KeyGenerator.HmacSHA3-384 -> com.sun.crypto.provider.KeyGeneratorCore$HmacKG$SHA3_384
  aliases: [OID.2.16.840.1.101.3.4.2.15, 2.16.840.1.101.3.4.2.15]

Provider: SunJCE.putService(): SunJCE: KeyGenerator.HmacSHA3-512 -> com.sun.crypto.provider.KeyGeneratorCore$HmacKG$SHA3_512
  aliases: [OID.2.16.840.1.101.3.4.2.16, 2.16.840.1.101.3.4.2.16]

Provider: SunJCE.putService(): SunJCE: KeyPairGenerator.DiffieHellman -> com.sun.crypto.provider.DHKeyPairGenerator
  aliases: [OID.1.2.840.113549.1.3.1, 1.2.840.113549.1.3.1, DH]

Provider: SunJCE.putService(): SunJCE: AlgorithmParameterGenerator.DiffieHellman -> com.sun.crypto.provider.DHParameterGenerator
  aliases: [OID.1.2.840.113549.1.3.1, 1.2.840.113549.1.3.1, DH]

Provider: SunJCE.putService(): SunJCE: KeyAgreement.DiffieHellman -> com.sun.crypto.provider.DHKeyAgreement
  aliases: [OID.1.2.840.113549.1.3.1, 1.2.840.113549.1.3.1, DH]
  attributes: {SupportedKeyClasses=javax.crypto.interfaces.DHPublicKey|javax.crypto.interfaces.DHPrivateKey}

Provider: SunJCE.putService(): SunJCE: AlgorithmParameters.DiffieHellman -> com.sun.crypto.provider.DHParameters
  aliases: [OID.1.2.840.113549.1.3.1, 1.2.840.113549.1.3.1, DH]

Provider: SunJCE.putService(): SunJCE: AlgorithmParameters.DES -> com.sun.crypto.provider.DESParameters

Provider: SunJCE.putService(): SunJCE: AlgorithmParameters.DESede -> com.sun.crypto.provider.DESedeParameters
  aliases: [TripleDES]

Provider: SunJCE.putService(): SunJCE: AlgorithmParameters.PBEWithMD5AndDES -> com.sun.crypto.provider.PBEParameters
  aliases: [OID.1.2.840.113549.1.5.3, 1.2.840.113549.1.5.3, PBE]

Provider: SunJCE.putService(): SunJCE: AlgorithmParameters.PBEWithMD5AndTripleDES -> com.sun.crypto.provider.PBEParameters

Provider: SunJCE.putService(): SunJCE: AlgorithmParameters.PBEWithSHA1AndDESede -> com.sun.crypto.provider.PBEParameters
  aliases: [OID.1.2.840.113549.1.12.1.3, 1.2.840.113549.1.12.1.3]

Provider: SunJCE.putService(): SunJCE: AlgorithmParameters.PBEWithSHA1AndRC2_40 -> com.sun.crypto.provider.PBEParameters
  aliases: [OID.1.2.840.113549.1.12.1.6, 1.2.840.113549.1.12.1.6]

Provider: SunJCE.putService(): SunJCE: AlgorithmParameters.PBEWithSHA1AndRC2_128 -> com.sun.crypto.provider.PBEParameters
  aliases: [OID.1.2.840.113549.1.12.1.5, 1.2.840.113549.1.12.1.5]

Provider: SunJCE.putService(): SunJCE: AlgorithmParameters.PBEWithSHA1AndRC4_40 -> com.sun.crypto.provider.PBEParameters
  aliases: [OID.1.2.840.113549.1.12.1.2, 1.2.840.113549.1.12.1.2]

Provider: SunJCE.putService(): SunJCE: AlgorithmParameters.PBEWithSHA1AndRC4_128 -> com.sun.crypto.provider.PBEParameters
  aliases: [OID.1.2.840.113549.1.12.1.1, 1.2.840.113549.1.12.1.1]

Provider: SunJCE.putService(): SunJCE: AlgorithmParameters.PBES2 -> com.sun.crypto.provider.PBES2Parameters$General
  aliases: [OID.1.2.840.113549.1.5.13, 1.2.840.113549.1.5.13]

Provider: SunJCE.putService(): SunJCE: AlgorithmParameters.PBEWithHmacSHA1AndAES_128 -> com.sun.crypto.provider.PBES2Parameters$HmacSHA1AndAES_128

Provider: SunJCE.putService(): SunJCE: AlgorithmParameters.PBEWithHmacSHA224AndAES_128 -> com.sun.crypto.provider.PBES2Parameters$HmacSHA224AndAES_128

Provider: SunJCE.putService(): SunJCE: AlgorithmParameters.PBEWithHmacSHA256AndAES_128 -> com.sun.crypto.provider.PBES2Parameters$HmacSHA256AndAES_128

Provider: SunJCE.putService(): SunJCE: AlgorithmParameters.PBEWithHmacSHA384AndAES_128 -> com.sun.crypto.provider.PBES2Parameters$HmacSHA384AndAES_128

Provider: SunJCE.putService(): SunJCE: AlgorithmParameters.PBEWithHmacSHA512AndAES_128 -> com.sun.crypto.provider.PBES2Parameters$HmacSHA512AndAES_128

Provider: SunJCE.putService(): SunJCE: AlgorithmParameters.PBEWithHmacSHA512/224AndAES_128 -> com.sun.crypto.provider.PBES2Parameters$HmacSHA512_224AndAES_128

Provider: SunJCE.putService(): SunJCE: AlgorithmParameters.PBEWithHmacSHA512/256AndAES_128 -> com.sun.crypto.provider.PBES2Parameters$HmacSHA512_256AndAES_128

Provider: SunJCE.putService(): SunJCE: AlgorithmParameters.PBEWithHmacSHA1AndAES_256 -> com.sun.crypto.provider.PBES2Parameters$HmacSHA1AndAES_256

Provider: SunJCE.putService(): SunJCE: AlgorithmParameters.PBEWithHmacSHA224AndAES_256 -> com.sun.crypto.provider.PBES2Parameters$HmacSHA224AndAES_256

Provider: SunJCE.putService(): SunJCE: AlgorithmParameters.PBEWithHmacSHA256AndAES_256 -> com.sun.crypto.provider.PBES2Parameters$HmacSHA256AndAES_256

Provider: SunJCE.putService(): SunJCE: AlgorithmParameters.PBEWithHmacSHA384AndAES_256 -> com.sun.crypto.provider.PBES2Parameters$HmacSHA384AndAES_256

Provider: SunJCE.putService(): SunJCE: AlgorithmParameters.PBEWithHmacSHA512AndAES_256 -> com.sun.crypto.provider.PBES2Parameters$HmacSHA512AndAES_256

Provider: SunJCE.putService(): SunJCE: AlgorithmParameters.PBEWithHmacSHA512/224AndAES_256 -> com.sun.crypto.provider.PBES2Parameters$HmacSHA512_224AndAES_256

Provider: SunJCE.putService(): SunJCE: AlgorithmParameters.PBEWithHmacSHA512/256AndAES_256 -> com.sun.crypto.provider.PBES2Parameters$HmacSHA512_256AndAES_256

Provider: SunJCE.putService(): SunJCE: AlgorithmParameters.Blowfish -> com.sun.crypto.provider.BlowfishParameters

Provider: SunJCE.putService(): SunJCE: AlgorithmParameters.AES -> com.sun.crypto.provider.AESParameters
  aliases: [OID.2.16.840.1.101.3.4.1, 2.16.840.1.101.3.4.1]

Provider: SunJCE.putService(): SunJCE: AlgorithmParameters.GCM -> com.sun.crypto.provider.GCMParameters

Provider: SunJCE.putService(): SunJCE: AlgorithmParameters.RC2 -> com.sun.crypto.provider.RC2Parameters

Provider: SunJCE.putService(): SunJCE: AlgorithmParameters.OAEP -> com.sun.crypto.provider.OAEPParameters
  aliases: [OID.1.2.840.113549.1.1.7, 1.2.840.113549.1.1.7]

Provider: SunJCE.putService(): SunJCE: AlgorithmParameters.ChaCha20-Poly1305 -> com.sun.crypto.provider.ChaCha20Poly1305Parameters
  aliases: [OID.1.2.840.113549.1.9.16.3.18, 1.2.840.113549.1.9.16.3.18]

Provider: SunJCE.putService(): SunJCE: KeyFactory.DiffieHellman -> com.sun.crypto.provider.DHKeyFactory
  aliases: [OID.1.2.840.113549.1.3.1, 1.2.840.113549.1.3.1, DH]

Provider: SunJCE.putService(): SunJCE: SecretKeyFactory.DES -> com.sun.crypto.provider.DESKeyFactory

Provider: SunJCE.putService(): SunJCE: SecretKeyFactory.DESede -> com.sun.crypto.provider.DESedeKeyFactory
  aliases: [TripleDES]

Provider: SunJCE.putService(): SunJCE: SecretKeyFactory.PBEWithMD5AndDES -> com.sun.crypto.provider.PBEKeyFactory$PBEWithMD5AndDES
  aliases: [OID.1.2.840.113549.1.5.3, 1.2.840.113549.1.5.3, PBE]

Provider: SunJCE.putService(): SunJCE: SecretKeyFactory.PBEWithMD5AndTripleDES -> com.sun.crypto.provider.PBEKeyFactory$PBEWithMD5AndTripleDES

Provider: SunJCE.putService(): SunJCE: SecretKeyFactory.PBEWithSHA1AndDESede -> com.sun.crypto.provider.PBEKeyFactory$PBEWithSHA1AndDESede
  aliases: [OID.1.2.840.113549.1.12.1.3, 1.2.840.113549.1.12.1.3]

Provider: SunJCE.putService(): SunJCE: SecretKeyFactory.PBEWithSHA1AndRC2_40 -> com.sun.crypto.provider.PBEKeyFactory$PBEWithSHA1AndRC2_40
  aliases: [OID.1.2.840.113549.1.12.1.6, 1.2.840.113549.1.12.1.6]

Provider: SunJCE.putService(): SunJCE: SecretKeyFactory.PBEWithSHA1AndRC2_128 -> com.sun.crypto.provider.PBEKeyFactory$PBEWithSHA1AndRC2_128
  aliases: [OID.1.2.840.113549.1.12.1.5, 1.2.840.113549.1.12.1.5]

Provider: SunJCE.putService(): SunJCE: SecretKeyFactory.PBEWithSHA1AndRC4_40 -> com.sun.crypto.provider.PBEKeyFactory$PBEWithSHA1AndRC4_40
  aliases: [OID.1.2.840.113549.1.12.1.2, 1.2.840.113549.1.12.1.2]

Provider: SunJCE.putService(): SunJCE: SecretKeyFactory.PBEWithSHA1AndRC4_128 -> com.sun.crypto.provider.PBEKeyFactory$PBEWithSHA1AndRC4_128
  aliases: [OID.1.2.840.113549.1.12.1.1, 1.2.840.113549.1.12.1.1]

Provider: SunJCE.putService(): SunJCE: SecretKeyFactory.PBEWithHmacSHA1AndAES_128 -> com.sun.crypto.provider.PBEKeyFactory$PBEWithHmacSHA1AndAES_128

Provider: SunJCE.putService(): SunJCE: SecretKeyFactory.PBEWithHmacSHA224AndAES_128 -> com.sun.crypto.provider.PBEKeyFactory$PBEWithHmacSHA224AndAES_128

Provider: SunJCE.putService(): SunJCE: SecretKeyFactory.PBEWithHmacSHA256AndAES_128 -> com.sun.crypto.provider.PBEKeyFactory$PBEWithHmacSHA256AndAES_128

Provider: SunJCE.putService(): SunJCE: SecretKeyFactory.PBEWithHmacSHA384AndAES_128 -> com.sun.crypto.provider.PBEKeyFactory$PBEWithHmacSHA384AndAES_128

Provider: SunJCE.putService(): SunJCE: SecretKeyFactory.PBEWithHmacSHA512AndAES_128 -> com.sun.crypto.provider.PBEKeyFactory$PBEWithHmacSHA512AndAES_128

Provider: SunJCE.putService(): SunJCE: SecretKeyFactory.PBEWithHmacSHA512/224AndAES_128 -> com.sun.crypto.provider.PBEKeyFactory$PBEWithHmacSHA512_224AndAES_128

Provider: SunJCE.putService(): SunJCE: SecretKeyFactory.PBEWithHmacSHA512/256AndAES_128 -> com.sun.crypto.provider.PBEKeyFactory$PBEWithHmacSHA512_256AndAES_128

Provider: SunJCE.putService(): SunJCE: SecretKeyFactory.PBEWithHmacSHA1AndAES_256 -> com.sun.crypto.provider.PBEKeyFactory$PBEWithHmacSHA1AndAES_256

Provider: SunJCE.putService(): SunJCE: SecretKeyFactory.PBEWithHmacSHA224AndAES_256 -> com.sun.crypto.provider.PBEKeyFactory$PBEWithHmacSHA224AndAES_256

Provider: SunJCE.putService(): SunJCE: SecretKeyFactory.PBEWithHmacSHA256AndAES_256 -> com.sun.crypto.provider.PBEKeyFactory$PBEWithHmacSHA256AndAES_256

Provider: SunJCE.putService(): SunJCE: SecretKeyFactory.PBEWithHmacSHA384AndAES_256 -> com.sun.crypto.provider.PBEKeyFactory$PBEWithHmacSHA384AndAES_256

Provider: SunJCE.putService(): SunJCE: SecretKeyFactory.PBEWithHmacSHA512AndAES_256 -> com.sun.crypto.provider.PBEKeyFactory$PBEWithHmacSHA512AndAES_256

Provider: SunJCE.putService(): SunJCE: SecretKeyFactory.PBEWithHmacSHA512/224AndAES_256 -> com.sun.crypto.provider.PBEKeyFactory$PBEWithHmacSHA512_224AndAES_256

Provider: SunJCE.putService(): SunJCE: SecretKeyFactory.PBEWithHmacSHA512/256AndAES_256 -> com.sun.crypto.provider.PBEKeyFactory$PBEWithHmacSHA512_256AndAES_256

Provider: SunJCE.putService(): SunJCE: SecretKeyFactory.PBKDF2WithHmacSHA1 -> com.sun.crypto.provider.PBKDF2Core$HmacSHA1
  aliases: [OID.1.2.840.113549.1.5.12, 1.2.840.113549.1.5.12]

Provider: SunJCE.putService(): SunJCE: SecretKeyFactory.PBKDF2WithHmacSHA224 -> com.sun.crypto.provider.PBKDF2Core$HmacSHA224

Provider: SunJCE.putService(): SunJCE: SecretKeyFactory.PBKDF2WithHmacSHA256 -> com.sun.crypto.provider.PBKDF2Core$HmacSHA256

Provider: SunJCE.putService(): SunJCE: SecretKeyFactory.PBKDF2WithHmacSHA384 -> com.sun.crypto.provider.PBKDF2Core$HmacSHA384

Provider: SunJCE.putService(): SunJCE: SecretKeyFactory.PBKDF2WithHmacSHA512 -> com.sun.crypto.provider.PBKDF2Core$HmacSHA512

Provider: SunJCE.putService(): SunJCE: SecretKeyFactory.PBKDF2WithHmacSHA512/224 -> com.sun.crypto.provider.PBKDF2Core$HmacSHA512_224

Provider: SunJCE.putService(): SunJCE: SecretKeyFactory.PBKDF2WithHmacSHA512/256 -> com.sun.crypto.provider.PBKDF2Core$HmacSHA512_256

Provider: SunJCE.putService(): SunJCE: Mac.HmacMD5 -> com.sun.crypto.provider.HmacMD5
  attributes: {SupportedKeyFormats=RAW}

Provider: SunJCE.putService(): SunJCE: Mac.HmacSHA1 -> com.sun.crypto.provider.HmacSHA1
  aliases: [OID.1.2.840.113549.2.7, 1.2.840.113549.2.7]
  attributes: {SupportedKeyFormats=RAW}

Provider: SunJCE.putService(): SunJCE: Mac.HmacSHA224 -> com.sun.crypto.provider.HmacCore$HmacSHA224
  aliases: [OID.1.2.840.113549.2.8, 1.2.840.113549.2.8]
  attributes: {SupportedKeyFormats=RAW}

Provider: SunJCE.putService(): SunJCE: Mac.HmacSHA256 -> com.sun.crypto.provider.HmacCore$HmacSHA256
  aliases: [OID.1.2.840.113549.2.9, 1.2.840.113549.2.9]
  attributes: {SupportedKeyFormats=RAW}

Provider: SunJCE.putService(): SunJCE: Mac.HmacSHA384 -> com.sun.crypto.provider.HmacCore$HmacSHA384
  aliases: [OID.1.2.840.113549.2.10, 1.2.840.113549.2.10]
  attributes: {SupportedKeyFormats=RAW}

Provider: SunJCE.putService(): SunJCE: Mac.HmacSHA512 -> com.sun.crypto.provider.HmacCore$HmacSHA512
  aliases: [OID.1.2.840.113549.2.11, 1.2.840.113549.2.11]
  attributes: {SupportedKeyFormats=RAW}

Provider: SunJCE.putService(): SunJCE: Mac.HmacSHA512/224 -> com.sun.crypto.provider.HmacCore$HmacSHA512_224
  aliases: [OID.1.2.840.113549.2.12, 1.2.840.113549.2.12]
  attributes: {SupportedKeyFormats=RAW}

Provider: SunJCE.putService(): SunJCE: Mac.HmacSHA512/256 -> com.sun.crypto.provider.HmacCore$HmacSHA512_256
  aliases: [OID.1.2.840.113549.2.13, 1.2.840.113549.2.13]
  attributes: {SupportedKeyFormats=RAW}

Provider: SunJCE.putService(): SunJCE: Mac.HmacSHA3-224 -> com.sun.crypto.provider.HmacCore$HmacSHA3_224
  aliases: [OID.2.16.840.1.101.3.4.2.13, 2.16.840.1.101.3.4.2.13]
  attributes: {SupportedKeyFormats=RAW}

Provider: SunJCE.putService(): SunJCE: Mac.HmacSHA3-256 -> com.sun.crypto.provider.HmacCore$HmacSHA3_256
  aliases: [OID.2.16.840.1.101.3.4.2.14, 2.16.840.1.101.3.4.2.14]
  attributes: {SupportedKeyFormats=RAW}

Provider: SunJCE.putService(): SunJCE: Mac.HmacSHA3-384 -> com.sun.crypto.provider.HmacCore$HmacSHA3_384
  aliases: [OID.2.16.840.1.101.3.4.2.15, 2.16.840.1.101.3.4.2.15]
  attributes: {SupportedKeyFormats=RAW}

Provider: SunJCE.putService(): SunJCE: Mac.HmacSHA3-512 -> com.sun.crypto.provider.HmacCore$HmacSHA3_512
  aliases: [OID.2.16.840.1.101.3.4.2.16, 2.16.840.1.101.3.4.2.16]
  attributes: {SupportedKeyFormats=RAW}

Provider: SunJCE.putService(): SunJCE: Mac.HmacPBESHA1 -> com.sun.crypto.provider.HmacPKCS12PBECore$HmacPKCS12PBE_SHA1
  attributes: {SupportedKeyFormats=RAW}

Provider: SunJCE.putService(): SunJCE: Mac.HmacPBESHA224 -> com.sun.crypto.provider.HmacPKCS12PBECore$HmacPKCS12PBE_SHA224
  attributes: {SupportedKeyFormats=RAW}

Provider: SunJCE.putService(): SunJCE: Mac.HmacPBESHA256 -> com.sun.crypto.provider.HmacPKCS12PBECore$HmacPKCS12PBE_SHA256
  attributes: {SupportedKeyFormats=RAW}

Provider: SunJCE.putService(): SunJCE: Mac.HmacPBESHA384 -> com.sun.crypto.provider.HmacPKCS12PBECore$HmacPKCS12PBE_SHA384
  attributes: {SupportedKeyFormats=RAW}

Provider: SunJCE.putService(): SunJCE: Mac.HmacPBESHA512 -> com.sun.crypto.provider.HmacPKCS12PBECore$HmacPKCS12PBE_SHA512
  attributes: {SupportedKeyFormats=RAW}

Provider: SunJCE.putService(): SunJCE: Mac.HmacPBESHA512/224 -> com.sun.crypto.provider.HmacPKCS12PBECore$HmacPKCS12PBE_SHA512_224
  attributes: {SupportedKeyFormats=RAW}

Provider: SunJCE.putService(): SunJCE: Mac.HmacPBESHA512/256 -> com.sun.crypto.provider.HmacPKCS12PBECore$HmacPKCS12PBE_SHA512_256
  attributes: {SupportedKeyFormats=RAW}

Provider: SunJCE.putService(): SunJCE: Mac.PBEWithHmacSHA1 -> com.sun.crypto.provider.PBMAC1Core$HmacSHA1
  attributes: {SupportedKeyFormats=RAW}

Provider: SunJCE.putService(): SunJCE: Mac.PBEWithHmacSHA224 -> com.sun.crypto.provider.PBMAC1Core$HmacSHA224
  attributes: {SupportedKeyFormats=RAW}

Provider: SunJCE.putService(): SunJCE: Mac.PBEWithHmacSHA256 -> com.sun.crypto.provider.PBMAC1Core$HmacSHA256
  attributes: {SupportedKeyFormats=RAW}

Provider: SunJCE.putService(): SunJCE: Mac.PBEWithHmacSHA384 -> com.sun.crypto.provider.PBMAC1Core$HmacSHA384
  attributes: {SupportedKeyFormats=RAW}

Provider: SunJCE.putService(): SunJCE: Mac.PBEWithHmacSHA512 -> com.sun.crypto.provider.PBMAC1Core$HmacSHA512
  attributes: {SupportedKeyFormats=RAW}

Provider: SunJCE.putService(): SunJCE: Mac.PBEWithHmacSHA512/224 -> com.sun.crypto.provider.PBMAC1Core$HmacSHA512_224
  attributes: {SupportedKeyFormats=RAW}

Provider: SunJCE.putService(): SunJCE: Mac.PBEWithHmacSHA512/256 -> com.sun.crypto.provider.PBMAC1Core$HmacSHA512_256
  attributes: {SupportedKeyFormats=RAW}

Provider: SunJCE.putService(): SunJCE: Mac.SslMacMD5 -> com.sun.crypto.provider.SslMacCore$SslMacMD5
  attributes: {SupportedKeyFormats=RAW}

Provider: SunJCE.putService(): SunJCE: Mac.SslMacSHA1 -> com.sun.crypto.provider.SslMacCore$SslMacSHA1
  attributes: {SupportedKeyFormats=RAW}

Provider: SunJCE.putService(): SunJCE: KeyStore.JCEKS -> com.sun.crypto.provider.JceKeyStore

Provider: SunJCE.putService(): SunJCE: KEM.DHKEM -> com.sun.crypto.provider.DHKEM
  attributes: {ImplementedIn=Software, SupportedKeyClasses=java.security.interfaces.ECKey|java.security.interfaces.XECKey}

Provider: SunJCE.putService(): SunJCE: KeyGenerator.SunTlsPrf -> com.sun.crypto.provider.TlsPrfGenerator$V10

Provider: SunJCE.putService(): SunJCE: KeyGenerator.SunTls12Prf -> com.sun.crypto.provider.TlsPrfGenerator$V12

Provider: SunJCE.putService(): SunJCE: KeyGenerator.SunTlsMasterSecret -> com.sun.crypto.provider.TlsMasterSecretGenerator
  aliases: [SunTls12MasterSecret, SunTlsExtendedMasterSecret]

Provider: SunJCE.putService(): SunJCE: KeyGenerator.SunTlsKeyMaterial -> com.sun.crypto.provider.TlsKeyMaterialGenerator
  aliases: [SunTls12KeyMaterial]

Provider: SunJCE.putService(): SunJCE: KeyGenerator.SunTlsRsaPremasterSecret -> com.sun.crypto.provider.TlsRsaPremasterSecretGenerator
  aliases: [SunTls12RsaPremasterSecret]

Provider: JdkSASL.putService(): JdkSASL: SaslClientFactory.GSSAPI -> com.sun.security.sasl.gsskerb.FactoryImpl

Provider: JdkSASL.putService(): JdkSASL: SaslServerFactory.GSSAPI -> com.sun.security.sasl.gsskerb.FactoryImpl

Provider: XMLDSig.putService(): XMLDSig: XMLSignatureFactory.DOM -> org.jcp.xml.dsig.internal.dom.DOMXMLSignatureFactory

Provider: XMLDSig.putService(): XMLDSig: KeyInfoFactory.DOM -> org.jcp.xml.dsig.internal.dom.DOMKeyInfoFactory

Provider: XMLDSig.putService(): XMLDSig: TransformService.http://www.w3.org/TR/2001/REC-xml-c14n-20010315 -> org.jcp.xml.dsig.internal.dom.DOMCanonicalXMLC14NMethod
  aliases: [INCLUSIVE]
  attributes: {MechanismType=DOM}

Provider: XMLDSig.putService(): XMLDSig: TransformService.http://www.w3.org/TR/2001/REC-xml-c14n-20010315#WithComments -> org.jcp.xml.dsig.internal.dom.DOMCanonicalXMLC14NMethod
  aliases: [INCLUSIVE_WITH_COMMENTS]
  attributes: {MechanismType=DOM}

Provider: XMLDSig.putService(): XMLDSig: TransformService.http://www.w3.org/2006/12/xml-c14n11 -> org.jcp.xml.dsig.internal.dom.DOMCanonicalXMLC14N11Method
  attributes: {MechanismType=DOM}

Provider: XMLDSig.putService(): XMLDSig: TransformService.http://www.w3.org/2006/12/xml-c14n11#WithComments -> org.jcp.xml.dsig.internal.dom.DOMCanonicalXMLC14N11Method
  attributes: {MechanismType=DOM}

Provider: XMLDSig.putService(): XMLDSig: TransformService.http://www.w3.org/2001/10/xml-exc-c14n# -> org.jcp.xml.dsig.internal.dom.DOMExcC14NMethod
  aliases: [EXCLUSIVE]
  attributes: {MechanismType=DOM}

Provider: XMLDSig.putService(): XMLDSig: TransformService.http://www.w3.org/2001/10/xml-exc-c14n#WithComments -> org.jcp.xml.dsig.internal.dom.DOMExcC14NMethod
  aliases: [EXCLUSIVE_WITH_COMMENTS]
  attributes: {MechanismType=DOM}

Provider: XMLDSig.putService(): XMLDSig: TransformService.http://www.w3.org/2000/09/xmldsig#base64 -> org.jcp.xml.dsig.internal.dom.DOMBase64Transform
  aliases: [BASE64]
  attributes: {MechanismType=DOM}

Provider: XMLDSig.putService(): XMLDSig: TransformService.http://www.w3.org/2000/09/xmldsig#enveloped-signature -> org.jcp.xml.dsig.internal.dom.DOMEnvelopedTransform
  aliases: [ENVELOPED]
  attributes: {MechanismType=DOM}

Provider: XMLDSig.putService(): XMLDSig: TransformService.http://www.w3.org/2002/06/xmldsig-filter2 -> org.jcp.xml.dsig.internal.dom.DOMXPathFilter2Transform
  aliases: [XPATH2]
  attributes: {MechanismType=DOM}

Provider: XMLDSig.putService(): XMLDSig: TransformService.http://www.w3.org/TR/1999/REC-xpath-19991116 -> org.jcp.xml.dsig.internal.dom.DOMXPathTransform
  aliases: [XPATH]
  attributes: {MechanismType=DOM}

Provider: XMLDSig.putService(): XMLDSig: TransformService.http://www.w3.org/TR/1999/REC-xslt-19991116 -> org.jcp.xml.dsig.internal.dom.DOMXSLTTransform
  aliases: [XSLT]
  attributes: {MechanismType=DOM}

Provider: SunPCSC.putService(): SunPCSC: TerminalFactory.PC/SC -> sun.security.smartcardio.SunPCSC$Factory

Provider: SunJGSS.putService(): SunJGSS: GssApiMechanism.1.2.840.113554.1.2.2 -> sun.security.jgss.krb5.Krb5MechFactory

Provider: SunJGSS.putService(): SunJGSS: GssApiMechanism.1.3.6.1.5.5.2 -> sun.security.jgss.spnego.SpNegoMechFactory

Provider: JdkLDAP.putService(): JdkLDAP: CertStore.LDAP -> sun.security.provider.certpath.ldap.LDAPCertStore
  attributes: {ImplementedIn=Software, LDAPSchema=RFC2587}

Provider: SunSASL.putService(): SunSASL: SaslClientFactory.DIGEST-MD5 -> com.sun.security.sasl.digest.FactoryImpl

Provider: SunSASL.putService(): SunSASL: SaslClientFactory.NTLM -> com.sun.security.sasl.ntlm.FactoryImpl

Provider: SunSASL.putService(): SunSASL: SaslClientFactory.EXTERNAL -> com.sun.security.sasl.ClientFactoryImpl

Provider: SunSASL.putService(): SunSASL: SaslClientFactory.PLAIN -> com.sun.security.sasl.ClientFactoryImpl

Provider: SunSASL.putService(): SunSASL: SaslClientFactory.CRAM-MD5 -> com.sun.security.sasl.ClientFactoryImpl

Provider: SunSASL.putService(): SunSASL: SaslServerFactory.CRAM-MD5 -> com.sun.security.sasl.ServerFactoryImpl

Provider: SunSASL.putService(): SunSASL: SaslServerFactory.DIGEST-MD5 -> com.sun.security.sasl.digest.FactoryImpl

Provider: SunSASL.putService(): SunSASL: SaslServerFactory.NTLM -> com.sun.security.sasl.ntlm.FactoryImpl

Running the server in development mode. DO NOT use this configuration in production.
Provider: MessageDigest.SHA-384 algorithm from: SUN
Provider: MessageDigest.SHA-384 algorithm from: SUN
Provider: Signature.SHA384withRSA verification algorithm from: SunRsaSign
Provider: MessageDigest.SHA-384 algorithm from: SUN
Provider: MessageDigest.SHA-256 algorithm from: SUN
Provider: MessageDigest.SHA-256 algorithm from: SUN
Provider: MessageDigest.SHA-256 algorithm from: SUN
Provider: Signature.SHA256withDSA verification algorithm from: SUN
Provider: MessageDigest.SHA-256 algorithm from: SUN
Provider: SUN.putService(): SUN: SecureRandom.NativePRNG -> sun.security.provider.NativePRNG
  attributes: {ThreadSafe=true}

Provider: Add SecureRandom algo NativePRNG
Provider: SUN.putService(): SUN: SecureRandom.NativePRNGBlocking -> sun.security.provider.NativePRNG$Blocking
  attributes: {ThreadSafe=true}

Provider: Add SecureRandom algo NativePRNGBlocking
Provider: SUN.putService(): SUN: SecureRandom.NativePRNGNonBlocking -> sun.security.provider.NativePRNG$NonBlocking
  attributes: {ThreadSafe=true}

Provider: Add SecureRandom algo NativePRNGNonBlocking
Provider: SUN.putService(): SUN: SecureRandom.DRBG -> sun.security.provider.DRBG
  attributes: {ImplementedIn=Software, ThreadSafe=true}

Provider: Add SecureRandom algo DRBG
Provider: SUN.putService(): SUN: SecureRandom.SHA1PRNG -> sun.security.provider.SecureRandom
  attributes: {ImplementedIn=Software, ThreadSafe=true}

Provider: Add SecureRandom algo SHA1PRNG
Provider: SUN.putService(): SUN: Signature.SHA1withDSA -> sun.security.provider.DSA$SHA1withDSA
  aliases: [OID.1.2.840.10040.4.3, 1.2.840.10040.4.3, DSS, 1.3.14.3.2.13, 1.3.14.3.2.27, DSA, SHA/DSA, SHA-1/DSA, SHA1/DSA, SHAwithDSA, DSAWithSHA1]
  attributes: {ImplementedIn=Software, KeySize=1024, SupportedKeyClasses=java.security.interfaces.DSAPublicKey|java.security.interfaces.DSAPrivateKey}

Provider: SUN.putService(): SUN: Signature.NONEwithDSA -> sun.security.provider.DSA$RawDSA
  aliases: [RawDSA]
  attributes: {ImplementedIn=Software, KeySize=1024, SupportedKeyClasses=java.security.interfaces.DSAPublicKey|java.security.interfaces.DSAPrivateKey}

Provider: SUN.putService(): SUN: Signature.SHA224withDSA -> sun.security.provider.DSA$SHA224withDSA
  aliases: [OID.2.16.840.1.101.3.4.3.1, 2.16.840.1.101.3.4.3.1]
  attributes: {ImplementedIn=Software, KeySize=2048, SupportedKeyClasses=java.security.interfaces.DSAPublicKey|java.security.interfaces.DSAPrivateKey}

Provider: SUN.putService(): SUN: Signature.SHA256withDSA -> sun.security.provider.DSA$SHA256withDSA
  aliases: [OID.2.16.840.1.101.3.4.3.2, 2.16.840.1.101.3.4.3.2]
  attributes: {ImplementedIn=Software, KeySize=2048, SupportedKeyClasses=java.security.interfaces.DSAPublicKey|java.security.interfaces.DSAPrivateKey}

Provider: SUN.putService(): SUN: Signature.SHA3-224withDSA -> sun.security.provider.DSA$SHA3_224withDSA
  aliases: [OID.2.16.840.1.101.3.4.3.5, 2.16.840.1.101.3.4.3.5]
  attributes: {ImplementedIn=Software, KeySize=2048, SupportedKeyClasses=java.security.interfaces.DSAPublicKey|java.security.interfaces.DSAPrivateKey}

Provider: SUN.putService(): SUN: Signature.SHA3-256withDSA -> sun.security.provider.DSA$SHA3_256withDSA
  aliases: [OID.2.16.840.1.101.3.4.3.6, 2.16.840.1.101.3.4.3.6]
  attributes: {ImplementedIn=Software, KeySize=2048, SupportedKeyClasses=java.security.interfaces.DSAPublicKey|java.security.interfaces.DSAPrivateKey}

Provider: SUN.putService(): SUN: Signature.SHA384withDSA -> sun.security.provider.DSA$SHA384withDSA
  aliases: [OID.2.16.840.1.101.3.4.3.3, 2.16.840.1.101.3.4.3.3]
  attributes: {ImplementedIn=Software, KeySize=3072, SupportedKeyClasses=java.security.interfaces.DSAPublicKey|java.security.interfaces.DSAPrivateKey}

Provider: SUN.putService(): SUN: Signature.SHA512withDSA -> sun.security.provider.DSA$SHA512withDSA
  aliases: [OID.2.16.840.1.101.3.4.3.4, 2.16.840.1.101.3.4.3.4]
  attributes: {ImplementedIn=Software, KeySize=3072, SupportedKeyClasses=java.security.interfaces.DSAPublicKey|java.security.interfaces.DSAPrivateKey}

Provider: SUN.putService(): SUN: Signature.SHA3-384withDSA -> sun.security.provider.DSA$SHA3_384withDSA
  aliases: [OID.2.16.840.1.101.3.4.3.7, 2.16.840.1.101.3.4.3.7]
  attributes: {ImplementedIn=Software, KeySize=3072, SupportedKeyClasses=java.security.interfaces.DSAPublicKey|java.security.interfaces.DSAPrivateKey}

Provider: SUN.putService(): SUN: Signature.SHA3-512withDSA -> sun.security.provider.DSA$SHA3_512withDSA
  aliases: [OID.2.16.840.1.101.3.4.3.8, 2.16.840.1.101.3.4.3.8]
  attributes: {ImplementedIn=Software, KeySize=3072, SupportedKeyClasses=java.security.interfaces.DSAPublicKey|java.security.interfaces.DSAPrivateKey}

Provider: SUN.putService(): SUN: Signature.SHA1withDSAinP1363Format -> sun.security.provider.DSA$SHA1withDSAinP1363Format

Provider: SUN.putService(): SUN: Signature.NONEwithDSAinP1363Format -> sun.security.provider.DSA$RawDSAinP1363Format

Provider: SUN.putService(): SUN: Signature.SHA224withDSAinP1363Format -> sun.security.provider.DSA$SHA224withDSAinP1363Format

Provider: SUN.putService(): SUN: Signature.SHA256withDSAinP1363Format -> sun.security.provider.DSA$SHA256withDSAinP1363Format

Provider: SUN.putService(): SUN: Signature.SHA384withDSAinP1363Format -> sun.security.provider.DSA$SHA384withDSAinP1363Format

Provider: SUN.putService(): SUN: Signature.SHA512withDSAinP1363Format -> sun.security.provider.DSA$SHA512withDSAinP1363Format

Provider: SUN.putService(): SUN: Signature.SHA3-224withDSAinP1363Format -> sun.security.provider.DSA$SHA3_224withDSAinP1363Format

Provider: SUN.putService(): SUN: Signature.SHA3-256withDSAinP1363Format -> sun.security.provider.DSA$SHA3_256withDSAinP1363Format

Provider: SUN.putService(): SUN: Signature.SHA3-384withDSAinP1363Format -> sun.security.provider.DSA$SHA3_384withDSAinP1363Format

Provider: SUN.putService(): SUN: Signature.SHA3-512withDSAinP1363Format -> sun.security.provider.DSA$SHA3_512withDSAinP1363Format

Provider: SUN.putService(): SUN: Signature.HSS/LMS -> sun.security.provider.HSS
  aliases: [OID.1.2.840.113549.1.9.16.3.17, 1.2.840.113549.1.9.16.3.17]
  attributes: {ImplementedIn=Software}

Provider: SUN.putService(): SUN: KeyPairGenerator.DSA -> sun.security.provider.DSAKeyPairGenerator$Current
  aliases: [OID.1.2.840.10040.4.1, 1.2.840.10040.4.1, 1.3.14.3.2.12]
  attributes: {ImplementedIn=Software, KeySize=2048}

Provider: SUN.putService(): SUN: AlgorithmParameterGenerator.DSA -> sun.security.provider.DSAParameterGenerator
  aliases: [OID.1.2.840.10040.4.1, 1.2.840.10040.4.1, 1.3.14.3.2.12]
  attributes: {ImplementedIn=Software, KeySize=2048}

Provider: SUN.putService(): SUN: AlgorithmParameters.DSA -> sun.security.provider.DSAParameters
  aliases: [OID.1.2.840.10040.4.1, 1.2.840.10040.4.1, 1.3.14.3.2.12]
  attributes: {ImplementedIn=Software}

Provider: SUN.putService(): SUN: KeyFactory.DSA -> sun.security.provider.DSAKeyFactory
  aliases: [OID.1.2.840.10040.4.1, 1.2.840.10040.4.1, 1.3.14.3.2.12]
  attributes: {ImplementedIn=Software}

Provider: SUN.putService(): SUN: KeyFactory.HSS/LMS -> sun.security.provider.HSS$KeyFactoryImpl
  aliases: [OID.1.2.840.113549.1.9.16.3.17, 1.2.840.113549.1.9.16.3.17]
  attributes: {ImplementedIn=Software}

Provider: SUN.putService(): SUN: MessageDigest.MD2 -> sun.security.provider.MD2
  aliases: [OID.1.2.840.113549.2.2, 1.2.840.113549.2.2]
  attributes: {ImplementedIn=Software}

Provider: SUN.putService(): SUN: MessageDigest.MD5 -> sun.security.provider.MD5
  aliases: [OID.1.2.840.113549.2.5, 1.2.840.113549.2.5]
  attributes: {ImplementedIn=Software}

Provider: SUN.putService(): SUN: MessageDigest.SHA-1 -> sun.security.provider.SHA
  aliases: [OID.1.3.14.3.2.26, 1.3.14.3.2.26, SHA, SHA1]
  attributes: {ImplementedIn=Software}

Provider: SUN.putService(): SUN: MessageDigest.SHA-224 -> sun.security.provider.SHA2$SHA224
  aliases: [OID.2.16.840.1.101.3.4.2.4, 2.16.840.1.101.3.4.2.4, SHA224]
  attributes: {ImplementedIn=Software}

Provider: SUN.putService(): SUN: MessageDigest.SHA-256 -> sun.security.provider.SHA2$SHA256
  aliases: [OID.2.16.840.1.101.3.4.2.1, 2.16.840.1.101.3.4.2.1, SHA256]
  attributes: {ImplementedIn=Software}

Provider: SUN.putService(): SUN: MessageDigest.SHA-384 -> sun.security.provider.SHA5$SHA384
  aliases: [OID.2.16.840.1.101.3.4.2.2, 2.16.840.1.101.3.4.2.2, SHA384]
  attributes: {ImplementedIn=Software}

Provider: SUN.putService(): SUN: MessageDigest.SHA-512 -> sun.security.provider.SHA5$SHA512
  aliases: [OID.2.16.840.1.101.3.4.2.3, 2.16.840.1.101.3.4.2.3, SHA512]
  attributes: {ImplementedIn=Software}

Provider: SUN.putService(): SUN: MessageDigest.SHA-512/224 -> sun.security.provider.SHA5$SHA512_224
  aliases: [OID.2.16.840.1.101.3.4.2.5, 2.16.840.1.101.3.4.2.5, SHA512/224]
  attributes: {ImplementedIn=Software}

Provider: SUN.putService(): SUN: MessageDigest.SHA-512/256 -> sun.security.provider.SHA5$SHA512_256
  aliases: [OID.2.16.840.1.101.3.4.2.6, 2.16.840.1.101.3.4.2.6, SHA512/256]
  attributes: {ImplementedIn=Software}

Provider: SUN.putService(): SUN: MessageDigest.SHA3-224 -> sun.security.provider.SHA3$SHA224
  aliases: [OID.2.16.840.1.101.3.4.2.7, 2.16.840.1.101.3.4.2.7]
  attributes: {ImplementedIn=Software}

Provider: SUN.putService(): SUN: MessageDigest.SHA3-256 -> sun.security.provider.SHA3$SHA256
  aliases: [OID.2.16.840.1.101.3.4.2.8, 2.16.840.1.101.3.4.2.8]
  attributes: {ImplementedIn=Software}

Provider: SUN.putService(): SUN: MessageDigest.SHA3-384 -> sun.security.provider.SHA3$SHA384
  aliases: [OID.2.16.840.1.101.3.4.2.9, 2.16.840.1.101.3.4.2.9]
  attributes: {ImplementedIn=Software}

Provider: SUN.putService(): SUN: MessageDigest.SHA3-512 -> sun.security.provider.SHA3$SHA512
  aliases: [OID.2.16.840.1.101.3.4.2.10, 2.16.840.1.101.3.4.2.10]
  attributes: {ImplementedIn=Software}

Provider: SUN.putService(): SUN: CertificateFactory.X.509 -> sun.security.provider.X509Factory
  aliases: [X509]
  attributes: {ImplementedIn=Software}

Provider: SUN.putService(): SUN: KeyStore.PKCS12 -> sun.security.pkcs12.PKCS12KeyStore$DualFormatPKCS12

Provider: SUN.putService(): SUN: KeyStore.JKS -> sun.security.provider.JavaKeyStore$DualFormatJKS
  attributes: {ImplementedIn=Software}

Provider: SUN.putService(): SUN: KeyStore.CaseExactJKS -> sun.security.provider.JavaKeyStore$CaseExactJKS
  attributes: {ImplementedIn=Software}

Provider: SUN.putService(): SUN: KeyStore.DKS -> sun.security.provider.DomainKeyStore$DKS
  attributes: {ImplementedIn=Software}

Provider: SUN.putService(): SUN: CertStore.Collection -> sun.security.provider.certpath.CollectionCertStore
  attributes: {ImplementedIn=Software}

Provider: SUN.putService(): SUN: CertStore.com.sun.security.IndexedCollection -> sun.security.provider.certpath.IndexedCollectionCertStore
  attributes: {ImplementedIn=Software}

Provider: SUN.putService(): SUN: Policy.JavaPolicy -> sun.security.provider.PolicySpiFile

Provider: SUN.putService(): SUN: Configuration.JavaLoginConfig -> sun.security.provider.ConfigFile$Spi

Provider: SUN.putService(): SUN: CertPathBuilder.PKIX -> sun.security.provider.certpath.SunCertPathBuilder
  attributes: {ImplementedIn=Software, ValidationAlgorithm=RFC5280}

Provider: SUN.putService(): SUN: CertPathValidator.PKIX -> sun.security.provider.certpath.PKIXCertPathValidator
  attributes: {ImplementedIn=Software, ValidationAlgorithm=RFC5280}

Provider: MessageDigest.SHA-256 algorithm from: SUN
Provider: MessageDigest.SHA-256 algorithm from: SUN
Provider: Signature.SHA256withRSA verification algorithm from: SunRsaSign
Provider: MessageDigest.SHA-256 algorithm from: SUN
Provider: MessageDigest.SHA-256 algorithm from: SUN
Provider: Signature.SHA256withDSA verification algorithm from: SUN
Provider: MessageDigest.SHA-256 algorithm from: SUN
Provider: SecureRandom.null algorithm from: BCFIPS_TEST_RNG
Provider: Set BCFIPS provider property [SecureRandom.DEFAULT ThreadSafe/true]
Provider: Set BCFIPS provider property [SecureRandom.DEFAULT ImplementedIn/Software]
Provider: Set BCFIPS provider property [SecureRandom.DEFAULT/org.bouncycastle.jcajce.provider.random.DefSecureRandom]
Provider: Add SecureRandom algo DEFAULT
Provider: Set BCFIPS provider property [SecureRandom.NONCEANDIV ThreadSafe/true]
Provider: Set BCFIPS provider property [SecureRandom.NONCEANDIV ImplementedIn/Software]
Provider: Set BCFIPS provider property [SecureRandom.NONCEANDIV/org.bouncycastle.jcajce.provider.random.NonceAndIVSecureRandom]
Provider: Add SecureRandom algo NONCEANDIV
Provider: Set BCFIPS provider property [MessageDigest.SHA-1 ImplementedIn/Software]
Provider: Set BCFIPS provider property [MessageDigest.SHA-1/org.bouncycastle.jcajce.provider.ProvSHS$SHA1$Digest]
Provider: Set BCFIPS provider property [Alg.Alias.MessageDigest.SHA1/SHA-1]
Provider: Set BCFIPS provider property [Alg.Alias.MessageDigest.SHA/SHA-1]
Provider: Set BCFIPS provider property [Alg.Alias.MessageDigest.1.3.14.3.2.26/SHA-1]
Provider: Set BCFIPS provider property [Alg.Alias.MessageDigest.OID.1.3.14.3.2.26/SHA-1]
Provider: Set BCFIPS provider property [Mac.HMACSHA-1 ImplementedIn/Software]
Provider: Set BCFIPS provider property [Mac.HMACSHA-1/org.bouncycastle.jcajce.provider.ProvSHS$SHA1$HashMac]
Provider: Set BCFIPS provider property [Alg.Alias.Mac.HMAC-SHA-1/HMACSHA-1]
Provider: Set BCFIPS provider property [Alg.Alias.Mac.HMAC/SHA-1/HMACSHA-1]
Provider: Set BCFIPS provider property [KeyGenerator.HMACSHA-1 ImplementedIn/Software]
Provider: Set BCFIPS provider property [KeyGenerator.HMACSHA-1/org.bouncycastle.jcajce.provider.ProvSHS$SHA1$KeyGenerator]
Provider: Set BCFIPS provider property [Alg.Alias.KeyGenerator.HMAC-SHA-1/HMACSHA-1]
Provider: Set BCFIPS provider property [Alg.Alias.KeyGenerator.HMAC/SHA-1/HMACSHA-1]
Provider: Set BCFIPS provider property [SecretKeyFactory.HMACSHA-1 ImplementedIn/Software]
Provider: Set BCFIPS provider property [SecretKeyFactory.HMACSHA-1/org.bouncycastle.jcajce.provider.ProvSHS$SHA1$SecretKeyFactory]
Provider: Set BCFIPS provider property [Alg.Alias.SecretKeyFactory.HMAC-SHA-1/HMACSHA-1]
Provider: Set BCFIPS provider property [Alg.Alias.SecretKeyFactory.HMAC/SHA-1/HMACSHA-1]
Provider: Set BCFIPS provider property [Alg.Alias.Mac.HMAC-SHA1/HMACSHA-1]
Provider: Set BCFIPS provider property [Alg.Alias.Mac.HMACSHA1/HMACSHA-1]
Provider: Set BCFIPS provider property [Alg.Alias.Mac.HMACSHA/HMACSHA-1]
Provider: Set BCFIPS provider property [Alg.Alias.KeyGenerator.HMAC-SHA1/HMACSHA-1]
Provider: Set BCFIPS provider property [Alg.Alias.KeyGenerator.HMACSHA1/HMACSHA-1]
Provider: Set BCFIPS provider property [Alg.Alias.KeyGenerator.HMACSHA/HMACSHA-1]
Provider: Set BCFIPS provider property [Alg.Alias.SecretKeyFactory.HMAC-SHA1/HMACSHA-1]
Provider: Set BCFIPS provider property [Alg.Alias.SecretKeyFactory.HMACSHA1/HMACSHA-1]
Provider: Set BCFIPS provider property [Alg.Alias.SecretKeyFactory.HMACSHA/HMACSHA-1]
Provider: Set BCFIPS provider property [Alg.Alias.Mac.1.2.840.113549.2.7/HMACSHA-1]
Provider: Set BCFIPS provider property [Alg.Alias.Mac.OID.1.2.840.113549.2.7/HMACSHA-1]
Provider: Set BCFIPS provider property [Alg.Alias.Mac.1.3.6.1.5.5.8.1.2/HMACSHA-1]
Provider: Set BCFIPS provider property [Alg.Alias.Mac.OID.1.3.6.1.5.5.8.1.2/HMACSHA-1]
Provider: Set BCFIPS provider property [Alg.Alias.Mac.1.3.14.3.2.26/HMACSHA-1]
Provider: Set BCFIPS provider property [Alg.Alias.Mac.OID.1.3.14.3.2.26/HMACSHA-1]
Provider: Set BCFIPS provider property [Alg.Alias.KeyGenerator.1.2.840.113549.2.7/HMACSHA-1]
Provider: Set BCFIPS provider property [Alg.Alias.KeyGenerator.OID.1.2.840.113549.2.7/HMACSHA-1]
Provider: Set BCFIPS provider property [Alg.Alias.KeyGenerator.1.3.6.1.5.5.8.1.2/HMACSHA-1]
Provider: Set BCFIPS provider property [Alg.Alias.KeyGenerator.OID.1.3.6.1.5.5.8.1.2/HMACSHA-1]
Provider: Set BCFIPS provider property [Alg.Alias.KeyGenerator.1.3.14.3.2.26/HMACSHA-1]
Provider: Set BCFIPS provider property [Alg.Alias.KeyGenerator.OID.1.3.14.3.2.26/HMACSHA-1]
Provider: Set BCFIPS provider property [Alg.Alias.SecretKeyFactory.1.2.840.113549.2.7/HMACSHA-1]
Provider: Set BCFIPS provider property [Alg.Alias.SecretKeyFactory.OID.1.2.840.113549.2.7/HMACSHA-1]
Provider: Set BCFIPS provider property [Alg.Alias.SecretKeyFactory.1.3.6.1.5.5.8.1.2/HMACSHA-1]
Provider: Set BCFIPS provider property [Alg.Alias.SecretKeyFactory.OID.1.3.6.1.5.5.8.1.2/HMACSHA-1]
Provider: Set BCFIPS provider property [Alg.Alias.SecretKeyFactory.1.3.14.3.2.26/HMACSHA-1]
Provider: Set BCFIPS provider property [Alg.Alias.SecretKeyFactory.OID.1.3.14.3.2.26/HMACSHA-1]
Provider: Set BCFIPS provider property [Mac.HMAC128SHA1 ImplementedIn/Software]
Provider: Set BCFIPS provider property [Mac.HMAC128SHA1/org.bouncycastle.jcajce.provider.ProvSHS$SHA1$Hmac128]
Provider: Set BCFIPS provider property [Alg.Alias.Mac.HMAC128SHA-1/HMAC128SHA1]
Provider: Set BCFIPS provider property [MessageDigest.SHA-224 ImplementedIn/Software]
Provider: Set BCFIPS provider property [MessageDigest.SHA-224/org.bouncycastle.jcajce.provider.ProvSHS$SHA224$Digest]
Provider: Set BCFIPS provider property [Alg.Alias.MessageDigest.SHA224/SHA-224]
Provider: Set BCFIPS provider property [Alg.Alias.MessageDigest.2.16.840.1.101.3.4.2.4/SHA-224]
Provider: Set BCFIPS provider property [Alg.Alias.MessageDigest.OID.2.16.840.1.101.3.4.2.4/SHA-224]
Provider: Set BCFIPS provider property [Mac.HMACSHA-224 ImplementedIn/Software]
Provider: Set BCFIPS provider property [Mac.HMACSHA-224/org.bouncycastle.jcajce.provider.ProvSHS$SHA224$HashMac]
Provider: Set BCFIPS provider property [Alg.Alias.Mac.HMAC-SHA-224/HMACSHA-224]
Provider: Set BCFIPS provider property [Alg.Alias.Mac.HMAC/SHA-224/HMACSHA-224]
Provider: Set BCFIPS provider property [KeyGenerator.HMACSHA-224 ImplementedIn/Software]
Provider: Set BCFIPS provider property [KeyGenerator.HMACSHA-224/org.bouncycastle.jcajce.provider.ProvSHS$SHA224$KeyGenerator]
Provider: Set BCFIPS provider property [Alg.Alias.KeyGenerator.HMAC-SHA-224/HMACSHA-224]
Provider: Set BCFIPS provider property [Alg.Alias.KeyGenerator.HMAC/SHA-224/HMACSHA-224]
Provider: Set BCFIPS provider property [SecretKeyFactory.HMACSHA-224 ImplementedIn/Software]
Provider: Set BCFIPS provider property [SecretKeyFactory.HMACSHA-224/org.bouncycastle.jcajce.provider.ProvSHS$SHA224$SecretKeyFactory]
Provider: Set BCFIPS provider property [Alg.Alias.SecretKeyFactory.HMAC-SHA-224/HMACSHA-224]
Provider: Set BCFIPS provider property [Alg.Alias.SecretKeyFactory.HMAC/SHA-224/HMACSHA-224]
Provider: Set BCFIPS provider property [Alg.Alias.Mac.HMAC-SHA224/HMACSHA-224]
Provider: Set BCFIPS provider property [Alg.Alias.Mac.HMACSHA224/HMACSHA-224]
Provider: Set BCFIPS provider property [Alg.Alias.KeyGenerator.HMAC-SHA224/HMACSHA-224]
Provider: Set BCFIPS provider property [Alg.Alias.KeyGenerator.HMACSHA224/HMACSHA-224]
Provider: Set BCFIPS provider property [Alg.Alias.SecretKeyFactory.HMAC-SHA224/HMACSHA-224]
Provider: Set BCFIPS provider property [Alg.Alias.SecretKeyFactory.HMACSHA224/HMACSHA-224]
Provider: Set BCFIPS provider property [Alg.Alias.Mac.1.2.840.113549.2.8/HMACSHA-224]
Provider: Set BCFIPS provider property [Alg.Alias.Mac.OID.1.2.840.113549.2.8/HMACSHA-224]
Provider: Set BCFIPS provider property [Alg.Alias.Mac.2.16.840.1.101.3.4.2.4/HMACSHA-224]
Provider: Set BCFIPS provider property [Alg.Alias.Mac.OID.2.16.840.1.101.3.4.2.4/HMACSHA-224]
Provider: Set BCFIPS provider property [Alg.Alias.KeyGenerator.1.2.840.113549.2.8/HMACSHA-224]
Provider: Set BCFIPS provider property [Alg.Alias.KeyGenerator.OID.1.2.840.113549.2.8/HMACSHA-224]
Provider: Set BCFIPS provider property [Alg.Alias.KeyGenerator.2.16.840.1.101.3.4.2.4/HMACSHA-224]
Provider: Set BCFIPS provider property [Alg.Alias.KeyGenerator.OID.2.16.840.1.101.3.4.2.4/HMACSHA-224]
Provider: Set BCFIPS provider property [Alg.Alias.SecretKeyFactory.1.2.840.113549.2.8/HMACSHA-224]
Provider: Set BCFIPS provider property [Alg.Alias.SecretKeyFactory.OID.1.2.840.113549.2.8/HMACSHA-224]
Provider: Set BCFIPS provider property [Alg.Alias.SecretKeyFactory.2.16.840.1.101.3.4.2.4/HMACSHA-224]
Provider: Set BCFIPS provider property [Alg.Alias.SecretKeyFactory.OID.2.16.840.1.101.3.4.2.4/HMACSHA-224]
Provider: Set BCFIPS provider property [Mac.HMAC128SHA224 ImplementedIn/Software]
Provider: Set BCFIPS provider property [Mac.HMAC128SHA224/org.bouncycastle.jcajce.provider.ProvSHS$SHA224$Hmac128]
Provider: Set BCFIPS provider property [Alg.Alias.Mac.HMAC128SHA-224/HMAC128SHA224]
Provider: Set BCFIPS provider property [MessageDigest.SHA-256 ImplementedIn/Software]
Provider: Set BCFIPS provider property [MessageDigest.SHA-256/org.bouncycastle.jcajce.provider.ProvSHS$SHA256$Digest]
Provider: Set BCFIPS provider property [Alg.Alias.MessageDigest.SHA256/SHA-256]
Provider: Set BCFIPS provider property [Alg.Alias.MessageDigest.2.16.840.1.101.3.4.2.1/SHA-256]
Provider: Set BCFIPS provider property [Alg.Alias.MessageDigest.OID.2.16.840.1.101.3.4.2.1/SHA-256]
Provider: Set BCFIPS provider property [Mac.HMACSHA-256 ImplementedIn/Software]
Provider: Set BCFIPS provider property [Mac.HMACSHA-256/org.bouncycastle.jcajce.provider.ProvSHS$SHA256$HashMac]
Provider: Set BCFIPS provider property [Alg.Alias.Mac.HMAC-SHA-256/HMACSHA-256]
Provider: Set BCFIPS provider property [Alg.Alias.Mac.HMAC/SHA-256/HMACSHA-256]
Provider: Set BCFIPS provider property [KeyGenerator.HMACSHA-256 ImplementedIn/Software]
Provider: Set BCFIPS provider property [KeyGenerator.HMACSHA-256/org.bouncycastle.jcajce.provider.ProvSHS$SHA256$KeyGenerator]
Provider: Set BCFIPS provider property [Alg.Alias.KeyGenerator.HMAC-SHA-256/HMACSHA-256]
Provider: Set BCFIPS provider property [Alg.Alias.KeyGenerator.HMAC/SHA-256/HMACSHA-256]
Provider: Set BCFIPS provider property [SecretKeyFactory.HMACSHA-256 ImplementedIn/Software]
Provider: Set BCFIPS provider property [SecretKeyFactory.HMACSHA-256/org.bouncycastle.jcajce.provider.ProvSHS$SHA256$SecretKeyFactory]
Provider: Set BCFIPS provider property [Alg.Alias.SecretKeyFactory.HMAC-SHA-256/HMACSHA-256]
Provider: Set BCFIPS provider property [Alg.Alias.SecretKeyFactory.HMAC/SHA-256/HMACSHA-256]
Provider: Set BCFIPS provider property [Alg.Alias.Mac.HMAC-SHA256/HMACSHA-256]
Provider: Set BCFIPS provider property [Alg.Alias.Mac.HMACSHA256/HMACSHA-256]
Provider: Set BCFIPS provider property [Alg.Alias.KeyGenerator.HMAC-SHA256/HMACSHA-256]
Provider: Set BCFIPS provider property [Alg.Alias.KeyGenerator.HMACSHA256/HMACSHA-256]
Provider: Set BCFIPS provider property [Alg.Alias.SecretKeyFactory.HMAC-SHA256/HMACSHA-256]
Provider: Set BCFIPS provider property [Alg.Alias.SecretKeyFactory.HMACSHA256/HMACSHA-256]
Provider: Set BCFIPS provider property [Alg.Alias.Mac.1.2.840.113549.2.9/HMACSHA-256]
Provider: Set BCFIPS provider property [Alg.Alias.Mac.OID.1.2.840.113549.2.9/HMACSHA-256]
Provider: Set BCFIPS provider property [Alg.Alias.Mac.2.16.840.1.101.3.4.2.1/HMACSHA-256]
Provider: Set BCFIPS provider property [Alg.Alias.Mac.OID.2.16.840.1.101.3.4.2.1/HMACSHA-256]
Provider: Set BCFIPS provider property [Alg.Alias.KeyGenerator.1.2.840.113549.2.9/HMACSHA-256]
Provider: Set BCFIPS provider property [Alg.Alias.KeyGenerator.OID.1.2.840.113549.2.9/HMACSHA-256]
Provider: Set BCFIPS provider property [Alg.Alias.KeyGenerator.2.16.840.1.101.3.4.2.1/HMACSHA-256]
Provider: Set BCFIPS provider property [Alg.Alias.KeyGenerator.OID.2.16.840.1.101.3.4.2.1/HMACSHA-256]
Provider: Set BCFIPS provider property [Alg.Alias.SecretKeyFactory.1.2.840.113549.2.9/HMACSHA-256]
Provider: Set BCFIPS provider property [Alg.Alias.SecretKeyFactory.OID.1.2.840.113549.2.9/HMACSHA-256]
Provider: Set BCFIPS provider property [Alg.Alias.SecretKeyFactory.2.16.840.1.101.3.4.2.1/HMACSHA-256]
Provider: Set BCFIPS provider property [Alg.Alias.SecretKeyFactory.OID.2.16.840.1.101.3.4.2.1/HMACSHA-256]
Provider: Set BCFIPS provider property [Mac.HMAC128SHA256 ImplementedIn/Software]
Provider: Set BCFIPS provider property [Mac.HMAC128SHA256/org.bouncycastle.jcajce.provider.ProvSHS$SHA256$Hmac128]
Provider: Set BCFIPS provider property [Alg.Alias.Mac.HMAC128SHA-256/HMAC128SHA256]
Provider: Set BCFIPS provider property [MessageDigest.SHA-384 ImplementedIn/Software]
Provider: Set BCFIPS provider property [MessageDigest.SHA-384/org.bouncycastle.jcajce.provider.ProvSHS$SHA384$Digest]
Provider: Set BCFIPS provider property [Alg.Alias.MessageDigest.SHA384/SHA-384]
Provider: Set BCFIPS provider property [Alg.Alias.MessageDigest.2.16.840.1.101.3.4.2.2/SHA-384]
Provider: Set BCFIPS provider property [Alg.Alias.MessageDigest.OID.2.16.840.1.101.3.4.2.2/SHA-384]
Provider: Set BCFIPS provider property [Mac.HMACSHA-384 ImplementedIn/Software]
Provider: Set BCFIPS provider property [Mac.HMACSHA-384/org.bouncycastle.jcajce.provider.ProvSHS$SHA384$HashMac]
Provider: Set BCFIPS provider property [Alg.Alias.Mac.HMAC-SHA-384/HMACSHA-384]
Provider: Set BCFIPS provider property [Alg.Alias.Mac.HMAC/SHA-384/HMACSHA-384]
Provider: Set BCFIPS provider property [KeyGenerator.HMACSHA-384 ImplementedIn/Software]
Provider: Set BCFIPS provider property [KeyGenerator.HMACSHA-384/org.bouncycastle.jcajce.provider.ProvSHS$SHA384$KeyGenerator]
Provider: Set BCFIPS provider property [Alg.Alias.KeyGenerator.HMAC-SHA-384/HMACSHA-384]
Provider: Set BCFIPS provider property [Alg.Alias.KeyGenerator.HMAC/SHA-384/HMACSHA-384]
Provider: Set BCFIPS provider property [SecretKeyFactory.HMACSHA-384 ImplementedIn/Software]
Provider: Set BCFIPS provider property [SecretKeyFactory.HMACSHA-384/org.bouncycastle.jcajce.provider.ProvSHS$SHA384$SecretKeyFactory]
Provider: Set BCFIPS provider property [Alg.Alias.SecretKeyFactory.HMAC-SHA-384/HMACSHA-384]
Provider: Set BCFIPS provider property [Alg.Alias.SecretKeyFactory.HMAC/SHA-384/HMACSHA-384]
Provider: Set BCFIPS provider property [Alg.Alias.Mac.HMAC-SHA384/HMACSHA-384]
Provider: Set BCFIPS provider property [Alg.Alias.Mac.HMACSHA384/HMACSHA-384]
Provider: Set BCFIPS provider property [Alg.Alias.KeyGenerator.HMAC-SHA384/HMACSHA-384]
Provider: Set BCFIPS provider property [Alg.Alias.KeyGenerator.HMACSHA384/HMACSHA-384]
Provider: Set BCFIPS provider property [Alg.Alias.SecretKeyFactory.HMAC-SHA384/HMACSHA-384]
Provider: Set BCFIPS provider property [Alg.Alias.SecretKeyFactory.HMACSHA384/HMACSHA-384]
Provider: Set BCFIPS provider property [Alg.Alias.Mac.1.2.840.113549.2.10/HMACSHA-384]
Provider: Set BCFIPS provider property [Alg.Alias.Mac.OID.1.2.840.113549.2.10/HMACSHA-384]
Provider: Set BCFIPS provider property [Alg.Alias.Mac.2.16.840.1.101.3.4.2.2/HMACSHA-384]
Provider: Set BCFIPS provider property [Alg.Alias.Mac.OID.2.16.840.1.101.3.4.2.2/HMACSHA-384]
Provider: Set BCFIPS provider property [Alg.Alias.KeyGenerator.1.2.840.113549.2.10/HMACSHA-384]
Provider: Set BCFIPS provider property [Alg.Alias.KeyGenerator.OID.1.2.840.113549.2.10/HMACSHA-384]
Provider: Set BCFIPS provider property [Alg.Alias.KeyGenerator.2.16.840.1.101.3.4.2.2/HMACSHA-384]
Provider: Set BCFIPS provider property [Alg.Alias.KeyGenerator.OID.2.16.840.1.101.3.4.2.2/HMACSHA-384]
Provider: Set BCFIPS provider property [Alg.Alias.SecretKeyFactory.1.2.840.113549.2.10/HMACSHA-384]
Provider: Set BCFIPS provider property [Alg.Alias.SecretKeyFactory.OID.1.2.840.113549.2.10/HMACSHA-384]
Provider: Set BCFIPS provider property [Alg.Alias.SecretKeyFactory.2.16.840.1.101.3.4.2.2/HMACSHA-384]
Provider: Set BCFIPS provider property [Alg.Alias.SecretKeyFactory.OID.2.16.840.1.101.3.4.2.2/HMACSHA-384]
Provider: Set BCFIPS provider property [Mac.HMAC256SHA384 ImplementedIn/Software]
Provider: Set BCFIPS provider property [Mac.HMAC256SHA384/org.bouncycastle.jcajce.provider.ProvSHS$SHA384$Hmac256]
Provider: Set BCFIPS provider property [Alg.Alias.Mac.HMAC256SHA-384/HMAC256SHA384]
Provider: Set BCFIPS provider property [MessageDigest.SHA-512 ImplementedIn/Software]
Provider: Set BCFIPS provider property [MessageDigest.SHA-512/org.bouncycastle.jcajce.provider.ProvSHS$SHA512$Digest]
Provider: Set BCFIPS provider property [Alg.Alias.MessageDigest.SHA512/SHA-512]
Provider: Set BCFIPS provider property [Alg.Alias.MessageDigest.2.16.840.1.101.3.4.2.3/SHA-512]
Provider: Set BCFIPS provider property [Alg.Alias.MessageDigest.OID.2.16.840.1.101.3.4.2.3/SHA-512]
Provider: Set BCFIPS provider property [Mac.HMACSHA-512 ImplementedIn/Software]
Provider: Set BCFIPS provider property [Mac.HMACSHA-512/org.bouncycastle.jcajce.provider.ProvSHS$SHA512$HashMac]
Provider: Set BCFIPS provider property [Alg.Alias.Mac.HMAC-SHA-512/HMACSHA-512]
Provider: Set BCFIPS provider property [Alg.Alias.Mac.HMAC/SHA-512/HMACSHA-512]
Provider: Set BCFIPS provider property [KeyGenerator.HMACSHA-512 ImplementedIn/Software]
Provider: Set BCFIPS provider property [KeyGenerator.HMACSHA-512/org.bouncycastle.jcajce.provider.ProvSHS$SHA512$KeyGenerator]
Provider: Set BCFIPS provider property [Alg.Alias.KeyGenerator.HMAC-SHA-512/HMACSHA-512]
Provider: Set BCFIPS provider property [Alg.Alias.KeyGenerator.HMAC/SHA-512/HMACSHA-512]
Provider: Set BCFIPS provider property [SecretKeyFactory.HMACSHA-512 ImplementedIn/Software]
Provider: Set BCFIPS provider property [SecretKeyFactory.HMACSHA-512/org.bouncycastle.jcajce.provider.ProvSHS$SHA512$SecretKeyFactory]
Provider: Set BCFIPS provider property [Alg.Alias.SecretKeyFactory.HMAC-SHA-512/HMACSHA-512]
Provider: Set BCFIPS provider property [Alg.Alias.SecretKeyFactory.HMAC/SHA-512/HMACSHA-512]
Provider: Set BCFIPS provider property [Alg.Alias.Mac.HMAC-SHA512/HMACSHA-512]
Provider: Set BCFIPS provider property [Alg.Alias.Mac.HMACSHA512/HMACSHA-512]
Provider: Set BCFIPS provider property [Alg.Alias.KeyGenerator.HMAC-SHA512/HMACSHA-512]
Provider: Set BCFIPS provider property [Alg.Alias.KeyGenerator.HMACSHA512/HMACSHA-512]
Provider: Set BCFIPS provider property [Alg.Alias.SecretKeyFactory.HMAC-SHA512/HMACSHA-512]
Provider: Set BCFIPS provider property [Alg.Alias.SecretKeyFactory.HMACSHA512/HMACSHA-512]
Provider: Set BCFIPS provider property [Alg.Alias.Mac.1.2.840.113549.2.11/HMACSHA-512]
Provider: Set BCFIPS provider property [Alg.Alias.Mac.OID.1.2.840.113549.2.11/HMACSHA-512]
Provider: Set BCFIPS provider property [Alg.Alias.Mac.2.16.840.1.101.3.4.2.3/HMACSHA-512]
Provider: Set BCFIPS provider property [Alg.Alias.Mac.OID.2.16.840.1.101.3.4.2.3/HMACSHA-512]
Provider: Set BCFIPS provider property [Alg.Alias.KeyGenerator.1.2.840.113549.2.11/HMACSHA-512]
Provider: Set BCFIPS provider property [Alg.Alias.KeyGenerator.OID.1.2.840.113549.2.11/HMACSHA-512]
Provider: Set BCFIPS provider property [Alg.Alias.KeyGenerator.2.16.840.1.101.3.4.2.3/HMACSHA-512]
Provider: Set BCFIPS provider property [Alg.Alias.KeyGenerator.OID.2.16.840.1.101.3.4.2.3/HMACSHA-512]
Provider: Set BCFIPS provider property [Alg.Alias.SecretKeyFactory.1.2.840.113549.2.11/HMACSHA-512]
Provider: Set BCFIPS provider property [Alg.Alias.SecretKeyFactory.OID.1.2.840.113549.2.11/HMACSHA-512]
Provider: Set BCFIPS provider property [Alg.Alias.SecretKeyFactory.2.16.840.1.101.3.4.2.3/HMACSHA-512]
Provider: Set BCFIPS provider property [Alg.Alias.SecretKeyFactory.OID.2.16.840.1.101.3.4.2.3/HMACSHA-512]
Provider: Set BCFIPS provider property [Mac.HMAC256SHA512 ImplementedIn/Software]
Provider: Set BCFIPS provider property [Mac.HMAC256SHA512/org.bouncycastle.jcajce.provider.ProvSHS$SHA512$HashMac256]
Provider: Set BCFIPS provider property [Alg.Alias.Mac.HMAC256SHA-512/HMAC256SHA512]
Provider: Set BCFIPS provider property [MessageDigest.SHA-512(224) ImplementedIn/Software]
Provider: Set BCFIPS provider property [MessageDigest.SHA-512(224)/org.bouncycastle.jcajce.provider.ProvSHS$SHA512$DigestT224]
Provider: Set BCFIPS provider property [Alg.Alias.MessageDigest.SHA512(224)/SHA-512(224)]
Provider: Set BCFIPS provider property [Alg.Alias.MessageDigest.SHA-512/224/SHA-512(224)]
Provider: Set BCFIPS provider property [Alg.Alias.MessageDigest.SHA512/224/SHA-512(224)]
Provider: Set BCFIPS provider property [Alg.Alias.MessageDigest.2.16.840.1.101.3.4.2.5/SHA-512(224)]
Provider: Set BCFIPS provider property [Alg.Alias.MessageDigest.OID.2.16.840.1.101.3.4.2.5/SHA-512(224)]
Provider: Set BCFIPS provider property [MessageDigest.SHA-512(256) ImplementedIn/Software]
Provider: Set BCFIPS provider property [MessageDigest.SHA-512(256)/org.bouncycastle.jcajce.provider.ProvSHS$SHA512$DigestT256]
Provider: Set BCFIPS provider property [Alg.Alias.MessageDigest.SHA512(256)/SHA-512(256)]
Provider: Set BCFIPS provider property [Alg.Alias.MessageDigest.SHA-512/256/SHA-512(256)]
Provider: Set BCFIPS provider property [Alg.Alias.MessageDigest.SHA512/256/SHA-512(256)]
Provider: Set BCFIPS provider property [Alg.Alias.MessageDigest.2.16.840.1.101.3.4.2.6/SHA-512(256)]
Provider: Set BCFIPS provider property [Alg.Alias.MessageDigest.OID.2.16.840.1.101.3.4.2.6/SHA-512(256)]
Provider: Set BCFIPS provider property [Mac.HMACSHA-512(224) ImplementedIn/Software]
Provider: Set BCFIPS provider property [Mac.HMACSHA-512(224)/org.bouncycastle.jcajce.provider.ProvSHS$SHA512$HashMacT224]
Provider: Set BCFIPS provider property [Alg.Alias.Mac.HMAC-SHA-512(224)/HMACSHA-512(224)]
Provider: Set BCFIPS provider property [Alg.Alias.Mac.HMAC/SHA-512(224)/HMACSHA-512(224)]
Provider: Set BCFIPS provider property [KeyGenerator.HMACSHA-512(224) ImplementedIn/Software]
Provider: Set BCFIPS provider property [KeyGenerator.HMACSHA-512(224)/org.bouncycastle.jcajce.provider.ProvSHS$SHA512$KeyGeneratorT224]
Provider: Set BCFIPS provider property [Alg.Alias.KeyGenerator.HMAC-SHA-512(224)/HMACSHA-512(224)]
Provider: Set BCFIPS provider property [Alg.Alias.KeyGenerator.HMAC/SHA-512(224)/HMACSHA-512(224)]
Provider: Set BCFIPS provider property [SecretKeyFactory.HMACSHA-512(224) ImplementedIn/Software]
Provider: Set BCFIPS provider property [SecretKeyFactory.HMACSHA-512(224)/org.bouncycastle.jcajce.provider.ProvSHS$SHA512$SecretKeyFactoryT224]
Provider: Set BCFIPS provider property [Alg.Alias.SecretKeyFactory.HMAC-SHA-512(224)/HMACSHA-512(224)]
Provider: Set BCFIPS provider property [Alg.Alias.SecretKeyFactory.HMAC/SHA-512(224)/HMACSHA-512(224)]
Provider: Set BCFIPS provider property [Alg.Alias.Mac.HMAC-SHA512(224)/HMACSHA-512(224)]
Provider: Set BCFIPS provider property [Alg.Alias.Mac.HMACSHA512(224)/HMACSHA-512(224)]
Provider: Set BCFIPS provider property [Alg.Alias.Mac.HMAC-SHA512/224/HMACSHA-512(224)]
Provider: Set BCFIPS provider property [Alg.Alias.Mac.HMACSHA512/224/HMACSHA-512(224)]
Provider: Set BCFIPS provider property [Alg.Alias.KeyGenerator.HMAC-SHA512(224)/HMACSHA-512(224)]
Provider: Set BCFIPS provider property [Alg.Alias.KeyGenerator.HMACSHA512(224)/HMACSHA-512(224)]
Provider: Set BCFIPS provider property [Alg.Alias.KeyGenerator.HMAC-SHA512/224/HMACSHA-512(224)]
Provider: Set BCFIPS provider property [Alg.Alias.KeyGenerator.HMACSHA512/224/HMACSHA-512(224)]
Provider: Set BCFIPS provider property [Alg.Alias.SecretKeyFactory.HMAC-SHA512(224)/HMACSHA-512(224)]
Provider: Set BCFIPS provider property [Alg.Alias.SecretKeyFactory.HMACSHA512(224)/HMACSHA-512(224)]
Provider: Set BCFIPS provider property [Alg.Alias.SecretKeyFactory.HMAC-SHA512/224/HMACSHA-512(224)]
Provider: Set BCFIPS provider property [Alg.Alias.SecretKeyFactory.HMACSHA512/224/HMACSHA-512(224)]
Provider: Set BCFIPS provider property [Mac.HMAC128SHA512(224) ImplementedIn/Software]
Provider: Set BCFIPS provider property [Mac.HMAC128SHA512(224)/org.bouncycastle.jcajce.provider.ProvSHS$SHA512$Hmac128_224]
Provider: Set BCFIPS provider property [Alg.Alias.Mac.HMAC128SHA-512(224)/HMAC128SHA512(224)]
Provider: Set BCFIPS provider property [Mac.HMACSHA-512(256) ImplementedIn/Software]
Provider: Set BCFIPS provider property [Mac.HMACSHA-512(256)/org.bouncycastle.jcajce.provider.ProvSHS$SHA512$HashMacT256]
Provider: Set BCFIPS provider property [Alg.Alias.Mac.HMAC-SHA-512(256)/HMACSHA-512(256)]
Provider: Set BCFIPS provider property [Alg.Alias.Mac.HMAC/SHA-512(256)/HMACSHA-512(256)]
Provider: Set BCFIPS provider property [KeyGenerator.HMACSHA-512(256) ImplementedIn/Software]
Provider: Set BCFIPS provider property [KeyGenerator.HMACSHA-512(256)/org.bouncycastle.jcajce.provider.ProvSHS$SHA512$KeyGeneratorT256]
Provider: Set BCFIPS provider property [Alg.Alias.KeyGenerator.HMAC-SHA-512(256)/HMACSHA-512(256)]
Provider: Set BCFIPS provider property [Alg.Alias.KeyGenerator.HMAC/SHA-512(256)/HMACSHA-512(256)]
Provider: Set BCFIPS provider property [SecretKeyFactory.HMACSHA-512(256) ImplementedIn/Software]
Provider: Set BCFIPS provider property [SecretKeyFactory.HMACSHA-512(256)/org.bouncycastle.jcajce.provider.ProvSHS$SHA512$SecretKeyFactoryT256]
Provider: Set BCFIPS provider property [Alg.Alias.SecretKeyFactory.HMAC-SHA-512(256)/HMACSHA-512(256)]
Provider: Set BCFIPS provider property [Alg.Alias.SecretKeyFactory.HMAC/SHA-512(256)/HMACSHA-512(256)]
Provider: Set BCFIPS provider property [Alg.Alias.Mac.HMAC-SHA512(256)/HMACSHA-512(256)]
Provider: Set BCFIPS provider property [Alg.Alias.Mac.HMACSHA512(256)/HMACSHA-512(256)]
Provider: Set BCFIPS provider property [Alg.Alias.Mac.HMAC-SHA512/256/HMACSHA-512(256)]
Provider: Set BCFIPS provider property [Alg.Alias.Mac.HMACSHA512/256/HMACSHA-512(256)]
Provider: Set BCFIPS provider property [Alg.Alias.KeyGenerator.HMAC-SHA512(256)/HMACSHA-512(256)]
Provider: Set BCFIPS provider property [Alg.Alias.KeyGenerator.HMACSHA512(256)/HMACSHA-512(256)]
Provider: Set BCFIPS provider property [Alg.Alias.KeyGenerator.HMAC-SHA512/256/HMACSHA-512(256)]
Provider: Set BCFIPS provider property [Alg.Alias.KeyGenerator.HMACSHA512/256/HMACSHA-512(256)]
Provider: Set BCFIPS provider property [Alg.Alias.SecretKeyFactory.HMAC-SHA512(256)/HMACSHA-512(256)]
Provider: Set BCFIPS provider property [Alg.Alias.SecretKeyFactory.HMACSHA512(256)/HMACSHA-512(256)]
Provider: Set BCFIPS provider property [Alg.Alias.SecretKeyFactory.HMAC-SHA512/256/HMACSHA-512(256)]
Provider: Set BCFIPS provider property [Alg.Alias.SecretKeyFactory.HMACSHA512/256/HMACSHA-512(256)]
Provider: Set BCFIPS provider property [Mac.HMAC128SHA512(256) ImplementedIn/Software]
Provider: Set BCFIPS provider property [Mac.HMAC128SHA512(256)/org.bouncycastle.jcajce.provider.ProvSHS$SHA512$Hmac128_256]
Provider: Set BCFIPS provider property [Alg.Alias.Mac.HMAC128SHA-512(256)/HMAC128SHA512(256)]
Provider: Set BCFIPS provider property [MessageDigest.SHA3-224 ImplementedIn/Software]
Provider: Set BCFIPS provider property [MessageDigest.SHA3-224/org.bouncycastle.jcajce.provider.ProvSHS$SHA3_224$Digest]
Provider: Set BCFIPS provider property [Alg.Alias.MessageDigest.2.16.840.1.101.3.4.2.7/SHA3-224]
Provider: Set BCFIPS provider property [Alg.Alias.MessageDigest.OID.2.16.840.1.101.3.4.2.7/SHA3-224]
Provider: Set BCFIPS provider property [Mac.HMACSHA3-224 ImplementedIn/Software]
Provider: Set BCFIPS provider property [Mac.HMACSHA3-224/org.bouncycastle.jcajce.provider.ProvSHS$SHA3_224$HashMac]
Provider: Set BCFIPS provider property [Alg.Alias.Mac.HMAC-SHA3-224/HMACSHA3-224]
Provider: Set BCFIPS provider property [Alg.Alias.Mac.HMAC/SHA3-224/HMACSHA3-224]
Provider: Set BCFIPS provider property [KeyGenerator.HMACSHA3-224 ImplementedIn/Software]
Provider: Set BCFIPS provider property [KeyGenerator.HMACSHA3-224/org.bouncycastle.jcajce.provider.ProvSHS$SHA3_224$KeyGenerator]
Provider: Set BCFIPS provider property [Alg.Alias.KeyGenerator.HMAC-SHA3-224/HMACSHA3-224]
Provider: Set BCFIPS provider property [Alg.Alias.KeyGenerator.HMAC/SHA3-224/HMACSHA3-224]
Provider: Set BCFIPS provider property [SecretKeyFactory.HMACSHA3-224 ImplementedIn/Software]
Provider: Set BCFIPS provider property [SecretKeyFactory.HMACSHA3-224/org.bouncycastle.jcajce.provider.ProvSHS$SHA3_224$SecretKeyFactory]
Provider: Set BCFIPS provider property [Alg.Alias.SecretKeyFactory.HMAC-SHA3-224/HMACSHA3-224]
Provider: Set BCFIPS provider property [Alg.Alias.SecretKeyFactory.HMAC/SHA3-224/HMACSHA3-224]
Provider: Set BCFIPS provider property [Mac.HMAC128SHA3-224 ImplementedIn/Software]
Provider: Set BCFIPS provider property [Mac.HMAC128SHA3-224/org.bouncycastle.jcajce.provider.ProvSHS$SHA3_224$HashMac128]
Provider: Set BCFIPS provider property [Alg.Alias.Mac.HMACSHA3-224/HMACSHA3-224]
Provider: Set BCFIPS provider property [Alg.Alias.KeyGenerator.HMACSHA3-224/HMACSHA3-224]
Provider: Set BCFIPS provider property [Alg.Alias.SecretKeyFactory.HMACSHA3-224/HMACSHA3-224]
Provider: Set BCFIPS provider property [Alg.Alias.Mac.2.16.840.1.101.3.4.2.13/HMACSHA3-224]
Provider: Set BCFIPS provider property [Alg.Alias.Mac.OID.2.16.840.1.101.3.4.2.13/HMACSHA3-224]
Provider: Set BCFIPS provider property [Alg.Alias.Mac.2.16.840.1.101.3.4.2.7/HMACSHA3-224]
Provider: Set BCFIPS provider property [Alg.Alias.Mac.OID.2.16.840.1.101.3.4.2.7/HMACSHA3-224]
Provider: Set BCFIPS provider property [Alg.Alias.KeyGenerator.2.16.840.1.101.3.4.2.13/HMACSHA3-224]
Provider: Set BCFIPS provider property [Alg.Alias.KeyGenerator.OID.2.16.840.1.101.3.4.2.13/HMACSHA3-224]
Provider: Set BCFIPS provider property [Alg.Alias.KeyGenerator.2.16.840.1.101.3.4.2.7/HMACSHA3-224]
Provider: Set BCFIPS provider property [Alg.Alias.KeyGenerator.OID.2.16.840.1.101.3.4.2.7/HMACSHA3-224]
Provider: Set BCFIPS provider property [Alg.Alias.SecretKeyFactory.2.16.840.1.101.3.4.2.13/HMACSHA3-224]
Provider: Set BCFIPS provider property [Alg.Alias.SecretKeyFactory.OID.2.16.840.1.101.3.4.2.13/HMACSHA3-224]
Provider: Set BCFIPS provider property [Alg.Alias.SecretKeyFactory.2.16.840.1.101.3.4.2.7/HMACSHA3-224]
Provider: Set BCFIPS provider property [Alg.Alias.SecretKeyFactory.OID.2.16.840.1.101.3.4.2.7/HMACSHA3-224]
Provider: Set BCFIPS provider property [MessageDigest.SHA3-256 ImplementedIn/Software]
Provider: Set BCFIPS provider property [MessageDigest.SHA3-256/org.bouncycastle.jcajce.provider.ProvSHS$SHA3_256$Digest]
Provider: Set BCFIPS provider property [Alg.Alias.MessageDigest.2.16.840.1.101.3.4.2.8/SHA3-256]
Provider: Set BCFIPS provider property [Alg.Alias.MessageDigest.OID.2.16.840.1.101.3.4.2.8/SHA3-256]
Provider: Set BCFIPS provider property [Mac.HMACSHA3-256 ImplementedIn/Software]
Provider: Set BCFIPS provider property [Mac.HMACSHA3-256/org.bouncycastle.jcajce.provider.ProvSHS$SHA3_256$HashMac]
Provider: Set BCFIPS provider property [Alg.Alias.Mac.HMAC-SHA3-256/HMACSHA3-256]
Provider: Set BCFIPS provider property [Alg.Alias.Mac.HMAC/SHA3-256/HMACSHA3-256]
Provider: Set BCFIPS provider property [KeyGenerator.HMACSHA3-256 ImplementedIn/Software]
Provider: Set BCFIPS provider property [KeyGenerator.HMACSHA3-256/org.bouncycastle.jcajce.provider.ProvSHS$SHA3_256$KeyGenerator]
Provider: Set BCFIPS provider property [Alg.Alias.KeyGenerator.HMAC-SHA3-256/HMACSHA3-256]
Provider: Set BCFIPS provider property [Alg.Alias.KeyGenerator.HMAC/SHA3-256/HMACSHA3-256]
Provider: Set BCFIPS provider property [SecretKeyFactory.HMACSHA3-256 ImplementedIn/Software]
Provider: Set BCFIPS provider property [SecretKeyFactory.HMACSHA3-256/org.bouncycastle.jcajce.provider.ProvSHS$SHA3_256$SecretKeyFactory]
Provider: Set BCFIPS provider property [Alg.Alias.SecretKeyFactory.HMAC-SHA3-256/HMACSHA3-256]
Provider: Set BCFIPS provider property [Alg.Alias.SecretKeyFactory.HMAC/SHA3-256/HMACSHA3-256]
Provider: Set BCFIPS provider property [Mac.HMAC128SHA3-256 ImplementedIn/Software]
Provider: Set BCFIPS provider property [Mac.HMAC128SHA3-256/org.bouncycastle.jcajce.provider.ProvSHS$SHA3_256$HashMac128]
Provider: Set BCFIPS provider property [Alg.Alias.Mac.HMACSHA3-256/HMACSHA3-256]
Provider: Set BCFIPS provider property [Alg.Alias.KeyGenerator.HMACSHA3-256/HMACSHA3-256]
Provider: Set BCFIPS provider property [Alg.Alias.SecretKeyFactory.HMACSHA3-256/HMACSHA3-256]
Provider: Set BCFIPS provider property [Alg.Alias.Mac.2.16.840.1.101.3.4.2.14/HMACSHA3-256]
Provider: Set BCFIPS provider property [Alg.Alias.Mac.OID.2.16.840.1.101.3.4.2.14/HMACSHA3-256]
Provider: Set BCFIPS provider property [Alg.Alias.Mac.2.16.840.1.101.3.4.2.8/HMACSHA3-256]
Provider: Set BCFIPS provider property [Alg.Alias.Mac.OID.2.16.840.1.101.3.4.2.8/HMACSHA3-256]
Provider: Set BCFIPS provider property [Alg.Alias.KeyGenerator.2.16.840.1.101.3.4.2.14/HMACSHA3-256]
Provider: Set BCFIPS provider property [Alg.Alias.KeyGenerator.OID.2.16.840.1.101.3.4.2.14/HMACSHA3-256]
Provider: Set BCFIPS provider property [Alg.Alias.KeyGenerator.2.16.840.1.101.3.4.2.8/HMACSHA3-256]
Provider: Set BCFIPS provider property [Alg.Alias.KeyGenerator.OID.2.16.840.1.101.3.4.2.8/HMACSHA3-256]
Provider: Set BCFIPS provider property [Alg.Alias.SecretKeyFactory.2.16.840.1.101.3.4.2.14/HMACSHA3-256]
Provider: Set BCFIPS provider property [Alg.Alias.SecretKeyFactory.OID.2.16.840.1.101.3.4.2.14/HMACSHA3-256]
Provider: Set BCFIPS provider property [Alg.Alias.SecretKeyFactory.2.16.840.1.101.3.4.2.8/HMACSHA3-256]
Provider: Set BCFIPS provider property [Alg.Alias.SecretKeyFactory.OID.2.16.840.1.101.3.4.2.8/HMACSHA3-256]
Provider: Set BCFIPS provider property [MessageDigest.SHA3-384 ImplementedIn/Software]
Provider: Set BCFIPS provider property [MessageDigest.SHA3-384/org.bouncycastle.jcajce.provider.ProvSHS$SHA3_384$Digest]
Provider: Set BCFIPS provider property [Alg.Alias.MessageDigest.2.16.840.1.101.3.4.2.9/SHA3-384]
Provider: Set BCFIPS provider property [Alg.Alias.MessageDigest.OID.2.16.840.1.101.3.4.2.9/SHA3-384]
Provider: Set BCFIPS provider property [Mac.HMACSHA3-384 ImplementedIn/Software]
Provider: Set BCFIPS provider property [Mac.HMACSHA3-384/org.bouncycastle.jcajce.provider.ProvSHS$SHA3_384$HashMac]
Provider: Set BCFIPS provider property [Alg.Alias.Mac.HMAC-SHA3-384/HMACSHA3-384]
Provider: Set BCFIPS provider property [Alg.Alias.Mac.HMAC/SHA3-384/HMACSHA3-384]
Provider: Set BCFIPS provider property [KeyGenerator.HMACSHA3-384 ImplementedIn/Software]
Provider: Set BCFIPS provider property [KeyGenerator.HMACSHA3-384/org.bouncycastle.jcajce.provider.ProvSHS$SHA3_384$KeyGenerator]
Provider: Set BCFIPS provider property [Alg.Alias.KeyGenerator.HMAC-SHA3-384/HMACSHA3-384]
Provider: Set BCFIPS provider property [Alg.Alias.KeyGenerator.HMAC/SHA3-384/HMACSHA3-384]
Provider: Set BCFIPS provider property [SecretKeyFactory.HMACSHA3-384 ImplementedIn/Software]
Provider: Set BCFIPS provider property [SecretKeyFactory.HMACSHA3-384/org.bouncycastle.jcajce.provider.ProvSHS$SHA3_384$SecretKeyFactory]
Provider: Set BCFIPS provider property [Alg.Alias.SecretKeyFactory.HMAC-SHA3-384/HMACSHA3-384]
Provider: Set BCFIPS provider property [Alg.Alias.SecretKeyFactory.HMAC/SHA3-384/HMACSHA3-384]
Provider: Set BCFIPS provider property [Mac.HMAC256SHA3-384 ImplementedIn/Software]
Provider: Set BCFIPS provider property [Mac.HMAC256SHA3-384/org.bouncycastle.jcajce.provider.ProvSHS$SHA3_384$HashMac256]
Provider: Set BCFIPS provider property [Alg.Alias.Mac.HMACSHA3-384/HMACSHA3-384]
Provider: Set BCFIPS provider property [Alg.Alias.KeyGenerator.HMACSHA3-384/HMACSHA3-384]
Provider: Set BCFIPS provider property [Alg.Alias.SecretKeyFactory.HMACSHA3-384/HMACSHA3-384]
Provider: Set BCFIPS provider property [Alg.Alias.Mac.2.16.840.1.101.3.4.2.15/HMACSHA3-384]
Provider: Set BCFIPS provider property [Alg.Alias.Mac.OID.2.16.840.1.101.3.4.2.15/HMACSHA3-384]
Provider: Set BCFIPS provider property [Alg.Alias.Mac.2.16.840.1.101.3.4.2.9/HMACSHA3-384]
Provider: Set BCFIPS provider property [Alg.Alias.Mac.OID.2.16.840.1.101.3.4.2.9/HMACSHA3-384]
Provider: Set BCFIPS provider property [Alg.Alias.KeyGenerator.2.16.840.1.101.3.4.2.15/HMACSHA3-384]
Provider: Set BCFIPS provider property [Alg.Alias.KeyGenerator.OID.2.16.840.1.101.3.4.2.15/HMACSHA3-384]
Provider: Set BCFIPS provider property [Alg.Alias.KeyGenerator.2.16.840.1.101.3.4.2.9/HMACSHA3-384]
Provider: Set BCFIPS provider property [Alg.Alias.KeyGenerator.OID.2.16.840.1.101.3.4.2.9/HMACSHA3-384]
Provider: Set BCFIPS provider property [Alg.Alias.SecretKeyFactory.2.16.840.1.101.3.4.2.15/HMACSHA3-384]
Provider: Set BCFIPS provider property [Alg.Alias.SecretKeyFactory.OID.2.16.840.1.101.3.4.2.15/HMACSHA3-384]
Provider: Set BCFIPS provider property [Alg.Alias.SecretKeyFactory.2.16.840.1.101.3.4.2.9/HMACSHA3-384]
Provider: Set BCFIPS provider property [Alg.Alias.SecretKeyFactory.OID.2.16.840.1.101.3.4.2.9/HMACSHA3-384]
Provider: Set BCFIPS provider property [MessageDigest.SHA3-512 ImplementedIn/Software]
Provider: Set BCFIPS provider property [MessageDigest.SHA3-512/org.bouncycastle.jcajce.provider.ProvSHS$SHA3_512$Digest]
Provider: Set BCFIPS provider property [Alg.Alias.MessageDigest.2.16.840.1.101.3.4.2.10/SHA3-512]
Provider: Set BCFIPS provider property [Alg.Alias.MessageDigest.OID.2.16.840.1.101.3.4.2.10/SHA3-512]
Provider: Set BCFIPS provider property [Mac.HMACSHA3-512 ImplementedIn/Software]
Provider: Set BCFIPS provider property [Mac.HMACSHA3-512/org.bouncycastle.jcajce.provider.ProvSHS$SHA3_512$HashMac]
Provider: Set BCFIPS provider property [Alg.Alias.Mac.HMAC-SHA3-512/HMACSHA3-512]
Provider: Set BCFIPS provider property [Alg.Alias.Mac.HMAC/SHA3-512/HMACSHA3-512]
Provider: Set BCFIPS provider property [KeyGenerator.HMACSHA3-512 ImplementedIn/Software]
Provider: Set BCFIPS provider property [KeyGenerator.HMACSHA3-512/org.bouncycastle.jcajce.provider.ProvSHS$SHA3_512$KeyGenerator]
Provider: Set BCFIPS provider property [Alg.Alias.KeyGenerator.HMAC-SHA3-512/HMACSHA3-512]
Provider: Set BCFIPS provider property [Alg.Alias.KeyGenerator.HMAC/SHA3-512/HMACSHA3-512]
Provider: Set BCFIPS provider property [SecretKeyFactory.HMACSHA3-512 ImplementedIn/Software]
Provider: Set BCFIPS provider property [SecretKeyFactory.HMACSHA3-512/org.bouncycastle.jcajce.provider.ProvSHS$SHA3_512$SecretKeyFactory]
Provider: Set BCFIPS provider property [Alg.Alias.SecretKeyFactory.HMAC-SHA3-512/HMACSHA3-512]
Provider: Set BCFIPS provider property [Alg.Alias.SecretKeyFactory.HMAC/SHA3-512/HMACSHA3-512]
Provider: Set BCFIPS provider property [Mac.HMAC256SHA3-512 ImplementedIn/Software]
Provider: Set BCFIPS provider property [Mac.HMAC256SHA3-512/org.bouncycastle.jcajce.provider.ProvSHS$SHA3_512$HashMac256]
Provider: Set BCFIPS provider property [Alg.Alias.Mac.HMACSHA3-512/HMACSHA3-512]
Provider: Set BCFIPS provider property [Alg.Alias.KeyGenerator.HMACSHA3-512/HMACSHA3-512]
Provider: Set BCFIPS provider property [Alg.Alias.SecretKeyFactory.HMACSHA3-512/HMACSHA3-512]
Provider: Set BCFIPS provider property [Alg.Alias.Mac.2.16.840.1.101.3.4.2.16/HMACSHA3-512]
Provider: Set BCFIPS provider property [Alg.Alias.Mac.OID.2.16.840.1.101.3.4.2.16/HMACSHA3-512]
Provider: Set BCFIPS provider property [Alg.Alias.Mac.2.16.840.1.101.3.4.2.10/HMACSHA3-512]
Provider: Set BCFIPS provider property [Alg.Alias.Mac.OID.2.16.840.1.101.3.4.2.10/HMACSHA3-512]
Provider: Set BCFIPS provider property [Alg.Alias.KeyGenerator.2.16.840.1.101.3.4.2.16/HMACSHA3-512]
Provider: Set BCFIPS provider property [Alg.Alias.KeyGenerator.OID.2.16.840.1.101.3.4.2.16/HMACSHA3-512]
Provider: Set BCFIPS provider property [Alg.Alias.KeyGenerator.2.16.840.1.101.3.4.2.10/HMACSHA3-512]
Provider: Set BCFIPS provider property [Alg.Alias.KeyGenerator.OID.2.16.840.1.101.3.4.2.10/HMACSHA3-512]
Provider: Set BCFIPS provider property [Alg.Alias.SecretKeyFactory.2.16.840.1.101.3.4.2.16/HMACSHA3-512]
Provider: Set BCFIPS provider property [Alg.Alias.SecretKeyFactory.OID.2.16.840.1.101.3.4.2.16/HMACSHA3-512]
Provider: Set BCFIPS provider property [Alg.Alias.SecretKeyFactory.2.16.840.1.101.3.4.2.10/HMACSHA3-512]
Provider: Set BCFIPS provider property [Alg.Alias.SecretKeyFactory.OID.2.16.840.1.101.3.4.2.10/HMACSHA3-512]
Provider: Set BCFIPS provider property [MessageDigest.SHAKE128 ImplementedIn/Software]
Provider: Set BCFIPS provider property [MessageDigest.SHAKE128/org.bouncycastle.jcajce.provider.ProvSHS$SHAKE128$Digest]
Provider: Set BCFIPS provider property [Alg.Alias.MessageDigest.2.16.840.1.101.3.4.2.11/SHAKE128]
Provider: Set BCFIPS provider property [Alg.Alias.MessageDigest.OID.2.16.840.1.101.3.4.2.11/SHAKE128]
Provider: Set BCFIPS provider property [Alg.Alias.MessageDigest.SHAKE128-256/SHAKE128]
Provider: Set BCFIPS provider property [MessageDigest.SHAKE256 ImplementedIn/Software]
Provider: Set BCFIPS provider property [MessageDigest.SHAKE256/org.bouncycastle.jcajce.provider.ProvSHS$SHAKE256$Digest]
Provider: Set BCFIPS provider property [Alg.Alias.MessageDigest.2.16.840.1.101.3.4.2.12/SHAKE256]
Provider: Set BCFIPS provider property [Alg.Alias.MessageDigest.OID.2.16.840.1.101.3.4.2.12/SHAKE256]
Provider: Set BCFIPS provider property [Alg.Alias.MessageDigest.SHAKE256-512/SHAKE256]
Provider: Set BCFIPS provider property [KeyGenerator.KMACWITHSHAKE128 ImplementedIn/Software]
Provider: Set BCFIPS provider property [KeyGenerator.KMACWITHSHAKE128/org.bouncycastle.jcajce.provider.ProvKMAC$KeyGenerator128]
Provider: Set BCFIPS provider property [Alg.Alias.KeyGenerator.2.16.840.1.101.3.4.2.19/KMACWITHSHAKE128]
Provider: Set BCFIPS provider property [Alg.Alias.KeyGenerator.OID.2.16.840.1.101.3.4.2.19/KMACWITHSHAKE128]
Provider: Set BCFIPS provider property [Alg.Alias.KeyGenerator.KMAC128/KMACWITHSHAKE128]
Provider: Set BCFIPS provider property [Mac.KMACWITHSHAKE128 ImplementedIn/Software]
Provider: Set BCFIPS provider property [Mac.KMACWITHSHAKE128 SupportedKeyFormats/RAW]
Provider: Set BCFIPS provider property [Mac.KMACWITHSHAKE128 SupportedKeyClasses/javax.crypto.SecretKey]
Provider: Set BCFIPS provider property [Mac.KMACWITHSHAKE128/org.bouncycastle.jcajce.provider.ProvKMACKMACwithSHAKE128]
Provider: Set BCFIPS provider property [Alg.Alias.Mac.2.16.840.1.101.3.4.2.19/KMACWITHSHAKE128]
Provider: Set BCFIPS provider property [Alg.Alias.Mac.OID.2.16.840.1.101.3.4.2.19/KMACWITHSHAKE128]
Provider: Set BCFIPS provider property [Alg.Alias.Mac.KMAC128/KMACWITHSHAKE128]
Provider: Set BCFIPS provider property [KeyGenerator.KMACWITHSHAKE256 ImplementedIn/Software]
Provider: Set BCFIPS provider property [KeyGenerator.KMACWITHSHAKE256/org.bouncycastle.jcajce.provider.ProvKMAC$KeyGenerator256]
Provider: Set BCFIPS provider property [Alg.Alias.KeyGenerator.2.16.840.1.101.3.4.2.20/KMACWITHSHAKE256]
Provider: Set BCFIPS provider property [Alg.Alias.KeyGenerator.OID.2.16.840.1.101.3.4.2.20/KMACWITHSHAKE256]
Provider: Set BCFIPS provider property [Alg.Alias.KeyGenerator.KMAC256/KMACWITHSHAKE256]
Provider: Set BCFIPS provider property [Mac.KMACWITHSHAKE256 ImplementedIn/Software]
Provider: Set BCFIPS provider property [Mac.KMACWITHSHAKE256 SupportedKeyFormats/RAW]
Provider: Set BCFIPS provider property [Mac.KMACWITHSHAKE256 SupportedKeyClasses/javax.crypto.SecretKey]
Provider: Set BCFIPS provider property [Mac.KMACWITHSHAKE256/org.bouncycastle.jcajce.provider.ProvKMACKMACwithSHAKE256]
Provider: Set BCFIPS provider property [Alg.Alias.Mac.2.16.840.1.101.3.4.2.20/KMACWITHSHAKE256]
Provider: Set BCFIPS provider property [Alg.Alias.Mac.OID.2.16.840.1.101.3.4.2.20/KMACWITHSHAKE256]
Provider: Set BCFIPS provider property [Alg.Alias.Mac.KMAC256/KMACWITHSHAKE256]
Provider: MessageDigest.SHA-384 algorithm from: SUN
Provider: MessageDigest.SHA-384 algorithm from: SUN
Provider: Signature.SHA384withRSA verification algorithm from: SunRsaSign
Provider: MessageDigest.SHA-384 algorithm from: SUN
Provider: MessageDigest.SHA-256 algorithm from: SUN
Provider: MessageDigest.SHA-256 algorithm from: SUN
Provider: Signature.SHA256withDSA verification algorithm from: SUN
Provider: MessageDigest.SHA-256 algorithm from: SUN
Provider: Set BCFIPS provider property [SecretKeyFactory.SCRYPT ImplementedIn/Software]
Provider: Set BCFIPS provider property [SecretKeyFactory.SCRYPT/org.bouncycastle.jcajce.provider.ProvPBESCRYPT$ScryptWithUTF8]
Provider: Set BCFIPS provider property [Alg.Alias.SecretKeyFactory.SCRYPTWITHUTF8/SCRYPT]
Provider: Set BCFIPS provider property [Alg.Alias.SecretKeyFactory.1.3.6.1.4.1.11591.4.11/SCRYPT]
Provider: Set BCFIPS provider property [Alg.Alias.SecretKeyFactory.OID.1.3.6.1.4.1.11591.4.11/SCRYPT]
Provider: Set BCFIPS provider property [KeyPairGenerator.DH ImplementedIn/Software]
Provider: Set BCFIPS provider property [KeyPairGenerator.DH SupportedKeyFormats/PKCS#8|X.509]
Provider: Set BCFIPS provider property [KeyPairGenerator.DH SupportedKeyClasses/javax.crypto.interfaces.DHPublicKey|javax.crypto.interfaces.DHPrivateKey]
Provider: Set BCFIPS provider property [KeyPairGenerator.DH/org.bouncycastle.jcajce.provider.asymmetric.dh.KeyPairGeneratorSpi]
Provider: Set BCFIPS provider property [Alg.Alias.KeyPairGenerator.DIFFIEHELLMAN/DH]
Provider: Set BCFIPS provider property [Alg.Alias.KeyPairGenerator.MQV/DH]
Provider: Set BCFIPS provider property [Alg.Alias.KeyPairGenerator.DHU/DH]
Provider: Set BCFIPS provider property [KeyAgreement.DH ImplementedIn/Software]
Provider: Set BCFIPS provider property [KeyAgreement.DH SupportedKeyFormats/PKCS#8|X.509]
Provider: Set BCFIPS provider property [KeyAgreement.DH SupportedKeyClasses/javax.crypto.interfaces.DHPublicKey|javax.crypto.interfaces.DHPrivateKey]
Provider: Set BCFIPS provider property [KeyAgreement.DH/org.bouncycastle.jcajce.provider.asymmetric.dh.KeyAgreementSpi]
Provider: Set BCFIPS provider property [Alg.Alias.KeyAgreement.DIFFIEHELLMAN/DH]
Provider: Set BCFIPS provider property [KeyFactory.DH ImplementedIn/Software]
Provider: Set BCFIPS provider property [KeyFactory.DH/org.bouncycastle.jcajce.provider.asymmetric.dh.KeyFactorySpi]
Provider: Set BCFIPS provider property [Alg.Alias.KeyFactory.DIFFIEHELLMAN/DH]
Provider: Set BCFIPS provider property [Alg.Alias.KeyFactory.MQV/DH]
Provider: Set BCFIPS provider property [Alg.Alias.KeyFactory.1.2.840.10046.2.1/DH]
Provider: Set BCFIPS provider property [Alg.Alias.KeyFactory.OID.1.2.840.10046.2.1/DH]
Provider: Set BCFIPS provider property [Alg.Alias.KeyPairGenerator.1.2.840.10046.2.1/DH]
Provider: Set BCFIPS provider property [Alg.Alias.KeyPairGenerator.OID.1.2.840.10046.2.1/DH]
Provider: Set BCFIPS provider property [Alg.Alias.KeyFactory.1.2.840.113549.1.3.1/DH]
Provider: Set BCFIPS provider property [Alg.Alias.KeyFactory.OID.1.2.840.113549.1.3.1/DH]
Provider: Set BCFIPS provider property [Alg.Alias.KeyPairGenerator.1.2.840.113549.1.3.1/DH]
Provider: Set BCFIPS provider property [Alg.Alias.KeyPairGenerator.OID.1.2.840.113549.1.3.1/DH]
Provider: Set BCFIPS provider property [AlgorithmParameters.DH ImplementedIn/Software]
Provider: Set BCFIPS provider property [AlgorithmParameters.DH/org.bouncycastle.jcajce.provider.asymmetric.dh.AlgorithmParametersSpi]
Provider: Set BCFIPS provider property [Alg.Alias.AlgorithmParameters.DIFFIEHELLMAN/DH]
Provider: Set BCFIPS provider property [AlgorithmParameterGenerator.DH ImplementedIn/Software]
Provider: Set BCFIPS provider property [AlgorithmParameterGenerator.DH/org.bouncycastle.jcajce.provider.asymmetric.dh.AlgorithmParameterGeneratorSpi]
Provider: Set BCFIPS provider property [Alg.Alias.AlgorithmParameterGenerator.DIFFIEHELLMAN/DH]
Provider: Set BCFIPS provider property [AlgorithmParameters.MQV ImplementedIn/Software]
Provider: Set BCFIPS provider property [AlgorithmParameters.MQV/org.bouncycastle.jcajce.provider.asymmetric.dh.MQVAlgorithmParametersSpi]
Provider: Set BCFIPS provider property [AlgorithmParameterGenerator.MQV ImplementedIn/Software]
Provider: Set BCFIPS provider property [AlgorithmParameterGenerator.MQV/org.bouncycastle.jcajce.provider.asymmetric.dh.MQVAlgorithmParameterGeneratorSpi]
Provider: Set BCFIPS provider property [AlgorithmParameters.DHU ImplementedIn/Software]
Provider: Set BCFIPS provider property [AlgorithmParameters.DHU/org.bouncycastle.jcajce.provider.asymmetric.dh.DHUAlgorithmParametersSpi]
Provider: Set BCFIPS provider property [AlgorithmParameterGenerator.DHU ImplementedIn/Software]
Provider: Set BCFIPS provider property [AlgorithmParameterGenerator.DHU/org.bouncycastle.jcajce.provider.asymmetric.dh.DHUAlgorithmParameterGeneratorSpi]
Provider: Set BCFIPS provider property [KeyAgreement.DHWITHSHA1KDF ImplementedIn/Software]
Provider: Set BCFIPS provider property [KeyAgreement.DHWITHSHA1KDF/org.bouncycastle.jcajce.provider.asymmetric.dh.KeyAgreementSpi$DHSHA1KDF]
Provider: Set BCFIPS provider property [KeyAgreement.DHWITHSHA1KDF SupportedKeyFormats/PKCS#8|X.509]
Provider: Set BCFIPS provider property [KeyAgreement.DHWITHSHA1KDF SupportedKeyClasses/javax.crypto.interfaces.DHPublicKey|javax.crypto.interfaces.DHPrivateKey]
Provider: Set BCFIPS provider property [KeyAgreement.DHWITHSHA224KDF ImplementedIn/Software]
Provider: Set BCFIPS provider property [KeyAgreement.DHWITHSHA224KDF/org.bouncycastle.jcajce.provider.asymmetric.dh.KeyAgreementSpi$DHSHA224KDF]
Provider: Set BCFIPS provider property [KeyAgreement.DHWITHSHA224KDF SupportedKeyFormats/PKCS#8|X.509]
Provider: Set BCFIPS provider property [KeyAgreement.DHWITHSHA224KDF SupportedKeyClasses/javax.crypto.interfaces.DHPublicKey|javax.crypto.interfaces.DHPrivateKey]
Provider: Set BCFIPS provider property [KeyAgreement.DHWITHSHA256KDF ImplementedIn/Software]
Provider: Set BCFIPS provider property [KeyAgreement.DHWITHSHA256KDF/org.bouncycastle.jcajce.provider.asymmetric.dh.KeyAgreementSpi$DHSHA256KDF]
Provider: Set BCFIPS provider property [KeyAgreement.DHWITHSHA256KDF SupportedKeyFormats/PKCS#8|X.509]
Provider: Set BCFIPS provider property [KeyAgreement.DHWITHSHA256KDF SupportedKeyClasses/javax.crypto.interfaces.DHPublicKey|javax.crypto.interfaces.DHPrivateKey]
Provider: Set BCFIPS provider property [KeyAgreement.DHWITHSHA384KDF ImplementedIn/Software]
Provider: Set BCFIPS provider property [KeyAgreement.DHWITHSHA384KDF/org.bouncycastle.jcajce.provider.asymmetric.dh.KeyAgreementSpi$DHSHA384KDF]
Provider: Set BCFIPS provider property [KeyAgreement.DHWITHSHA384KDF SupportedKeyFormats/PKCS#8|X.509]
Provider: Set BCFIPS provider property [KeyAgreement.DHWITHSHA384KDF SupportedKeyClasses/javax.crypto.interfaces.DHPublicKey|javax.crypto.interfaces.DHPrivateKey]
Provider: Set BCFIPS provider property [KeyAgreement.DHWITHSHA512KDF ImplementedIn/Software]
Provider: Set BCFIPS provider property [KeyAgreement.DHWITHSHA512KDF/org.bouncycastle.jcajce.provider.asymmetric.dh.KeyAgreementSpi$DHSHA512KDF]
Provider: Set BCFIPS provider property [KeyAgreement.DHWITHSHA512KDF SupportedKeyFormats/PKCS#8|X.509]
Provider: Set BCFIPS provider property [KeyAgreement.DHWITHSHA512KDF SupportedKeyClasses/javax.crypto.interfaces.DHPublicKey|javax.crypto.interfaces.DHPrivateKey]
Provider: Set BCFIPS provider property [KeyAgreement.DHWITHSHA512(224)KDF ImplementedIn/Software]
Provider: Set BCFIPS provider property [KeyAgreement.DHWITHSHA512(224)KDF/org.bouncycastle.jcajce.provider.asymmetric.dh.KeyAgreementSpi$DHSHA512(224)KDF]
Provider: Set BCFIPS provider property [KeyAgreement.DHWITHSHA512(224)KDF SupportedKeyFormats/PKCS#8|X.509]
Provider: Set BCFIPS provider property [KeyAgreement.DHWITHSHA512(224)KDF SupportedKeyClasses/javax.crypto.interfaces.DHPublicKey|javax.crypto.interfaces.DHPrivateKey]
Provider: Set BCFIPS provider property [KeyAgreement.DHWITHSHA512(256)KDF ImplementedIn/Software]
Provider: Set BCFIPS provider property [KeyAgreement.DHWITHSHA512(256)KDF/org.bouncycastle.jcajce.provider.asymmetric.dh.KeyAgreementSpi$DHSHA512(256)KDF]
Provider: Set BCFIPS provider property [KeyAgreement.DHWITHSHA512(256)KDF SupportedKeyFormats/PKCS#8|X.509]
Provider: Set BCFIPS provider property [KeyAgreement.DHWITHSHA512(256)KDF SupportedKeyClasses/javax.crypto.interfaces.DHPublicKey|javax.crypto.interfaces.DHPrivateKey]
Provider: Set BCFIPS provider property [KeyAgreement.DHUWITHSHA1KDF ImplementedIn/Software]
Provider: Set BCFIPS provider property [KeyAgreement.DHUWITHSHA1KDF/org.bouncycastle.jcajce.provider.asymmetric.dh.KeyAgreementSpi$DHUSHA1KDF]
Provider: Set BCFIPS provider property [KeyAgreement.DHUWITHSHA1KDF SupportedKeyFormats/PKCS#8|X.509]
Provider: Set BCFIPS provider property [KeyAgreement.DHUWITHSHA1KDF SupportedKeyClasses/javax.crypto.interfaces.DHPublicKey|javax.crypto.interfaces.DHPrivateKey]
Provider: Set BCFIPS provider property [KeyAgreement.DHUWITHSHA224KDF ImplementedIn/Software]
Provider: Set BCFIPS provider property [KeyAgreement.DHUWITHSHA224KDF/org.bouncycastle.jcajce.provider.asymmetric.dh.KeyAgreementSpi$DHUSHA224KDF]
Provider: Set BCFIPS provider property [KeyAgreement.DHUWITHSHA224KDF SupportedKeyFormats/PKCS#8|X.509]
Provider: Set BCFIPS provider property [KeyAgreement.DHUWITHSHA224KDF SupportedKeyClasses/javax.crypto.interfaces.DHPublicKey|javax.crypto.interfaces.DHPrivateKey]
Provider: Set BCFIPS provider property [KeyAgreement.DHUWITHSHA256KDF ImplementedIn/Software]
Provider: Set BCFIPS provider property [KeyAgreement.DHUWITHSHA256KDF/org.bouncycastle.jcajce.provider.asymmetric.dh.KeyAgreementSpi$DHUSHA256KDF]
Provider: Set BCFIPS provider property [KeyAgreement.DHUWITHSHA256KDF SupportedKeyFormats/PKCS#8|X.509]
Provider: Set BCFIPS provider property [KeyAgreement.DHUWITHSHA256KDF SupportedKeyClasses/javax.crypto.interfaces.DHPublicKey|javax.crypto.interfaces.DHPrivateKey]
Provider: Set BCFIPS provider property [KeyAgreement.DHUWITHSHA384KDF ImplementedIn/Software]
Provider: Set BCFIPS provider property [KeyAgreement.DHUWITHSHA384KDF/org.bouncycastle.jcajce.provider.asymmetric.dh.KeyAgreementSpi$DHUSHA384KDF]
Provider: Set BCFIPS provider property [KeyAgreement.DHUWITHSHA384KDF SupportedKeyFormats/PKCS#8|X.509]
Provider: Set BCFIPS provider property [KeyAgreement.DHUWITHSHA384KDF SupportedKeyClasses/javax.crypto.interfaces.DHPublicKey|javax.crypto.interfaces.DHPrivateKey]
Provider: Set BCFIPS provider property [KeyAgreement.DHUWITHSHA512KDF ImplementedIn/Software]
Provider: Set BCFIPS provider property [KeyAgreement.DHUWITHSHA512KDF/org.bouncycastle.jcajce.provider.asymmetric.dh.KeyAgreementSpi$DHUSHA512KDF]
Provider: Set BCFIPS provider property [KeyAgreement.DHUWITHSHA512KDF SupportedKeyFormats/PKCS#8|X.509]
Provider: Set BCFIPS provider property [KeyAgreement.DHUWITHSHA512KDF SupportedKeyClasses/javax.crypto.interfaces.DHPublicKey|javax.crypto.interfaces.DHPrivateKey]
Provider: Set BCFIPS provider property [KeyAgreement.DHUWITHSHA512(224)KDF ImplementedIn/Software]
Provider: Set BCFIPS provider property [KeyAgreement.DHUWITHSHA512(224)KDF/org.bouncycastle.jcajce.provider.asymmetric.dh.KeyAgreementSpi$DHUSHA512(224)KDF]
Provider: Set BCFIPS provider property [KeyAgreement.DHUWITHSHA512(224)KDF SupportedKeyFormats/PKCS#8|X.509]
Provider: Set BCFIPS provider property [KeyAgreement.DHUWITHSHA512(224)KDF SupportedKeyClasses/javax.crypto.interfaces.DHPublicKey|javax.crypto.interfaces.DHPrivateKey]
Provider: Set BCFIPS provider property [KeyAgreement.DHUWITHSHA512(256)KDF ImplementedIn/Software]
Provider: Set BCFIPS provider property [KeyAgreement.DHUWITHSHA512(256)KDF/org.bouncycastle.jcajce.provider.asymmetric.dh.KeyAgreementSpi$DHUSHA512(256)KDF]
Provider: Set BCFIPS provider property [KeyAgreement.DHUWITHSHA512(256)KDF SupportedKeyFormats/PKCS#8|X.509]
Provider: Set BCFIPS provider property [KeyAgreement.DHUWITHSHA512(256)KDF SupportedKeyClasses/javax.crypto.interfaces.DHPublicKey|javax.crypto.interfaces.DHPrivateKey]
Provider: Set BCFIPS provider property [KeyAgreement.MQVWITHSHA1KDF ImplementedIn/Software]
Provider: Set BCFIPS provider property [KeyAgreement.MQVWITHSHA1KDF/org.bouncycastle.jcajce.provider.asymmetric.dh.KeyAgreementSpi$MQVSHA1KDF]
Provider: Set BCFIPS provider property [KeyAgreement.MQVWITHSHA1KDF SupportedKeyFormats/PKCS#8|X.509]
Provider: Set BCFIPS provider property [KeyAgreement.MQVWITHSHA1KDF SupportedKeyClasses/javax.crypto.interfaces.DHPublicKey|javax.crypto.interfaces.DHPrivateKey]
Provider: Set BCFIPS provider property [KeyAgreement.MQVWITHSHA224KDF ImplementedIn/Software]
Provider: Set BCFIPS provider property [KeyAgreement.MQVWITHSHA224KDF/org.bouncycastle.jcajce.provider.asymmetric.dh.KeyAgreementSpi$MQVSHA224KDF]
Provider: Set BCFIPS provider property [KeyAgreement.MQVWITHSHA224KDF SupportedKeyFormats/PKCS#8|X.509]
Provider: Set BCFIPS provider property [KeyAgreement.MQVWITHSHA224KDF SupportedKeyClasses/javax.crypto.interfaces.DHPublicKey|javax.crypto.interfaces.DHPrivateKey]
Provider: Set BCFIPS provider property [KeyAgreement.MQVWITHSHA256KDF ImplementedIn/Software]
Provider: Set BCFIPS provider property [KeyAgreement.MQVWITHSHA256KDF/org.bouncycastle.jcajce.provider.asymmetric.dh.KeyAgreementSpi$MQVSHA256KDF]
Provider: Set BCFIPS provider property [KeyAgreement.MQVWITHSHA256KDF SupportedKeyFormats/PKCS#8|X.509]
Provider: Set BCFIPS provider property [KeyAgreement.MQVWITHSHA256KDF SupportedKeyClasses/javax.crypto.interfaces.DHPublicKey|javax.crypto.interfaces.DHPrivateKey]
Provider: Set BCFIPS provider property [KeyAgreement.MQVWITHSHA384KDF ImplementedIn/Software]
Provider: Set BCFIPS provider property [KeyAgreement.MQVWITHSHA384KDF/org.bouncycastle.jcajce.provider.asymmetric.dh.KeyAgreementSpi$MQVSHA384KDF]
Provider: Set BCFIPS provider property [KeyAgreement.MQVWITHSHA384KDF SupportedKeyFormats/PKCS#8|X.509]
Provider: Set BCFIPS provider property [KeyAgreement.MQVWITHSHA384KDF SupportedKeyClasses/javax.crypto.interfaces.DHPublicKey|javax.crypto.interfaces.DHPrivateKey]
Provider: Set BCFIPS provider property [KeyAgreement.MQVWITHSHA512KDF ImplementedIn/Software]
Provider: Set BCFIPS provider property [KeyAgreement.MQVWITHSHA512KDF/org.bouncycastle.jcajce.provider.asymmetric.dh.KeyAgreementSpi$MQVSHA512KDF]
Provider: Set BCFIPS provider property [KeyAgreement.MQVWITHSHA512KDF SupportedKeyFormats/PKCS#8|X.509]
Provider: Set BCFIPS provider property [KeyAgreement.MQVWITHSHA512KDF SupportedKeyClasses/javax.crypto.interfaces.DHPublicKey|javax.crypto.interfaces.DHPrivateKey]
Provider: Set BCFIPS provider property [KeyAgreement.MQVWITHSHA512(224)KDF ImplementedIn/Software]
Provider: Set BCFIPS provider property [KeyAgreement.MQVWITHSHA512(224)KDF/org.bouncycastle.jcajce.provider.asymmetric.dh.KeyAgreementSpi$MQVSHA512(224)KDF]
Provider: Set BCFIPS provider property [KeyAgreement.MQVWITHSHA512(224)KDF SupportedKeyFormats/PKCS#8|X.509]
Provider: Set BCFIPS provider property [KeyAgreement.MQVWITHSHA512(224)KDF SupportedKeyClasses/javax.crypto.interfaces.DHPublicKey|javax.crypto.interfaces.DHPrivateKey]
Provider: Set BCFIPS provider property [KeyAgreement.MQVWITHSHA512(256)KDF ImplementedIn/Software]
Provider: Set BCFIPS provider property [KeyAgreement.MQVWITHSHA512(256)KDF/org.bouncycastle.jcajce.provider.asymmetric.dh.KeyAgreementSpi$MQVSHA512(256)KDF]
Provider: Set BCFIPS provider property [KeyAgreement.MQVWITHSHA512(256)KDF SupportedKeyFormats/PKCS#8|X.509]
Provider: Set BCFIPS provider property [KeyAgreement.MQVWITHSHA512(256)KDF SupportedKeyClasses/javax.crypto.interfaces.DHPublicKey|javax.crypto.interfaces.DHPrivateKey]
Provider: Set BCFIPS provider property [KeyAgreement.DHWITHSHA1CKDF ImplementedIn/Software]
Provider: Set BCFIPS provider property [KeyAgreement.DHWITHSHA1CKDF/org.bouncycastle.jcajce.provider.asymmetric.dh.KeyAgreementSpi$DHSHA1CKDF]
Provider: Set BCFIPS provider property [KeyAgreement.DHWITHSHA1CKDF SupportedKeyFormats/PKCS#8|X.509]
Provider: Set BCFIPS provider property [KeyAgreement.DHWITHSHA1CKDF SupportedKeyClasses/javax.crypto.interfaces.DHPublicKey|javax.crypto.interfaces.DHPrivateKey]
Provider: Set BCFIPS provider property [KeyAgreement.DHWITHSHA224CKDF ImplementedIn/Software]
Provider: Set BCFIPS provider property [KeyAgreement.DHWITHSHA224CKDF/org.bouncycastle.jcajce.provider.asymmetric.dh.KeyAgreementSpi$DHSHA224CKDF]
Provider: Set BCFIPS provider property [KeyAgreement.DHWITHSHA224CKDF SupportedKeyFormats/PKCS#8|X.509]
Provider: Set BCFIPS provider property [KeyAgreement.DHWITHSHA224CKDF SupportedKeyClasses/javax.crypto.interfaces.DHPublicKey|javax.crypto.interfaces.DHPrivateKey]
Provider: Set BCFIPS provider property [KeyAgreement.DHWITHSHA256CKDF ImplementedIn/Software]
Provider: Set BCFIPS provider property [KeyAgreement.DHWITHSHA256CKDF/org.bouncycastle.jcajce.provider.asymmetric.dh.KeyAgreementSpi$DHSHA256CKDF]
Provider: Set BCFIPS provider property [KeyAgreement.DHWITHSHA256CKDF SupportedKeyFormats/PKCS#8|X.509]
Provider: Set BCFIPS provider property [KeyAgreement.DHWITHSHA256CKDF SupportedKeyClasses/javax.crypto.interfaces.DHPublicKey|javax.crypto.interfaces.DHPrivateKey]
Provider: Set BCFIPS provider property [KeyAgreement.DHWITHSHA384CKDF ImplementedIn/Software]
Provider: Set BCFIPS provider property [KeyAgreement.DHWITHSHA384CKDF/org.bouncycastle.jcajce.provider.asymmetric.dh.KeyAgreementSpi$DHSHA384CKDF]
Provider: Set BCFIPS provider property [KeyAgreement.DHWITHSHA384CKDF SupportedKeyFormats/PKCS#8|X.509]
Provider: Set BCFIPS provider property [KeyAgreement.DHWITHSHA384CKDF SupportedKeyClasses/javax.crypto.interfaces.DHPublicKey|javax.crypto.interfaces.DHPrivateKey]
Provider: Set BCFIPS provider property [KeyAgreement.DHWITHSHA512CKDF ImplementedIn/Software]
Provider: Set BCFIPS provider property [KeyAgreement.DHWITHSHA512CKDF/org.bouncycastle.jcajce.provider.asymmetric.dh.KeyAgreementSpi$DHSHA512CKDF]
Provider: Set BCFIPS provider property [KeyAgreement.DHWITHSHA512CKDF SupportedKeyFormats/PKCS#8|X.509]
Provider: Set BCFIPS provider property [KeyAgreement.DHWITHSHA512CKDF SupportedKeyClasses/javax.crypto.interfaces.DHPublicKey|javax.crypto.interfaces.DHPrivateKey]
Provider: Set BCFIPS provider property [KeyAgreement.DHWITHSHA512(224)CKDF ImplementedIn/Software]
Provider: Set BCFIPS provider property [KeyAgreement.DHWITHSHA512(224)CKDF/org.bouncycastle.jcajce.provider.asymmetric.dh.KeyAgreementSpi$DHSHA512(224)CKDF]
Provider: Set BCFIPS provider property [KeyAgreement.DHWITHSHA512(224)CKDF SupportedKeyFormats/PKCS#8|X.509]
Provider: Set BCFIPS provider property [KeyAgreement.DHWITHSHA512(224)CKDF SupportedKeyClasses/javax.crypto.interfaces.DHPublicKey|javax.crypto.interfaces.DHPrivateKey]
Provider: Set BCFIPS provider property [KeyAgreement.DHWITHSHA512(256)CKDF ImplementedIn/Software]
Provider: Set BCFIPS provider property [KeyAgreement.DHWITHSHA512(256)CKDF/org.bouncycastle.jcajce.provider.asymmetric.dh.KeyAgreementSpi$DHSHA512(256)CKDF]
Provider: Set BCFIPS provider property [KeyAgreement.DHWITHSHA512(256)CKDF SupportedKeyFormats/PKCS#8|X.509]
Provider: Set BCFIPS provider property [KeyAgreement.DHWITHSHA512(256)CKDF SupportedKeyClasses/javax.crypto.interfaces.DHPublicKey|javax.crypto.interfaces.DHPrivateKey]
Provider: Set BCFIPS provider property [KeyAgreement.DHWITHSHA3-224CKDF ImplementedIn/Software]
Provider: Set BCFIPS provider property [KeyAgreement.DHWITHSHA3-224CKDF/org.bouncycastle.jcajce.provider.asymmetric.dh.KeyAgreementSpi$DHSHA3-224CKDF]
Provider: Set BCFIPS provider property [KeyAgreement.DHWITHSHA3-224CKDF SupportedKeyFormats/PKCS#8|X.509]
Provider: Set BCFIPS provider property [KeyAgreement.DHWITHSHA3-224CKDF SupportedKeyClasses/javax.crypto.interfaces.DHPublicKey|javax.crypto.interfaces.DHPrivateKey]
Provider: Set BCFIPS provider property [KeyAgreement.DHWITHSHA3-256CKDF ImplementedIn/Software]
Provider: Set BCFIPS provider property [KeyAgreement.DHWITHSHA3-256CKDF/org.bouncycastle.jcajce.provider.asymmetric.dh.KeyAgreementSpi$DHSHA3-256CKDF]
Provider: Set BCFIPS provider property [KeyAgreement.DHWITHSHA3-256CKDF SupportedKeyFormats/PKCS#8|X.509]
Provider: Set BCFIPS provider property [KeyAgreement.DHWITHSHA3-256CKDF SupportedKeyClasses/javax.crypto.interfaces.DHPublicKey|javax.crypto.interfaces.DHPrivateKey]
Provider: Set BCFIPS provider property [KeyAgreement.DHWITHSHA3-384CKDF ImplementedIn/Software]
Provider: Set BCFIPS provider property [KeyAgreement.DHWITHSHA3-384CKDF/org.bouncycastle.jcajce.provider.asymmetric.dh.KeyAgreementSpi$DHSHA3-384CKDF]
Provider: Set BCFIPS provider property [KeyAgreement.DHWITHSHA3-384CKDF SupportedKeyFormats/PKCS#8|X.509]
Provider: Set BCFIPS provider property [KeyAgreement.DHWITHSHA3-384CKDF SupportedKeyClasses/javax.crypto.interfaces.DHPublicKey|javax.crypto.interfaces.DHPrivateKey]
Provider: Set BCFIPS provider property [KeyAgreement.DHWITHSHA3-512CKDF ImplementedIn/Software]
Provider: Set BCFIPS provider property [KeyAgreement.DHWITHSHA3-512CKDF/org.bouncycastle.jcajce.provider.asymmetric.dh.KeyAgreementSpi$DHSHA3-512CKDF]
Provider: Set BCFIPS provider property [KeyAgreement.DHWITHSHA3-512CKDF SupportedKeyFormats/PKCS#8|X.509]
Provider: Set BCFIPS provider property [KeyAgreement.DHWITHSHA3-512CKDF SupportedKeyClasses/javax.crypto.interfaces.DHPublicKey|javax.crypto.interfaces.DHPrivateKey]
Provider: Set BCFIPS provider property [KeyAgreement.DHWITHHMACSHA224CKDF ImplementedIn/Software]
Provider: Set BCFIPS provider property [KeyAgreement.DHWITHHMACSHA224CKDF/org.bouncycastle.jcajce.provider.asymmetric.dh.KeyAgreementSpi$DHHMACSHA224CKDF]
Provider: Set BCFIPS provider property [KeyAgreement.DHWITHHMACSHA224CKDF SupportedKeyFormats/PKCS#8|X.509]
Provider: Set BCFIPS provider property [KeyAgreement.DHWITHHMACSHA224CKDF SupportedKeyClasses/javax.crypto.interfaces.DHPublicKey|javax.crypto.interfaces.DHPrivateKey]
Provider: Set BCFIPS provider property [KeyAgreement.DHWITHHMACSHA256CKDF ImplementedIn/Software]
Provider: Set BCFIPS provider property [KeyAgreement.DHWITHHMACSHA256CKDF/org.bouncycastle.jcajce.provider.asymmetric.dh.KeyAgreementSpi$DHHMACSHA256CKDF]
Provider: Set BCFIPS provider property [KeyAgreement.DHWITHHMACSHA256CKDF SupportedKeyFormats/PKCS#8|X.509]
Provider: Set BCFIPS provider property [KeyAgreement.DHWITHHMACSHA256CKDF SupportedKeyClasses/javax.crypto.interfaces.DHPublicKey|javax.crypto.interfaces.DHPrivateKey]
Provider: Set BCFIPS provider property [KeyAgreement.DHWITHHMACSHA384CKDF ImplementedIn/Software]
Provider: Set BCFIPS provider property [KeyAgreement.DHWITHHMACSHA384CKDF/org.bouncycastle.jcajce.provider.asymmetric.dh.KeyAgreementSpi$DHHMACSHA384CKDF]
Provider: Set BCFIPS provider property [KeyAgreement.DHWITHHMACSHA384CKDF SupportedKeyFormats/PKCS#8|X.509]
Provider: Set BCFIPS provider property [KeyAgreement.DHWITHHMACSHA384CKDF SupportedKeyClasses/javax.crypto.interfaces.DHPublicKey|javax.crypto.interfaces.DHPrivateKey]
Provider: Set BCFIPS provider property [KeyAgreement.DHWITHHMACSHA512CKDF ImplementedIn/Software]
Provider: Set BCFIPS provider property [KeyAgreement.DHWITHHMACSHA512CKDF/org.bouncycastle.jcajce.provider.asymmetric.dh.KeyAgreementSpi$DHHMACSHA512CKDF]
Provider: Set BCFIPS provider property [KeyAgreement.DHWITHHMACSHA512CKDF SupportedKeyFormats/PKCS#8|X.509]
Provider: Set BCFIPS provider property [KeyAgreement.DHWITHHMACSHA512CKDF SupportedKeyClasses/javax.crypto.interfaces.DHPublicKey|javax.crypto.interfaces.DHPrivateKey]
Provider: Set BCFIPS provider property [KeyAgreement.DHWITHHMACSHA512(224)CKDF ImplementedIn/Software]
Provider: Set BCFIPS provider property [KeyAgreement.DHWITHHMACSHA512(224)CKDF/org.bouncycastle.jcajce.provider.asymmetric.dh.KeyAgreementSpi$DHHMACSHA512(224)CKDF]
Provider: Set BCFIPS provider property [KeyAgreement.DHWITHHMACSHA512(224)CKDF SupportedKeyFormats/PKCS#8|X.509]
Provider: Set BCFIPS provider property [KeyAgreement.DHWITHHMACSHA512(224)CKDF SupportedKeyClasses/javax.crypto.interfaces.DHPublicKey|javax.crypto.interfaces.DHPrivateKey]
Provider: Set BCFIPS provider property [KeyAgreement.DHWITHHMACSHA512(256)CKDF ImplementedIn/Software]
Provider: Set BCFIPS provider property [KeyAgreement.DHWITHHMACSHA512(256)CKDF/org.bouncycastle.jcajce.provider.asymmetric.dh.KeyAgreementSpi$DHHMACSHA512(256)CKDF]
Provider: Set BCFIPS provider property [KeyAgreement.DHWITHHMACSHA512(256)CKDF SupportedKeyFormats/PKCS#8|X.509]
Provider: Set BCFIPS provider property [KeyAgreement.DHWITHHMACSHA512(256)CKDF SupportedKeyClasses/javax.crypto.interfaces.DHPublicKey|javax.crypto.interfaces.DHPrivateKey]
Provider: Set BCFIPS provider property [KeyAgreement.DHWITHHMACSHA3-224CKDF ImplementedIn/Software]
Provider: Set BCFIPS provider property [KeyAgreement.DHWITHHMACSHA3-224CKDF/org.bouncycastle.jcajce.provider.asymmetric.dh.KeyAgreementSpi$DHHMACSHA3-224CKDF]
Provider: Set BCFIPS provider property [KeyAgreement.DHWITHHMACSHA3-224CKDF SupportedKeyFormats/PKCS#8|X.509]
Provider: Set BCFIPS provider property [KeyAgreement.DHWITHHMACSHA3-224CKDF SupportedKeyClasses/javax.crypto.interfaces.DHPublicKey|javax.crypto.interfaces.DHPrivateKey]
Provider: Set BCFIPS provider property [KeyAgreement.DHWITHHMACSHA3-256CKDF ImplementedIn/Software]
Provider: Set BCFIPS provider property [KeyAgreement.DHWITHHMACSHA3-256CKDF/org.bouncycastle.jcajce.provider.asymmetric.dh.KeyAgreementSpi$DHHMACSHA3-256CKDF]
Provider: Set BCFIPS provider property [KeyAgreement.DHWITHHMACSHA3-256CKDF SupportedKeyFormats/PKCS#8|X.509]
Provider: Set BCFIPS provider property [KeyAgreement.DHWITHHMACSHA3-256CKDF SupportedKeyClasses/javax.crypto.interfaces.DHPublicKey|javax.crypto.interfaces.DHPrivateKey]
Provider: Set BCFIPS provider property [KeyAgreement.DHWITHHMACSHA3-384CKDF ImplementedIn/Software]
Provider: Set BCFIPS provider property [KeyAgreement.DHWITHHMACSHA3-384CKDF/org.bouncycastle.jcajce.provider.asymmetric.dh.KeyAgreementSpi$DHHMACSHA3-384CKDF]
Provider: Set BCFIPS provider property [KeyAgreement.DHWITHHMACSHA3-384CKDF SupportedKeyFormats/PKCS#8|X.509]
Provider: Set BCFIPS provider property [KeyAgreement.DHWITHHMACSHA3-384CKDF SupportedKeyClasses/javax.crypto.interfaces.DHPublicKey|javax.crypto.interfaces.DHPrivateKey]
Provider: Set BCFIPS provider property [KeyAgreement.DHWITHHMACSHA3-512CKDF ImplementedIn/Software]
Provider: Set BCFIPS provider property [KeyAgreement.DHWITHHMACSHA3-512CKDF/org.bouncycastle.jcajce.provider.asymmetric.dh.KeyAgreementSpi$DHHMACSHA3-512CKDF]
Provider: Set BCFIPS provider property [KeyAgreement.DHWITHHMACSHA3-512CKDF SupportedKeyFormats/PKCS#8|X.509]
Provider: Set BCFIPS provider property [KeyAgreement.DHWITHHMACSHA3-512CKDF SupportedKeyClasses/javax.crypto.interfaces.DHPublicKey|javax.crypto.interfaces.DHPrivateKey]
Provider: Set BCFIPS provider property [KeyAgreement.DHWITHKMAC-128CKDF ImplementedIn/Software]
Provider: Set BCFIPS provider property [KeyAgreement.DHWITHKMAC-128CKDF/org.bouncycastle.jcajce.provider.asymmetric.dh.KeyAgreementSpi$DHKMAC-128CKDF]
Provider: Set BCFIPS provider property [KeyAgreement.DHWITHKMAC-128CKDF SupportedKeyFormats/PKCS#8|X.509]
Provider: Set BCFIPS provider property [KeyAgreement.DHWITHKMAC-128CKDF SupportedKeyClasses/javax.crypto.interfaces.DHPublicKey|javax.crypto.interfaces.DHPrivateKey]
Provider: Set BCFIPS provider property [KeyAgreement.DHWITHKMAC-256CKDF ImplementedIn/Software]
Provider: Set BCFIPS provider property [KeyAgreement.DHWITHKMAC-256CKDF/org.bouncycastle.jcajce.provider.asymmetric.dh.KeyAgreementSpi$DHKMAC-256CKDF]
Provider: Set BCFIPS provider property [KeyAgreement.DHWITHKMAC-256CKDF SupportedKeyFormats/PKCS#8|X.509]
Provider: Set BCFIPS provider property [KeyAgreement.DHWITHKMAC-256CKDF SupportedKeyClasses/javax.crypto.interfaces.DHPublicKey|javax.crypto.interfaces.DHPrivateKey]
Provider: Set BCFIPS provider property [KeyAgreement.DHWITHCMACTSKDF ImplementedIn/Software]
Provider: Set BCFIPS provider property [KeyAgreement.DHWITHCMACTSKDF/org.bouncycastle.jcajce.provider.asymmetric.dh.KeyAgreementSpi$DHWITHCMACTSKDF]
Provider: Set BCFIPS provider property [KeyAgreement.DHWITHCMACTSKDF SupportedKeyFormats/PKCS#8|X.509]
Provider: Set BCFIPS provider property [KeyAgreement.DHWITHCMACTSKDF SupportedKeyClasses/javax.crypto.interfaces.DHPublicKey|javax.crypto.interfaces.DHPrivateKey]
Provider: Set BCFIPS provider property [KeyAgreement.DHWITHHMACSHA1TSKDF ImplementedIn/Software]
Provider: Set BCFIPS provider property [KeyAgreement.DHWITHHMACSHA1TSKDF/org.bouncycastle.jcajce.provider.asymmetric.dh.KeyAgreementSpi$DHWITHHMACSHA1TSKDF]
Provider: Set BCFIPS provider property [KeyAgreement.DHWITHHMACSHA1TSKDF SupportedKeyFormats/PKCS#8|X.509]
Provider: Set BCFIPS provider property [KeyAgreement.DHWITHHMACSHA1TSKDF SupportedKeyClasses/javax.crypto.interfaces.DHPublicKey|javax.crypto.interfaces.DHPrivateKey]
Provider: Set BCFIPS provider property [KeyAgreement.DHWITHHMACSHA224TSKDF ImplementedIn/Software]
Provider: Set BCFIPS provider property [KeyAgreement.DHWITHHMACSHA224TSKDF/org.bouncycastle.jcajce.provider.asymmetric.dh.KeyAgreementSpi$DHWITHHMACSHA224TSKDF]
Provider: Set BCFIPS provider property [KeyAgreement.DHWITHHMACSHA224TSKDF SupportedKeyFormats/PKCS#8|X.509]
Provider: Set BCFIPS provider property [KeyAgreement.DHWITHHMACSHA224TSKDF SupportedKeyClasses/javax.crypto.interfaces.DHPublicKey|javax.crypto.interfaces.DHPrivateKey]
Provider: Set BCFIPS provider property [KeyAgreement.DHWITHHMACSHA256TSKDF ImplementedIn/Software]
Provider: Set BCFIPS provider property [KeyAgreement.DHWITHHMACSHA256TSKDF/org.bouncycastle.jcajce.provider.asymmetric.dh.KeyAgreementSpi$DHWITHHMACSHA256TSKDF]
Provider: Set BCFIPS provider property [KeyAgreement.DHWITHHMACSHA256TSKDF SupportedKeyFormats/PKCS#8|X.509]
Provider: Set BCFIPS provider property [KeyAgreement.DHWITHHMACSHA256TSKDF SupportedKeyClasses/javax.crypto.interfaces.DHPublicKey|javax.crypto.interfaces.DHPrivateKey]
Provider: Set BCFIPS provider property [KeyAgreement.DHWITHHMACSHA384TSKDF ImplementedIn/Software]
Provider: Set BCFIPS provider property [KeyAgreement.DHWITHHMACSHA384TSKDF/org.bouncycastle.jcajce.provider.asymmetric.dh.KeyAgreementSpi$DHWITHHMACSHA384TSKDF]
Provider: Set BCFIPS provider property [KeyAgreement.DHWITHHMACSHA384TSKDF SupportedKeyFormats/PKCS#8|X.509]
Provider: Set BCFIPS provider property [KeyAgreement.DHWITHHMACSHA384TSKDF SupportedKeyClasses/javax.crypto.interfaces.DHPublicKey|javax.crypto.interfaces.DHPrivateKey]
Provider: Set BCFIPS provider property [KeyAgreement.DHWITHHMACSHA512TSKDF ImplementedIn/Software]
Provider: Set BCFIPS provider property [KeyAgreement.DHWITHHMACSHA512TSKDF/org.bouncycastle.jcajce.provider.asymmetric.dh.KeyAgreementSpi$DHWITHHMACSHA512TSKDF]
Provider: Set BCFIPS provider property [KeyAgreement.DHWITHHMACSHA512TSKDF SupportedKeyFormats/PKCS#8|X.509]
Provider: Set BCFIPS provider property [KeyAgreement.DHWITHHMACSHA512TSKDF SupportedKeyClasses/javax.crypto.interfaces.DHPublicKey|javax.crypto.interfaces.DHPrivateKey]
Provider: Set BCFIPS provider property [KeyAgreement.DHWITHHMACSHA512(224)TSKDF ImplementedIn/Software]
Provider: Set BCFIPS provider property [KeyAgreement.DHWITHHMACSHA512(224)TSKDF/org.bouncycastle.jcajce.provider.asymmetric.dh.KeyAgreementSpi$DHWITHHMACSHA512(224)TSKDF]
Provider: Set BCFIPS provider property [KeyAgreement.DHWITHHMACSHA512(224)TSKDF SupportedKeyFormats/PKCS#8|X.509]
Provider: Set BCFIPS provider property [KeyAgreement.DHWITHHMACSHA512(224)TSKDF SupportedKeyClasses/javax.crypto.interfaces.DHPublicKey|javax.crypto.interfaces.DHPrivateKey]
Provider: Set BCFIPS provider property [KeyAgreement.DHWITHHMACSHA512(256)TSKDF ImplementedIn/Software]
Provider: Set BCFIPS provider property [KeyAgreement.DHWITHHMACSHA512(256)TSKDF/org.bouncycastle.jcajce.provider.asymmetric.dh.KeyAgreementSpi$DHWITHHMACSHA512(256)TSKDF]
Provider: Set BCFIPS provider property [KeyAgreement.DHWITHHMACSHA512(256)TSKDF SupportedKeyFormats/PKCS#8|X.509]
Provider: Set BCFIPS provider property [KeyAgreement.DHWITHHMACSHA512(256)TSKDF SupportedKeyClasses/javax.crypto.interfaces.DHPublicKey|javax.crypto.interfaces.DHPrivateKey]
Provider: Set BCFIPS provider property [KeyAgreement.DHWITHHMACSHA3-224TSKDF ImplementedIn/Software]
Provider: Set BCFIPS provider property [KeyAgreement.DHWITHHMACSHA3-224TSKDF/org.bouncycastle.jcajce.provider.asymmetric.dh.KeyAgreementSpi$DHWITHHMACSHA3-224TSKDF]
Provider: Set BCFIPS provider property [KeyAgreement.DHWITHHMACSHA3-224TSKDF SupportedKeyFormats/PKCS#8|X.509]
Provider: Set BCFIPS provider property [KeyAgreement.DHWITHHMACSHA3-224TSKDF SupportedKeyClasses/javax.crypto.interfaces.DHPublicKey|javax.crypto.interfaces.DHPrivateKey]
Provider: Set BCFIPS provider property [KeyAgreement.DHWITHHMACSHA3-256TSKDF ImplementedIn/Software]
Provider: Set BCFIPS provider property [KeyAgreement.DHWITHHMACSHA3-256TSKDF/org.bouncycastle.jcajce.provider.asymmetric.dh.KeyAgreementSpi$DHWITHHMACSHA3-256TSKDF]
Provider: Set BCFIPS provider property [KeyAgreement.DHWITHHMACSHA3-256TSKDF SupportedKeyFormats/PKCS#8|X.509]
Provider: Set BCFIPS provider property [KeyAgreement.DHWITHHMACSHA3-256TSKDF SupportedKeyClasses/javax.crypto.interfaces.DHPublicKey|javax.crypto.interfaces.DHPrivateKey]
Provider: Set BCFIPS provider property [KeyAgreement.DHWITHHMACSHA3-384TSKDF ImplementedIn/Software]
Provider: Set BCFIPS provider property [KeyAgreement.DHWITHHMACSHA3-384TSKDF/org.bouncycastle.jcajce.provider.asymmetric.dh.KeyAgreementSpi$DHWITHHMACSHA3-384TSKDF]
Provider: Set BCFIPS provider property [KeyAgreement.DHWITHHMACSHA3-384TSKDF SupportedKeyFormats/PKCS#8|X.509]
Provider: Set BCFIPS provider property [KeyAgreement.DHWITHHMACSHA3-384TSKDF SupportedKeyClasses/javax.crypto.interfaces.DHPublicKey|javax.crypto.interfaces.DHPrivateKey]
Provider: Set BCFIPS provider property [KeyAgreement.DHWITHHMACSHA3-512TSKDF ImplementedIn/Software]
Provider: Set BCFIPS provider property [KeyAgreement.DHWITHHMACSHA3-512TSKDF/org.bouncycastle.jcajce.provider.asymmetric.dh.KeyAgreementSpi$DHWITHHMACSHA3-512TSKDF]
Provider: Set BCFIPS provider property [KeyAgreement.DHWITHHMACSHA3-512TSKDF SupportedKeyFormats/PKCS#8|X.509]
Provider: Set BCFIPS provider property [KeyAgreement.DHWITHHMACSHA3-512TSKDF SupportedKeyClasses/javax.crypto.interfaces.DHPublicKey|javax.crypto.interfaces.DHPrivateKey]
Provider: Set BCFIPS provider property [KeyAgreement.DHUWITHSHA1CKDF ImplementedIn/Software]
Provider: Set BCFIPS provider property [KeyAgreement.DHUWITHSHA1CKDF/org.bouncycastle.jcajce.provider.asymmetric.dh.KeyAgreementSpi$DHUSHA1CKDF]
Provider: Set BCFIPS provider property [KeyAgreement.DHUWITHSHA1CKDF SupportedKeyFormats/PKCS#8|X.509]
Provider: Set BCFIPS provider property [KeyAgreement.DHUWITHSHA1CKDF SupportedKeyClasses/javax.crypto.interfaces.DHPublicKey|javax.crypto.interfaces.DHPrivateKey]
Provider: Set BCFIPS provider property [KeyAgreement.DHUWITHSHA224CKDF ImplementedIn/Software]
Provider: Set BCFIPS provider property [KeyAgreement.DHUWITHSHA224CKDF/org.bouncycastle.jcajce.provider.asymmetric.dh.KeyAgreementSpi$DHUSHA224CKDF]
Provider: Set BCFIPS provider property [KeyAgreement.DHUWITHSHA224CKDF SupportedKeyFormats/PKCS#8|X.509]
Provider: Set BCFIPS provider property [KeyAgreement.DHUWITHSHA224CKDF SupportedKeyClasses/javax.crypto.interfaces.DHPublicKey|javax.crypto.interfaces.DHPrivateKey]
Provider: Set BCFIPS provider property [KeyAgreement.DHUWITHSHA256CKDF ImplementedIn/Software]
Provider: Set BCFIPS provider property [KeyAgreement.DHUWITHSHA256CKDF/org.bouncycastle.jcajce.provider.asymmetric.dh.KeyAgreementSpi$DHUSHA256CKDF]
Provider: Set BCFIPS provider property [KeyAgreement.DHUWITHSHA256CKDF SupportedKeyFormats/PKCS#8|X.509]
Provider: Set BCFIPS provider property [KeyAgreement.DHUWITHSHA256CKDF SupportedKeyClasses/javax.crypto.interfaces.DHPublicKey|javax.crypto.interfaces.DHPrivateKey]
Provider: Set BCFIPS provider property [KeyAgreement.DHUWITHSHA384CKDF ImplementedIn/Software]
Provider: Set BCFIPS provider property [KeyAgreement.DHUWITHSHA384CKDF/org.bouncycastle.jcajce.provider.asymmetric.dh.KeyAgreementSpi$DHUSHA384CKDF]
Provider: Set BCFIPS provider property [KeyAgreement.DHUWITHSHA384CKDF SupportedKeyFormats/PKCS#8|X.509]
Provider: Set BCFIPS provider property [KeyAgreement.DHUWITHSHA384CKDF SupportedKeyClasses/javax.crypto.interfaces.DHPublicKey|javax.crypto.interfaces.DHPrivateKey]
Provider: Set BCFIPS provider property [KeyAgreement.DHUWITHSHA512CKDF ImplementedIn/Software]
Provider: Set BCFIPS provider property [KeyAgreement.DHUWITHSHA512CKDF/org.bouncycastle.jcajce.provider.asymmetric.dh.KeyAgreementSpi$DHUSHA512CKDF]
Provider: Set BCFIPS provider property [KeyAgreement.DHUWITHSHA512CKDF SupportedKeyFormats/PKCS#8|X.509]
Provider: Set BCFIPS provider property [KeyAgreement.DHUWITHSHA512CKDF SupportedKeyClasses/javax.crypto.interfaces.DHPublicKey|javax.crypto.interfaces.DHPrivateKey]
Provider: Set BCFIPS provider property [KeyAgreement.DHUWITHSHA512(224)CKDF ImplementedIn/Software]
Provider: Set BCFIPS provider property [KeyAgreement.DHUWITHSHA512(224)CKDF/org.bouncycastle.jcajce.provider.asymmetric.dh.KeyAgreementSpi$DHUSHA512(224)CKDF]
Provider: Set BCFIPS provider property [KeyAgreement.DHUWITHSHA512(224)CKDF SupportedKeyFormats/PKCS#8|X.509]
Provider: Set BCFIPS provider property [KeyAgreement.DHUWITHSHA512(224)CKDF SupportedKeyClasses/javax.crypto.interfaces.DHPublicKey|javax.crypto.interfaces.DHPrivateKey]
Provider: Set BCFIPS provider property [KeyAgreement.DHUWITHSHA512(256)CKDF ImplementedIn/Software]
Provider: Set BCFIPS provider property [KeyAgreement.DHUWITHSHA512(256)CKDF/org.bouncycastle.jcajce.provider.asymmetric.dh.KeyAgreementSpi$DHUSHA512(256)CKDF]
Provider: Set BCFIPS provider property [KeyAgreement.DHUWITHSHA512(256)CKDF SupportedKeyFormats/PKCS#8|X.509]
Provider: Set BCFIPS provider property [KeyAgreement.DHUWITHSHA512(256)CKDF SupportedKeyClasses/javax.crypto.interfaces.DHPublicKey|javax.crypto.interfaces.DHPrivateKey]
Provider: Set BCFIPS provider property [KeyAgreement.DHUWITHSHA3-224CKDF ImplementedIn/Software]
Provider: Set BCFIPS provider property [KeyAgreement.DHUWITHSHA3-224CKDF/org.bouncycastle.jcajce.provider.asymmetric.dh.KeyAgreementSpi$DHUSHA3-224CKDF]
Provider: Set BCFIPS provider property [KeyAgreement.DHUWITHSHA3-224CKDF SupportedKeyFormats/PKCS#8|X.509]
Provider: Set BCFIPS provider property [KeyAgreement.DHUWITHSHA3-224CKDF SupportedKeyClasses/javax.crypto.interfaces.DHPublicKey|javax.crypto.interfaces.DHPrivateKey]
Provider: Set BCFIPS provider property [KeyAgreement.DHUWITHSHA3-256CKDF ImplementedIn/Software]
Provider: Set BCFIPS provider property [KeyAgreement.DHUWITHSHA3-256CKDF/org.bouncycastle.jcajce.provider.asymmetric.dh.KeyAgreementSpi$DHUSHA3-256CKDF]
Provider: Set BCFIPS provider property [KeyAgreement.DHUWITHSHA3-256CKDF SupportedKeyFormats/PKCS#8|X.509]
Provider: Set BCFIPS provider property [KeyAgreement.DHUWITHSHA3-256CKDF SupportedKeyClasses/javax.crypto.interfaces.DHPublicKey|javax.crypto.interfaces.DHPrivateKey]
Provider: Set BCFIPS provider property [KeyAgreement.DHUWITHSHA3-384CKDF ImplementedIn/Software]
Provider: Set BCFIPS provider property [KeyAgreement.DHUWITHSHA3-384CKDF/org.bouncycastle.jcajce.provider.asymmetric.dh.KeyAgreementSpi$DHUSHA3-384CKDF]
Provider: Set BCFIPS provider property [KeyAgreement.DHUWITHSHA3-384CKDF SupportedKeyFormats/PKCS#8|X.509]
Provider: Set BCFIPS provider property [KeyAgreement.DHUWITHSHA3-384CKDF SupportedKeyClasses/javax.crypto.interfaces.DHPublicKey|javax.crypto.interfaces.DHPrivateKey]
Provider: Set BCFIPS provider property [KeyAgreement.DHUWITHSHA3-512CKDF ImplementedIn/Software]
Provider: Set BCFIPS provider property [KeyAgreement.DHUWITHSHA3-512CKDF/org.bouncycastle.jcajce.provider.asymmetric.dh.KeyAgreementSpi$DHUSHA3-512CKDF]
Provider: Set BCFIPS provider property [KeyAgreement.DHUWITHSHA3-512CKDF SupportedKeyFormats/PKCS#8|X.509]
Provider: Set BCFIPS provider property [KeyAgreement.DHUWITHSHA3-512CKDF SupportedKeyClasses/javax.crypto.interfaces.DHPublicKey|javax.crypto.interfaces.DHPrivateKey]
Provider: Set BCFIPS provider property [KeyAgreement.DHUWITHHMACSHA224CKDF ImplementedIn/Software]
Provider: Set BCFIPS provider property [KeyAgreement.DHUWITHHMACSHA224CKDF/org.bouncycastle.jcajce.provider.asymmetric.dh.KeyAgreementSpi$DHUHMACSHA224CKDF]
Provider: Set BCFIPS provider property [KeyAgreement.DHUWITHHMACSHA224CKDF SupportedKeyFormats/PKCS#8|X.509]
Provider: Set BCFIPS provider property [KeyAgreement.DHUWITHHMACSHA224CKDF SupportedKeyClasses/javax.crypto.interfaces.DHPublicKey|javax.crypto.interfaces.DHPrivateKey]
Provider: Set BCFIPS provider property [KeyAgreement.DHUWITHHMACSHA256CKDF ImplementedIn/Software]
Provider: Set BCFIPS provider property [KeyAgreement.DHUWITHHMACSHA256CKDF/org.bouncycastle.jcajce.provider.asymmetric.dh.KeyAgreementSpi$DHUHMACSHA256CKDF]
Provider: Set BCFIPS provider property [KeyAgreement.DHUWITHHMACSHA256CKDF SupportedKeyFormats/PKCS#8|X.509]
Provider: Set BCFIPS provider property [KeyAgreement.DHUWITHHMACSHA256CKDF SupportedKeyClasses/javax.crypto.interfaces.DHPublicKey|javax.crypto.interfaces.DHPrivateKey]
Provider: Set BCFIPS provider property [KeyAgreement.DHUWITHHMACSHA384CKDF ImplementedIn/Software]
Provider: Set BCFIPS provider property [KeyAgreement.DHUWITHHMACSHA384CKDF/org.bouncycastle.jcajce.provider.asymmetric.dh.KeyAgreementSpi$DHUHMACSHA384CKDF]
Provider: Set BCFIPS provider property [KeyAgreement.DHUWITHHMACSHA384CKDF SupportedKeyFormats/PKCS#8|X.509]
Provider: Set BCFIPS provider property [KeyAgreement.DHUWITHHMACSHA384CKDF SupportedKeyClasses/javax.crypto.interfaces.DHPublicKey|javax.crypto.interfaces.DHPrivateKey]
Provider: Set BCFIPS provider property [KeyAgreement.DHUWITHHMACSHA512CKDF ImplementedIn/Software]
Provider: Set BCFIPS provider property [KeyAgreement.DHUWITHHMACSHA512CKDF/org.bouncycastle.jcajce.provider.asymmetric.dh.KeyAgreementSpi$DHUHMACSHA512CKDF]
Provider: Set BCFIPS provider property [KeyAgreement.DHUWITHHMACSHA512CKDF SupportedKeyFormats/PKCS#8|X.509]
Provider: Set BCFIPS provider property [KeyAgreement.DHUWITHHMACSHA512CKDF SupportedKeyClasses/javax.crypto.interfaces.DHPublicKey|javax.crypto.interfaces.DHPrivateKey]
Provider: Set BCFIPS provider property [KeyAgreement.DHUWITHHMACSHA512(224)CKDF ImplementedIn/Software]
Provider: Set BCFIPS provider property [KeyAgreement.DHUWITHHMACSHA512(224)CKDF/org.bouncycastle.jcajce.provider.asymmetric.dh.KeyAgreementSpi$DHUHMACSHA512(224)CKDF]
Provider: Set BCFIPS provider property [KeyAgreement.DHUWITHHMACSHA512(224)CKDF SupportedKeyFormats/PKCS#8|X.509]
Provider: Set BCFIPS provider property [KeyAgreement.DHUWITHHMACSHA512(224)CKDF SupportedKeyClasses/javax.crypto.interfaces.DHPublicKey|javax.crypto.interfaces.DHPrivateKey]
Provider: Set BCFIPS provider property [KeyAgreement.DHUWITHHMACSHA512(256)CKDF ImplementedIn/Software]
Provider: Set BCFIPS provider property [KeyAgreement.DHUWITHHMACSHA512(256)CKDF/org.bouncycastle.jcajce.provider.asymmetric.dh.KeyAgreementSpi$DHUHMACSHA512(256)CKDF]
Provider: Set BCFIPS provider property [KeyAgreement.DHUWITHHMACSHA512(256)CKDF SupportedKeyFormats/PKCS#8|X.509]
Provider: Set BCFIPS provider property [KeyAgreement.DHUWITHHMACSHA512(256)CKDF SupportedKeyClasses/javax.crypto.interfaces.DHPublicKey|javax.crypto.interfaces.DHPrivateKey]
Provider: Set BCFIPS provider property [KeyAgreement.DHUWITHHMACSHA3-224CKDF ImplementedIn/Software]
Provider: Set BCFIPS provider property [KeyAgreement.DHUWITHHMACSHA3-224CKDF/org.bouncycastle.jcajce.provider.asymmetric.dh.KeyAgreementSpi$DHUHMACSHA3-224CKDF]
Provider: Set BCFIPS provider property [KeyAgreement.DHUWITHHMACSHA3-224CKDF SupportedKeyFormats/PKCS#8|X.509]
Provider: Set BCFIPS provider property [KeyAgreement.DHUWITHHMACSHA3-224CKDF SupportedKeyClasses/javax.crypto.interfaces.DHPublicKey|javax.crypto.interfaces.DHPrivateKey]
Provider: Set BCFIPS provider property [KeyAgreement.DHUWITHHMACSHA3-256CKDF ImplementedIn/Software]
Provider: Set BCFIPS provider property [KeyAgreement.DHUWITHHMACSHA3-256CKDF/org.bouncycastle.jcajce.provider.asymmetric.dh.KeyAgreementSpi$DHUHMACSHA3-256CKDF]
Provider: Set BCFIPS provider property [KeyAgreement.DHUWITHHMACSHA3-256CKDF SupportedKeyFormats/PKCS#8|X.509]
Provider: Set BCFIPS provider property [KeyAgreement.DHUWITHHMACSHA3-256CKDF SupportedKeyClasses/javax.crypto.interfaces.DHPublicKey|javax.crypto.interfaces.DHPrivateKey]
Provider: Set BCFIPS provider property [KeyAgreement.DHUWITHHMACSHA3-384CKDF ImplementedIn/Software]
Provider: Set BCFIPS provider property [KeyAgreement.DHUWITHHMACSHA3-384CKDF/org.bouncycastle.jcajce.provider.asymmetric.dh.KeyAgreementSpi$DHUHMACSHA3-384CKDF]
Provider: Set BCFIPS provider property [KeyAgreement.DHUWITHHMACSHA3-384CKDF SupportedKeyFormats/PKCS#8|X.509]
Provider: Set BCFIPS provider property [KeyAgreement.DHUWITHHMACSHA3-384CKDF SupportedKeyClasses/javax.crypto.interfaces.DHPublicKey|javax.crypto.interfaces.DHPrivateKey]
Provider: Set BCFIPS provider property [KeyAgreement.DHUWITHHMACSHA3-512CKDF ImplementedIn/Software]
Provider: Set BCFIPS provider property [KeyAgreement.DHUWITHHMACSHA3-512CKDF/org.bouncycastle.jcajce.provider.asymmetric.dh.KeyAgreementSpi$DHUHMACSHA3-512CKDF]
Provider: Set BCFIPS provider property [KeyAgreement.DHUWITHHMACSHA3-512CKDF SupportedKeyFormats/PKCS#8|X.509]
Provider: Set BCFIPS provider property [KeyAgreement.DHUWITHHMACSHA3-512CKDF SupportedKeyClasses/javax.crypto.interfaces.DHPublicKey|javax.crypto.interfaces.DHPrivateKey]
Provider: Set BCFIPS provider property [KeyAgreement.DHUWITHKMAC-128CKDF ImplementedIn/Software]
Provider: Set BCFIPS provider property [KeyAgreement.DHUWITHKMAC-128CKDF/org.bouncycastle.jcajce.provider.asymmetric.dh.KeyAgreementSpi$DHUKMAC-128CKDF]
Provider: Set BCFIPS provider property [KeyAgreement.DHUWITHKMAC-128CKDF SupportedKeyFormats/PKCS#8|X.509]
Provider: Set BCFIPS provider property [KeyAgreement.DHUWITHKMAC-128CKDF SupportedKeyClasses/javax.crypto.interfaces.DHPublicKey|javax.crypto.interfaces.DHPrivateKey]
Provider: Set BCFIPS provider property [KeyAgreement.DHUWITHKMAC-256CKDF ImplementedIn/Software]
Provider: Set BCFIPS provider property [KeyAgreement.DHUWITHKMAC-256CKDF/org.bouncycastle.jcajce.provider.asymmetric.dh.KeyAgreementSpi$DHUKMAC-256CKDF]
Provider: Set BCFIPS provider property [KeyAgreement.DHUWITHKMAC-256CKDF SupportedKeyFormats/PKCS#8|X.509]
Provider: Set BCFIPS provider property [KeyAgreement.DHUWITHKMAC-256CKDF SupportedKeyClasses/javax.crypto.interfaces.DHPublicKey|javax.crypto.interfaces.DHPrivateKey]
Provider: Set BCFIPS provider property [KeyAgreement.DHUWITHCMACTSKDF ImplementedIn/Software]
Provider: Set BCFIPS provider property [KeyAgreement.DHUWITHCMACTSKDF/org.bouncycastle.jcajce.provider.asymmetric.dh.KeyAgreementSpi$DHUWITHCMACTSKDF]
Provider: Set BCFIPS provider property [KeyAgreement.DHUWITHCMACTSKDF SupportedKeyFormats/PKCS#8|X.509]
Provider: Set BCFIPS provider property [KeyAgreement.DHUWITHCMACTSKDF SupportedKeyClasses/javax.crypto.interfaces.DHPublicKey|javax.crypto.interfaces.DHPrivateKey]
Provider: Set BCFIPS provider property [KeyAgreement.DHUWITHHMACSHA1TSKDF ImplementedIn/Software]
Provider: Set BCFIPS provider property [KeyAgreement.DHUWITHHMACSHA1TSKDF/org.bouncycastle.jcajce.provider.asymmetric.dh.KeyAgreementSpi$DHUWITHHMACSHA1TSKDF]
Provider: Set BCFIPS provider property [KeyAgreement.DHUWITHHMACSHA1TSKDF SupportedKeyFormats/PKCS#8|X.509]
Provider: Set BCFIPS provider property [KeyAgreement.DHUWITHHMACSHA1TSKDF SupportedKeyClasses/javax.crypto.interfaces.DHPublicKey|javax.crypto.interfaces.DHPrivateKey]
Provider: Set BCFIPS provider property [KeyAgreement.DHUWITHHMACSHA224TSKDF ImplementedIn/Software]
Provider: Set BCFIPS provider property [KeyAgreement.DHUWITHHMACSHA224TSKDF/org.bouncycastle.jcajce.provider.asymmetric.dh.KeyAgreementSpi$DHUWITHHMACSHA224TSKDF]
Provider: Set BCFIPS provider property [KeyAgreement.DHUWITHHMACSHA224TSKDF SupportedKeyFormats/PKCS#8|X.509]
Provider: Set BCFIPS provider property [KeyAgreement.DHUWITHHMACSHA224TSKDF SupportedKeyClasses/javax.crypto.interfaces.DHPublicKey|javax.crypto.interfaces.DHPrivateKey]
Provider: Set BCFIPS provider property [KeyAgreement.DHUWITHHMACSHA256TSKDF ImplementedIn/Software]
Provider: Set BCFIPS provider property [KeyAgreement.DHUWITHHMACSHA256TSKDF/org.bouncycastle.jcajce.provider.asymmetric.dh.KeyAgreementSpi$DHUWITHHMACSHA256TSKDF]
Provider: Set BCFIPS provider property [KeyAgreement.DHUWITHHMACSHA256TSKDF SupportedKeyFormats/PKCS#8|X.509]
Provider: Set BCFIPS provider property [KeyAgreement.DHUWITHHMACSHA256TSKDF SupportedKeyClasses/javax.crypto.interfaces.DHPublicKey|javax.crypto.interfaces.DHPrivateKey]
Provider: Set BCFIPS provider property [KeyAgreement.DHUWITHHMACSHA384TSKDF ImplementedIn/Software]
Provider: Set BCFIPS provider property [KeyAgreement.DHUWITHHMACSHA384TSKDF/org.bouncycastle.jcajce.provider.asymmetric.dh.KeyAgreementSpi$DHUWITHHMACSHA384TSKDF]
Provider: Set BCFIPS provider property [KeyAgreement.DHUWITHHMACSHA384TSKDF SupportedKeyFormats/PKCS#8|X.509]
Provider: Set BCFIPS provider property [KeyAgreement.DHUWITHHMACSHA384TSKDF SupportedKeyClasses/javax.crypto.interfaces.DHPublicKey|javax.crypto.interfaces.DHPrivateKey]
Provider: Set BCFIPS provider property [KeyAgreement.DHUWITHHMACSHA512TSKDF ImplementedIn/Software]
Provider: Set BCFIPS provider property [KeyAgreement.DHUWITHHMACSHA512TSKDF/org.bouncycastle.jcajce.provider.asymmetric.dh.KeyAgreementSpi$DHUWITHHMACSHA512TSKDF]
Provider: Set BCFIPS provider property [KeyAgreement.DHUWITHHMACSHA512TSKDF SupportedKeyFormats/PKCS#8|X.509]
Provider: Set BCFIPS provider property [KeyAgreement.DHUWITHHMACSHA512TSKDF SupportedKeyClasses/javax.crypto.interfaces.DHPublicKey|javax.crypto.interfaces.DHPrivateKey]
Provider: Set BCFIPS provider property [KeyAgreement.DHUWITHHMACSHA512(224)TSKDF ImplementedIn/Software]
Provider: Set BCFIPS provider property [KeyAgreement.DHUWITHHMACSHA512(224)TSKDF/org.bouncycastle.jcajce.provider.asymmetric.dh.KeyAgreementSpi$DHUWITHHMACSHA512(224)TSKDF]
Provider: Set BCFIPS provider property [KeyAgreement.DHUWITHHMACSHA512(224)TSKDF SupportedKeyFormats/PKCS#8|X.509]
Provider: Set BCFIPS provider property [KeyAgreement.DHUWITHHMACSHA512(224)TSKDF SupportedKeyClasses/javax.crypto.interfaces.DHPublicKey|javax.crypto.interfaces.DHPrivateKey]
Provider: Set BCFIPS provider property [KeyAgreement.DHUWITHHMACSHA512(256)TSKDF ImplementedIn/Software]
Provider: Set BCFIPS provider property [KeyAgreement.DHUWITHHMACSHA512(256)TSKDF/org.bouncycastle.jcajce.provider.asymmetric.dh.KeyAgreementSpi$DHUWITHHMACSHA512(256)TSKDF]
Provider: Set BCFIPS provider property [KeyAgreement.DHUWITHHMACSHA512(256)TSKDF SupportedKeyFormats/PKCS#8|X.509]
Provider: Set BCFIPS provider property [KeyAgreement.DHUWITHHMACSHA512(256)TSKDF SupportedKeyClasses/javax.crypto.interfaces.DHPublicKey|javax.crypto.interfaces.DHPrivateKey]
Provider: Set BCFIPS provider property [KeyAgreement.DHUWITHHMACSHA3-224TSKDF ImplementedIn/Software]
Provider: Set BCFIPS provider property [KeyAgreement.DHUWITHHMACSHA3-224TSKDF/org.bouncycastle.jcajce.provider.asymmetric.dh.KeyAgreementSpi$DHUWITHHMACSHA3-224TSKDF]
Provider: Set BCFIPS provider property [KeyAgreement.DHUWITHHMACSHA3-224TSKDF SupportedKeyFormats/PKCS#8|X.509]
Provider: Set BCFIPS provider property [KeyAgreement.DHUWITHHMACSHA3-224TSKDF SupportedKeyClasses/javax.crypto.interfaces.DHPublicKey|javax.crypto.interfaces.DHPrivateKey]
Provider: Set BCFIPS provider property [KeyAgreement.DHUWITHHMACSHA3-256TSKDF ImplementedIn/Software]
Provider: Set BCFIPS provider property [KeyAgreement.DHUWITHHMACSHA3-256TSKDF/org.bouncycastle.jcajce.provider.asymmetric.dh.KeyAgreementSpi$DHUWITHHMACSHA3-256TSKDF]
Provider: Set BCFIPS provider property [KeyAgreement.DHUWITHHMACSHA3-256TSKDF SupportedKeyFormats/PKCS#8|X.509]
Provider: Set BCFIPS provider property [KeyAgreement.DHUWITHHMACSHA3-256TSKDF SupportedKeyClasses/javax.crypto.interfaces.DHPublicKey|javax.crypto.interfaces.DHPrivateKey]
Provider: Set BCFIPS provider property [KeyAgreement.DHUWITHHMACSHA3-384TSKDF ImplementedIn/Software]
Provider: Set BCFIPS provider property [KeyAgreement.DHUWITHHMACSHA3-384TSKDF/org.bouncycastle.jcajce.provider.asymmetric.dh.KeyAgreementSpi$DHUWITHHMACSHA3-384TSKDF]
Provider: Set BCFIPS provider property [KeyAgreement.DHUWITHHMACSHA3-384TSKDF SupportedKeyFormats/PKCS#8|X.509]
Provider: Set BCFIPS provider property [KeyAgreement.DHUWITHHMACSHA3-384TSKDF SupportedKeyClasses/javax.crypto.interfaces.DHPublicKey|javax.crypto.interfaces.DHPrivateKey]
Provider: Set BCFIPS provider property [KeyAgreement.DHUWITHHMACSHA3-512TSKDF ImplementedIn/Software]
Provider: Set BCFIPS provider property [KeyAgreement.DHUWITHHMACSHA3-512TSKDF/org.bouncycastle.jcajce.provider.asymmetric.dh.KeyAgreementSpi$DHUWITHHMACSHA3-512TSKDF]
Provider: Set BCFIPS provider property [KeyAgreement.DHUWITHHMACSHA3-512TSKDF SupportedKeyFormats/PKCS#8|X.509]
Provider: Set BCFIPS provider property [KeyAgreement.DHUWITHHMACSHA3-512TSKDF SupportedKeyClasses/javax.crypto.interfaces.DHPublicKey|javax.crypto.interfaces.DHPrivateKey]
Provider: Set BCFIPS provider property [KeyAgreement.MQVWITHSHA1CKDF ImplementedIn/Software]
Provider: Set BCFIPS provider property [KeyAgreement.MQVWITHSHA1CKDF/org.bouncycastle.jcajce.provider.asymmetric.dh.KeyAgreementSpi$MQVSHA1CKDF]
Provider: Set BCFIPS provider property [KeyAgreement.MQVWITHSHA1CKDF SupportedKeyFormats/PKCS#8|X.509]
Provider: Set BCFIPS provider property [KeyAgreement.MQVWITHSHA1CKDF SupportedKeyClasses/javax.crypto.interfaces.DHPublicKey|javax.crypto.interfaces.DHPrivateKey]
Provider: Set BCFIPS provider property [KeyAgreement.MQVWITHSHA224CKDF ImplementedIn/Software]
Provider: Set BCFIPS provider property [KeyAgreement.MQVWITHSHA224CKDF/org.bouncycastle.jcajce.provider.asymmetric.dh.KeyAgreementSpi$MQVSHA224CKDF]
Provider: Set BCFIPS provider property [KeyAgreement.MQVWITHSHA224CKDF SupportedKeyFormats/PKCS#8|X.509]
Provider: Set BCFIPS provider property [KeyAgreement.MQVWITHSHA224CKDF SupportedKeyClasses/javax.crypto.interfaces.DHPublicKey|javax.crypto.interfaces.DHPrivateKey]
Provider: Set BCFIPS provider property [KeyAgreement.MQVWITHSHA256CKDF ImplementedIn/Software]
Provider: Set BCFIPS provider property [KeyAgreement.MQVWITHSHA256CKDF/org.bouncycastle.jcajce.provider.asymmetric.dh.KeyAgreementSpi$MQVSHA256CKDF]
Provider: Set BCFIPS provider property [KeyAgreement.MQVWITHSHA256CKDF SupportedKeyFormats/PKCS#8|X.509]
Provider: Set BCFIPS provider property [KeyAgreement.MQVWITHSHA256CKDF SupportedKeyClasses/javax.crypto.interfaces.DHPublicKey|javax.crypto.interfaces.DHPrivateKey]
Provider: Set BCFIPS provider property [KeyAgreement.MQVWITHSHA384CKDF ImplementedIn/Software]
Provider: Set BCFIPS provider property [KeyAgreement.MQVWITHSHA384CKDF/org.bouncycastle.jcajce.provider.asymmetric.dh.KeyAgreementSpi$MQVSHA384CKDF]
Provider: Set BCFIPS provider property [KeyAgreement.MQVWITHSHA384CKDF SupportedKeyFormats/PKCS#8|X.509]
Provider: Set BCFIPS provider property [KeyAgreement.MQVWITHSHA384CKDF SupportedKeyClasses/javax.crypto.interfaces.DHPublicKey|javax.crypto.interfaces.DHPrivateKey]
Provider: Set BCFIPS provider property [KeyAgreement.MQVWITHSHA512CKDF ImplementedIn/Software]
Provider: Set BCFIPS provider property [KeyAgreement.MQVWITHSHA512CKDF/org.bouncycastle.jcajce.provider.asymmetric.dh.KeyAgreementSpi$MQVSHA512CKDF]
Provider: Set BCFIPS provider property [KeyAgreement.MQVWITHSHA512CKDF SupportedKeyFormats/PKCS#8|X.509]
Provider: Set BCFIPS provider property [KeyAgreement.MQVWITHSHA512CKDF SupportedKeyClasses/javax.crypto.interfaces.DHPublicKey|javax.crypto.interfaces.DHPrivateKey]
Provider: Set BCFIPS provider property [KeyAgreement.MQVWITHSHA512(224)CKDF ImplementedIn/Software]
Provider: Set BCFIPS provider property [KeyAgreement.MQVWITHSHA512(224)CKDF/org.bouncycastle.jcajce.provider.asymmetric.dh.KeyAgreementSpi$MQVSHA512(224)CKDF]
Provider: Set BCFIPS provider property [KeyAgreement.MQVWITHSHA512(224)CKDF SupportedKeyFormats/PKCS#8|X.509]
Provider: Set BCFIPS provider property [KeyAgreement.MQVWITHSHA512(224)CKDF SupportedKeyClasses/javax.crypto.interfaces.DHPublicKey|javax.crypto.interfaces.DHPrivateKey]
Provider: Set BCFIPS provider property [KeyAgreement.MQVWITHSHA512(256)CKDF ImplementedIn/Software]
Provider: Set BCFIPS provider property [KeyAgreement.MQVWITHSHA512(256)CKDF/org.bouncycastle.jcajce.provider.asymmetric.dh.KeyAgreementSpi$MQVSHA512(256)CKDF]
Provider: Set BCFIPS provider property [KeyAgreement.MQVWITHSHA512(256)CKDF SupportedKeyFormats/PKCS#8|X.509]
Provider: Set BCFIPS provider property [KeyAgreement.MQVWITHSHA512(256)CKDF SupportedKeyClasses/javax.crypto.interfaces.DHPublicKey|javax.crypto.interfaces.DHPrivateKey]
Provider: Set BCFIPS provider property [KeyAgreement.MQVWITHHMACSHA224CKDF ImplementedIn/Software]
Provider: Set BCFIPS provider property [KeyAgreement.MQVWITHHMACSHA224CKDF/org.bouncycastle.jcajce.provider.asymmetric.dh.KeyAgreementSpi$MQVHMACSHA224CKDF]
Provider: Set BCFIPS provider property [KeyAgreement.MQVWITHHMACSHA224CKDF SupportedKeyFormats/PKCS#8|X.509]
Provider: Set BCFIPS provider property [KeyAgreement.MQVWITHHMACSHA224CKDF SupportedKeyClasses/javax.crypto.interfaces.DHPublicKey|javax.crypto.interfaces.DHPrivateKey]
Provider: Set BCFIPS provider property [KeyAgreement.MQVWITHHMACSHA256CKDF ImplementedIn/Software]
Provider: Set BCFIPS provider property [KeyAgreement.MQVWITHHMACSHA256CKDF/org.bouncycastle.jcajce.provider.asymmetric.dh.KeyAgreementSpi$MQVHMACSHA256CKDF]
Provider: Set BCFIPS provider property [KeyAgreement.MQVWITHHMACSHA256CKDF SupportedKeyFormats/PKCS#8|X.509]
Provider: Set BCFIPS provider property [KeyAgreement.MQVWITHHMACSHA256CKDF SupportedKeyClasses/javax.crypto.interfaces.DHPublicKey|javax.crypto.interfaces.DHPrivateKey]
Provider: Set BCFIPS provider property [KeyAgreement.MQVWITHHMACSHA384CKDF ImplementedIn/Software]
Provider: Set BCFIPS provider property [KeyAgreement.MQVWITHHMACSHA384CKDF/org.bouncycastle.jcajce.provider.asymmetric.dh.KeyAgreementSpi$MQVHMACSHA384CKDF]
Provider: Set BCFIPS provider property [KeyAgreement.MQVWITHHMACSHA384CKDF SupportedKeyFormats/PKCS#8|X.509]
Provider: Set BCFIPS provider property [KeyAgreement.MQVWITHHMACSHA384CKDF SupportedKeyClasses/javax.crypto.interfaces.DHPublicKey|javax.crypto.interfaces.DHPrivateKey]
Provider: Set BCFIPS provider property [KeyAgreement.MQVWITHHMACSHA512CKDF ImplementedIn/Software]
Provider: Set BCFIPS provider property [KeyAgreement.MQVWITHHMACSHA512CKDF/org.bouncycastle.jcajce.provider.asymmetric.dh.KeyAgreementSpi$MQVHMACSHA512CKDF]
Provider: Set BCFIPS provider property [KeyAgreement.MQVWITHHMACSHA512CKDF SupportedKeyFormats/PKCS#8|X.509]
Provider: Set BCFIPS provider property [KeyAgreement.MQVWITHHMACSHA512CKDF SupportedKeyClasses/javax.crypto.interfaces.DHPublicKey|javax.crypto.interfaces.DHPrivateKey]
Provider: Set BCFIPS provider property [KeyAgreement.MQVWITHHMACSHA512(224)CKDF ImplementedIn/Software]
Provider: Set BCFIPS provider property [KeyAgreement.MQVWITHHMACSHA512(224)CKDF/org.bouncycastle.jcajce.provider.asymmetric.dh.KeyAgreementSpi$MQVHMACSHA512(224)CKDF]
Provider: Set BCFIPS provider property [KeyAgreement.MQVWITHHMACSHA512(224)CKDF SupportedKeyFormats/PKCS#8|X.509]
Provider: Set BCFIPS provider property [KeyAgreement.MQVWITHHMACSHA512(224)CKDF SupportedKeyClasses/javax.crypto.interfaces.DHPublicKey|javax.crypto.interfaces.DHPrivateKey]
Provider: Set BCFIPS provider property [KeyAgreement.MQVWITHHMACSHA512(256)CKDF ImplementedIn/Software]
Provider: Set BCFIPS provider property [KeyAgreement.MQVWITHHMACSHA512(256)CKDF/org.bouncycastle.jcajce.provider.asymmetric.dh.KeyAgreementSpi$MQVHMACSHA512(256)CKDF]
Provider: Set BCFIPS provider property [KeyAgreement.MQVWITHHMACSHA512(256)CKDF SupportedKeyFormats/PKCS#8|X.509]
Provider: Set BCFIPS provider property [KeyAgreement.MQVWITHHMACSHA512(256)CKDF SupportedKeyClasses/javax.crypto.interfaces.DHPublicKey|javax.crypto.interfaces.DHPrivateKey]
Provider: Set BCFIPS provider property [KeyAgreement.MQVWITHSHA3-224CKDF ImplementedIn/Software]
Provider: Set BCFIPS provider property [KeyAgreement.MQVWITHSHA3-224CKDF/org.bouncycastle.jcajce.provider.asymmetric.dh.KeyAgreementSpi$MQVSHA3-224CKDF]
Provider: Set BCFIPS provider property [KeyAgreement.MQVWITHSHA3-224CKDF SupportedKeyFormats/PKCS#8|X.509]
Provider: Set BCFIPS provider property [KeyAgreement.MQVWITHSHA3-224CKDF SupportedKeyClasses/javax.crypto.interfaces.DHPublicKey|javax.crypto.interfaces.DHPrivateKey]
Provider: Set BCFIPS provider property [KeyAgreement.MQVWITHSHA3-256CKDF ImplementedIn/Software]
Provider: Set BCFIPS provider property [KeyAgreement.MQVWITHSHA3-256CKDF/org.bouncycastle.jcajce.provider.asymmetric.dh.KeyAgreementSpi$MQVSHA3-256CKDF]
Provider: Set BCFIPS provider property [KeyAgreement.MQVWITHSHA3-256CKDF SupportedKeyFormats/PKCS#8|X.509]
Provider: Set BCFIPS provider property [KeyAgreement.MQVWITHSHA3-256CKDF SupportedKeyClasses/javax.crypto.interfaces.DHPublicKey|javax.crypto.interfaces.DHPrivateKey]
Provider: Set BCFIPS provider property [KeyAgreement.MQVWITHSHA3-384CKDF ImplementedIn/Software]
Provider: Set BCFIPS provider property [KeyAgreement.MQVWITHSHA3-384CKDF/org.bouncycastle.jcajce.provider.asymmetric.dh.KeyAgreementSpi$MQVSHA3-384CKDF]
Provider: Set BCFIPS provider property [KeyAgreement.MQVWITHSHA3-384CKDF SupportedKeyFormats/PKCS#8|X.509]
Provider: Set BCFIPS provider property [KeyAgreement.MQVWITHSHA3-384CKDF SupportedKeyClasses/javax.crypto.interfaces.DHPublicKey|javax.crypto.interfaces.DHPrivateKey]
Provider: Set BCFIPS provider property [KeyAgreement.MQVWITHSHA3-512CKDF ImplementedIn/Software]
Provider: Set BCFIPS provider property [KeyAgreement.MQVWITHSHA3-512CKDF/org.bouncycastle.jcajce.provider.asymmetric.dh.KeyAgreementSpi$MQVSHA3-512CKDF]
Provider: Set BCFIPS provider property [KeyAgreement.MQVWITHSHA3-512CKDF SupportedKeyFormats/PKCS#8|X.509]
Provider: Set BCFIPS provider property [KeyAgreement.MQVWITHSHA3-512CKDF SupportedKeyClasses/javax.crypto.interfaces.DHPublicKey|javax.crypto.interfaces.DHPrivateKey]
Provider: Set BCFIPS provider property [KeyAgreement.MQVWITHHMACSHA3-224CKDF ImplementedIn/Software]
Provider: Set BCFIPS provider property [KeyAgreement.MQVWITHHMACSHA3-224CKDF/org.bouncycastle.jcajce.provider.asymmetric.dh.KeyAgreementSpi$MQVHMACSHA3-224CKDF]
Provider: Set BCFIPS provider property [KeyAgreement.MQVWITHHMACSHA3-224CKDF SupportedKeyFormats/PKCS#8|X.509]
Provider: Set BCFIPS provider property [KeyAgreement.MQVWITHHMACSHA3-224CKDF SupportedKeyClasses/javax.crypto.interfaces.DHPublicKey|javax.crypto.interfaces.DHPrivateKey]
Provider: Set BCFIPS provider property [KeyAgreement.MQVWITHHMACSHA3-256CKDF ImplementedIn/Software]
Provider: Set BCFIPS provider property [KeyAgreement.MQVWITHHMACSHA3-256CKDF/org.bouncycastle.jcajce.provider.asymmetric.dh.KeyAgreementSpi$MQVHMACSHA3-256CKDF]
Provider: Set BCFIPS provider property [KeyAgreement.MQVWITHHMACSHA3-256CKDF SupportedKeyFormats/PKCS#8|X.509]
Provider: Set BCFIPS provider property [KeyAgreement.MQVWITHHMACSHA3-256CKDF SupportedKeyClasses/javax.crypto.interfaces.DHPublicKey|javax.crypto.interfaces.DHPrivateKey]
Provider: Set BCFIPS provider property [KeyAgreement.MQVWITHHMACSHA3-384CKDF ImplementedIn/Software]
Provider: Set BCFIPS provider property [KeyAgreement.MQVWITHHMACSHA3-384CKDF/org.bouncycastle.jcajce.provider.asymmetric.dh.KeyAgreementSpi$MQVHMACSHA3-384CKDF]
Provider: Set BCFIPS provider property [KeyAgreement.MQVWITHHMACSHA3-384CKDF SupportedKeyFormats/PKCS#8|X.509]
Provider: Set BCFIPS provider property [KeyAgreement.MQVWITHHMACSHA3-384CKDF SupportedKeyClasses/javax.crypto.interfaces.DHPublicKey|javax.crypto.interfaces.DHPrivateKey]
Provider: Set BCFIPS provider property [KeyAgreement.MQVWITHHMACSHA3-512CKDF ImplementedIn/Software]
Provider: Set BCFIPS provider property [KeyAgreement.MQVWITHHMACSHA3-512CKDF/org.bouncycastle.jcajce.provider.asymmetric.dh.KeyAgreementSpi$MQVHMACSHA3-512CKDF]
Provider: Set BCFIPS provider property [KeyAgreement.MQVWITHHMACSHA3-512CKDF SupportedKeyFormats/PKCS#8|X.509]
Provider: Set BCFIPS provider property [KeyAgreement.MQVWITHHMACSHA3-512CKDF SupportedKeyClasses/javax.crypto.interfaces.DHPublicKey|javax.crypto.interfaces.DHPrivateKey]
Provider: Set BCFIPS provider property [KeyAgreement.MQVWITHKMAC-128CKDF ImplementedIn/Software]
Provider: Set BCFIPS provider property [KeyAgreement.MQVWITHKMAC-128CKDF/org.bouncycastle.jcajce.provider.asymmetric.dh.KeyAgreementSpi$MQVKMAC-128CKDF]
Provider: Set BCFIPS provider property [KeyAgreement.MQVWITHKMAC-128CKDF SupportedKeyFormats/PKCS#8|X.509]
Provider: Set BCFIPS provider property [KeyAgreement.MQVWITHKMAC-128CKDF SupportedKeyClasses/javax.crypto.interfaces.DHPublicKey|javax.crypto.interfaces.DHPrivateKey]
Provider: Set BCFIPS provider property [KeyAgreement.MQVWITHKMAC-256CKDF ImplementedIn/Software]
Provider: Set BCFIPS provider property [KeyAgreement.MQVWITHKMAC-256CKDF/org.bouncycastle.jcajce.provider.asymmetric.dh.KeyAgreementSpi$MQVKMAC-256CKDF]
Provider: Set BCFIPS provider property [KeyAgreement.MQVWITHKMAC-256CKDF SupportedKeyFormats/PKCS#8|X.509]
Provider: Set BCFIPS provider property [KeyAgreement.MQVWITHKMAC-256CKDF SupportedKeyClasses/javax.crypto.interfaces.DHPublicKey|javax.crypto.interfaces.DHPrivateKey]
Provider: Set BCFIPS provider property [KeyAgreement.MQVWITHCMACTSKDF ImplementedIn/Software]
Provider: Set BCFIPS provider property [KeyAgreement.MQVWITHCMACTSKDF/org.bouncycastle.jcajce.provider.asymmetric.dh.KeyAgreementSpi$MQVWITHCMACTSKDF]
Provider: Set BCFIPS provider property [KeyAgreement.MQVWITHCMACTSKDF SupportedKeyFormats/PKCS#8|X.509]
Provider: Set BCFIPS provider property [KeyAgreement.MQVWITHCMACTSKDF SupportedKeyClasses/javax.crypto.interfaces.DHPublicKey|javax.crypto.interfaces.DHPrivateKey]
Provider: Set BCFIPS provider property [KeyAgreement.MQVWITHHMACSHA1TSKDF ImplementedIn/Software]
Provider: Set BCFIPS provider property [KeyAgreement.MQVWITHHMACSHA1TSKDF/org.bouncycastle.jcajce.provider.asymmetric.dh.KeyAgreementSpi$MQVWITHHMACSHA1TSKDF]
Provider: Set BCFIPS provider property [KeyAgreement.MQVWITHHMACSHA1TSKDF SupportedKeyFormats/PKCS#8|X.509]
Provider: Set BCFIPS provider property [KeyAgreement.MQVWITHHMACSHA1TSKDF SupportedKeyClasses/javax.crypto.interfaces.DHPublicKey|javax.crypto.interfaces.DHPrivateKey]
Provider: Set BCFIPS provider property [KeyAgreement.MQVWITHHMACSHA224TSKDF ImplementedIn/Software]
Provider: Set BCFIPS provider property [KeyAgreement.MQVWITHHMACSHA224TSKDF/org.bouncycastle.jcajce.provider.asymmetric.dh.KeyAgreementSpi$MQVWITHHMACSHA224TSKDF]
Provider: Set BCFIPS provider property [KeyAgreement.MQVWITHHMACSHA224TSKDF SupportedKeyFormats/PKCS#8|X.509]
Provider: Set BCFIPS provider property [KeyAgreement.MQVWITHHMACSHA224TSKDF SupportedKeyClasses/javax.crypto.interfaces.DHPublicKey|javax.crypto.interfaces.DHPrivateKey]
Provider: Set BCFIPS provider property [KeyAgreement.MQVWITHHMACSHA256TSKDF ImplementedIn/Software]
Provider: Set BCFIPS provider property [KeyAgreement.MQVWITHHMACSHA256TSKDF/org.bouncycastle.jcajce.provider.asymmetric.dh.KeyAgreementSpi$MQVWITHHMACSHA256TSKDF]
Provider: Set BCFIPS provider property [KeyAgreement.MQVWITHHMACSHA256TSKDF SupportedKeyFormats/PKCS#8|X.509]
Provider: Set BCFIPS provider property [KeyAgreement.MQVWITHHMACSHA256TSKDF SupportedKeyClasses/javax.crypto.interfaces.DHPublicKey|javax.crypto.interfaces.DHPrivateKey]
Provider: Set BCFIPS provider property [KeyAgreement.MQVWITHHMACSHA384TSKDF ImplementedIn/Software]
Provider: Set BCFIPS provider property [KeyAgreement.MQVWITHHMACSHA384TSKDF/org.bouncycastle.jcajce.provider.asymmetric.dh.KeyAgreementSpi$MQVWITHHMACSHA384TSKDF]
Provider: Set BCFIPS provider property [KeyAgreement.MQVWITHHMACSHA384TSKDF SupportedKeyFormats/PKCS#8|X.509]
Provider: Set BCFIPS provider property [KeyAgreement.MQVWITHHMACSHA384TSKDF SupportedKeyClasses/javax.crypto.interfaces.DHPublicKey|javax.crypto.interfaces.DHPrivateKey]
Provider: Set BCFIPS provider property [KeyAgreement.MQVWITHHMACSHA512TSKDF ImplementedIn/Software]
Provider: Set BCFIPS provider property [KeyAgreement.MQVWITHHMACSHA512TSKDF/org.bouncycastle.jcajce.provider.asymmetric.dh.KeyAgreementSpi$MQVWITHHMACSHA512TSKDF]
Provider: Set BCFIPS provider property [KeyAgreement.MQVWITHHMACSHA512TSKDF SupportedKeyFormats/PKCS#8|X.509]
Provider: Set BCFIPS provider property [KeyAgreement.MQVWITHHMACSHA512TSKDF SupportedKeyClasses/javax.crypto.interfaces.DHPublicKey|javax.crypto.interfaces.DHPrivateKey]
Provider: Set BCFIPS provider property [KeyAgreement.MQVWITHHMACSHA512(224)TSKDF ImplementedIn/Software]
Provider: Set BCFIPS provider property [KeyAgreement.MQVWITHHMACSHA512(224)TSKDF/org.bouncycastle.jcajce.provider.asymmetric.dh.KeyAgreementSpi$MQVWITHHMACSHA512(224)TSKDF]
Provider: Set BCFIPS provider property [KeyAgreement.MQVWITHHMACSHA512(224)TSKDF SupportedKeyFormats/PKCS#8|X.509]
Provider: Set BCFIPS provider property [KeyAgreement.MQVWITHHMACSHA512(224)TSKDF SupportedKeyClasses/javax.crypto.interfaces.DHPublicKey|javax.crypto.interfaces.DHPrivateKey]
Provider: Set BCFIPS provider property [KeyAgreement.MQVWITHHMACSHA512(256)TSKDF ImplementedIn/Software]
Provider: Set BCFIPS provider property [KeyAgreement.MQVWITHHMACSHA512(256)TSKDF/org.bouncycastle.jcajce.provider.asymmetric.dh.KeyAgreementSpi$MQVWITHHMACSHA512(256)TSKDF]
Provider: Set BCFIPS provider property [KeyAgreement.MQVWITHHMACSHA512(256)TSKDF SupportedKeyFormats/PKCS#8|X.509]
Provider: Set BCFIPS provider property [KeyAgreement.MQVWITHHMACSHA512(256)TSKDF SupportedKeyClasses/javax.crypto.interfaces.DHPublicKey|javax.crypto.interfaces.DHPrivateKey]
Provider: Set BCFIPS provider property [KeyAgreement.MQVWITHHMACSHA3-224TSKDF ImplementedIn/Software]
Provider: Set BCFIPS provider property [KeyAgreement.MQVWITHHMACSHA3-224TSKDF/org.bouncycastle.jcajce.provider.asymmetric.dh.KeyAgreementSpi$MQVWITHHMACSHA3-224TSKDF]
Provider: Set BCFIPS provider property [KeyAgreement.MQVWITHHMACSHA3-224TSKDF SupportedKeyFormats/PKCS#8|X.509]
Provider: Set BCFIPS provider property [KeyAgreement.MQVWITHHMACSHA3-224TSKDF SupportedKeyClasses/javax.crypto.interfaces.DHPublicKey|javax.crypto.interfaces.DHPrivateKey]
Provider: Set BCFIPS provider property [KeyAgreement.MQVWITHHMACSHA3-256TSKDF ImplementedIn/Software]
Provider: Set BCFIPS provider property [KeyAgreement.MQVWITHHMACSHA3-256TSKDF/org.bouncycastle.jcajce.provider.asymmetric.dh.KeyAgreementSpi$MQVWITHHMACSHA3-256TSKDF]
Provider: Set BCFIPS provider property [KeyAgreement.MQVWITHHMACSHA3-256TSKDF SupportedKeyFormats/PKCS#8|X.509]
Provider: Set BCFIPS provider property [KeyAgreement.MQVWITHHMACSHA3-256TSKDF SupportedKeyClasses/javax.crypto.interfaces.DHPublicKey|javax.crypto.interfaces.DHPrivateKey]
Provider: Set BCFIPS provider property [KeyAgreement.MQVWITHHMACSHA3-384TSKDF ImplementedIn/Software]
Provider: Set BCFIPS provider property [KeyAgreement.MQVWITHHMACSHA3-384TSKDF/org.bouncycastle.jcajce.provider.asymmetric.dh.KeyAgreementSpi$MQVWITHHMACSHA3-384TSKDF]
Provider: Set BCFIPS provider property [KeyAgreement.MQVWITHHMACSHA3-384TSKDF SupportedKeyFormats/PKCS#8|X.509]
Provider: Set BCFIPS provider property [KeyAgreement.MQVWITHHMACSHA3-384TSKDF SupportedKeyClasses/javax.crypto.interfaces.DHPublicKey|javax.crypto.interfaces.DHPrivateKey]
Provider: Set BCFIPS provider property [KeyAgreement.MQVWITHHMACSHA3-512TSKDF ImplementedIn/Software]
Provider: Set BCFIPS provider property [KeyAgreement.MQVWITHHMACSHA3-512TSKDF/org.bouncycastle.jcajce.provider.asymmetric.dh.KeyAgreementSpi$MQVWITHHMACSHA3-512TSKDF]
Provider: Set BCFIPS provider property [KeyAgreement.MQVWITHHMACSHA3-512TSKDF SupportedKeyFormats/PKCS#8|X.509]
Provider: Set BCFIPS provider property [KeyAgreement.MQVWITHHMACSHA3-512TSKDF SupportedKeyClasses/javax.crypto.interfaces.DHPublicKey|javax.crypto.interfaces.DHPrivateKey]
Provider: Set BCFIPS provider property [AlgorithmParameters.DSA ImplementedIn/Software]
Provider: Set BCFIPS provider property [AlgorithmParameters.DSA/org.bouncycastle.jcajce.provider.asymmetric.dsa.AlgorithmParametersSpi]
Provider: Set BCFIPS provider property [AlgorithmParameterGenerator.DSA ImplementedIn/Software]
Provider: Set BCFIPS provider property [AlgorithmParameterGenerator.DSA/org.bouncycastle.jcajce.provider.asymmetric.dsa.AlgorithmParameterGeneratorSpi]
Provider: Set BCFIPS provider property [KeyFactory.DSA ImplementedIn/Software]
Provider: Set BCFIPS provider property [KeyFactory.DSA/org.bouncycastle.jcajce.provider.asymmetric.dsa.KeyFactorySpi]
Provider: Set BCFIPS provider property [Signature.SHA1WITHDSA ImplementedIn/Software]
Provider: Set BCFIPS provider property [Signature.SHA1WITHDSA SupportedKeyFormats/PKCS#8|X.509]
Provider: Set BCFIPS provider property [Signature.SHA1WITHDSA SupportedKeyClasses/java.security.interfaces.DSAPublicKey|java.security.interfaces.DSAPrivateKey]
Provider: Set BCFIPS provider property [Signature.SHA1WITHDSA/org.bouncycastle.jcajce.provider.asymmetric.dsa.DSASigner$stdDSA]
Provider: Set BCFIPS provider property [Alg.Alias.Signature.DSA/SHA1WITHDSA]
Provider: Set BCFIPS provider property [Alg.Alias.Signature.SHA1/DSA/SHA1WITHDSA]
Provider: Set BCFIPS provider property [Signature.NONEWITHDSA ImplementedIn/Software]
Provider: Set BCFIPS provider property [Signature.NONEWITHDSA SupportedKeyFormats/PKCS#8|X.509]
Provider: Set BCFIPS provider property [Signature.NONEWITHDSA SupportedKeyClasses/java.security.interfaces.DSAPublicKey|java.security.interfaces.DSAPrivateKey]
Provider: Set BCFIPS provider property [Signature.NONEWITHDSA/org.bouncycastle.jcajce.provider.asymmetric.dsa.DSASigner$noneDSA]
Provider: Set BCFIPS provider property [Alg.Alias.Signature.RAWDSA/NONEWITHDSA]
Provider: Set BCFIPS provider property [Signature.SHA224WITHDSA ImplementedIn/Software]
Provider: Set BCFIPS provider property [Signature.SHA224WITHDSA/org.bouncycastle.jcajce.provider.asymmetric.dsa.DSASigner$dsa224]
Provider: Set BCFIPS provider property [Alg.Alias.Signature.SHA224/DSA/SHA224WITHDSA]
Provider: Set BCFIPS provider property [Alg.Alias.Signature.2.16.840.1.101.3.4.3.1/SHA224WITHDSA]
Provider: Set BCFIPS provider property [Alg.Alias.Signature.OID.2.16.840.1.101.3.4.3.1/SHA224WITHDSA]
Provider: Set BCFIPS provider property [Signature.SHA224WITHDSA SupportedKeyFormats/PKCS#8|X.509]
Provider: Set BCFIPS provider property [Signature.SHA224WITHDSA SupportedKeyClasses/java.security.interfaces.DSAPublicKey|java.security.interfaces.DSAPrivateKey]
Provider: Set BCFIPS provider property [Signature.SHA256WITHDSA ImplementedIn/Software]
Provider: Set BCFIPS provider property [Signature.SHA256WITHDSA/org.bouncycastle.jcajce.provider.asymmetric.dsa.DSASigner$dsa256]
Provider: Set BCFIPS provider property [Alg.Alias.Signature.SHA256/DSA/SHA256WITHDSA]
Provider: Set BCFIPS provider property [Alg.Alias.Signature.2.16.840.1.101.3.4.3.2/SHA256WITHDSA]
Provider: Set BCFIPS provider property [Alg.Alias.Signature.OID.2.16.840.1.101.3.4.3.2/SHA256WITHDSA]
Provider: Set BCFIPS provider property [Signature.SHA256WITHDSA SupportedKeyFormats/PKCS#8|X.509]
Provider: Set BCFIPS provider property [Signature.SHA256WITHDSA SupportedKeyClasses/java.security.interfaces.DSAPublicKey|java.security.interfaces.DSAPrivateKey]
Provider: Set BCFIPS provider property [Signature.SHA384WITHDSA ImplementedIn/Software]
Provider: Set BCFIPS provider property [Signature.SHA384WITHDSA/org.bouncycastle.jcajce.provider.asymmetric.dsa.DSASigner$dsa384]
Provider: Set BCFIPS provider property [Alg.Alias.Signature.SHA384/DSA/SHA384WITHDSA]
Provider: Set BCFIPS provider property [Alg.Alias.Signature.2.16.840.1.101.3.4.3.3/SHA384WITHDSA]
Provider: Set BCFIPS provider property [Alg.Alias.Signature.OID.2.16.840.1.101.3.4.3.3/SHA384WITHDSA]
Provider: Set BCFIPS provider property [Signature.SHA384WITHDSA SupportedKeyFormats/PKCS#8|X.509]
Provider: Set BCFIPS provider property [Signature.SHA384WITHDSA SupportedKeyClasses/java.security.interfaces.DSAPublicKey|java.security.interfaces.DSAPrivateKey]
Provider: Set BCFIPS provider property [Signature.SHA512WITHDSA ImplementedIn/Software]
Provider: Set BCFIPS provider property [Signature.SHA512WITHDSA/org.bouncycastle.jcajce.provider.asymmetric.dsa.DSASigner$dsa512]
Provider: Set BCFIPS provider property [Alg.Alias.Signature.SHA512/DSA/SHA512WITHDSA]
Provider: Set BCFIPS provider property [Alg.Alias.Signature.2.16.840.1.101.3.4.3.4/SHA512WITHDSA]
Provider: Set BCFIPS provider property [Alg.Alias.Signature.OID.2.16.840.1.101.3.4.3.4/SHA512WITHDSA]
Provider: Set BCFIPS provider property [Signature.SHA512WITHDSA SupportedKeyFormats/PKCS#8|X.509]
Provider: Set BCFIPS provider property [Signature.SHA512WITHDSA SupportedKeyClasses/java.security.interfaces.DSAPublicKey|java.security.interfaces.DSAPrivateKey]
Provider: Set BCFIPS provider property [Signature.SHA512(224)WITHDSA ImplementedIn/Software]
Provider: Set BCFIPS provider property [Signature.SHA512(224)WITHDSA/org.bouncycastle.jcajce.provider.asymmetric.dsa.DSASigner$dsa512_224]
Provider: Set BCFIPS provider property [Alg.Alias.Signature.SHA512(224)/DSA/SHA512(224)WITHDSA]
Provider: Set BCFIPS provider property [Signature.SHA512(224)WITHDSA SupportedKeyFormats/PKCS#8|X.509]
Provider: Set BCFIPS provider property [Signature.SHA512(224)WITHDSA SupportedKeyClasses/java.security.interfaces.DSAPublicKey|java.security.interfaces.DSAPrivateKey]
Provider: Set BCFIPS provider property [Signature.SHA512(256)WITHDSA ImplementedIn/Software]
Provider: Set BCFIPS provider property [Signature.SHA512(256)WITHDSA/org.bouncycastle.jcajce.provider.asymmetric.dsa.DSASigner$dsa512_256]
Provider: Set BCFIPS provider property [Alg.Alias.Signature.SHA512(256)/DSA/SHA512(256)WITHDSA]
Provider: Set BCFIPS provider property [Signature.SHA512(256)WITHDSA SupportedKeyFormats/PKCS#8|X.509]
Provider: Set BCFIPS provider property [Signature.SHA512(256)WITHDSA SupportedKeyClasses/java.security.interfaces.DSAPublicKey|java.security.interfaces.DSAPrivateKey]
Provider: Set BCFIPS provider property [Signature.SHA3-224WITHDSA ImplementedIn/Software]
Provider: Set BCFIPS provider property [Signature.SHA3-224WITHDSA/org.bouncycastle.jcajce.provider.asymmetric.dsa.DSASigner$dsa3_224]
Provider: Set BCFIPS provider property [Alg.Alias.Signature.SHA3-224/DSA/SHA3-224WITHDSA]
Provider: Set BCFIPS provider property [Alg.Alias.Signature.2.16.840.1.101.3.4.3.5/SHA3-224WITHDSA]
Provider: Set BCFIPS provider property [Alg.Alias.Signature.OID.2.16.840.1.101.3.4.3.5/SHA3-224WITHDSA]
Provider: Set BCFIPS provider property [Signature.SHA3-224WITHDSA SupportedKeyFormats/PKCS#8|X.509]
Provider: Set BCFIPS provider property [Signature.SHA3-224WITHDSA SupportedKeyClasses/java.security.interfaces.DSAPublicKey|java.security.interfaces.DSAPrivateKey]
Provider: Set BCFIPS provider property [Signature.SHA3-256WITHDSA ImplementedIn/Software]
Provider: Set BCFIPS provider property [Signature.SHA3-256WITHDSA/org.bouncycastle.jcajce.provider.asymmetric.dsa.DSASigner$dsa3_256]
Provider: Set BCFIPS provider property [Alg.Alias.Signature.SHA3-256/DSA/SHA3-256WITHDSA]
Provider: Set BCFIPS provider property [Alg.Alias.Signature.2.16.840.1.101.3.4.3.6/SHA3-256WITHDSA]
Provider: Set BCFIPS provider property [Alg.Alias.Signature.OID.2.16.840.1.101.3.4.3.6/SHA3-256WITHDSA]
Provider: Set BCFIPS provider property [Signature.SHA3-256WITHDSA SupportedKeyFormats/PKCS#8|X.509]
Provider: Set BCFIPS provider property [Signature.SHA3-256WITHDSA SupportedKeyClasses/java.security.interfaces.DSAPublicKey|java.security.interfaces.DSAPrivateKey]
Provider: Set BCFIPS provider property [Signature.SHA3-384WITHDSA ImplementedIn/Software]
Provider: Set BCFIPS provider property [Signature.SHA3-384WITHDSA/org.bouncycastle.jcajce.provider.asymmetric.dsa.DSASigner$dsa3_384]
Provider: Set BCFIPS provider property [Alg.Alias.Signature.SHA3-384/DSA/SHA3-384WITHDSA]
Provider: Set BCFIPS provider property [Alg.Alias.Signature.2.16.840.1.101.3.4.3.7/SHA3-384WITHDSA]
Provider: Set BCFIPS provider property [Alg.Alias.Signature.OID.2.16.840.1.101.3.4.3.7/SHA3-384WITHDSA]
Provider: Set BCFIPS provider property [Signature.SHA3-384WITHDSA SupportedKeyFormats/PKCS#8|X.509]
Provider: Set BCFIPS provider property [Signature.SHA3-384WITHDSA SupportedKeyClasses/java.security.interfaces.DSAPublicKey|java.security.interfaces.DSAPrivateKey]
Provider: Set BCFIPS provider property [Signature.SHA3-512WITHDSA ImplementedIn/Software]
Provider: Set BCFIPS provider property [Signature.SHA3-512WITHDSA/org.bouncycastle.jcajce.provider.asymmetric.dsa.DSASigner$dsa3_512]
Provider: Set BCFIPS provider property [Alg.Alias.Signature.SHA3-512/DSA/SHA3-512WITHDSA]
Provider: Set BCFIPS provider property [Alg.Alias.Signature.2.16.840.1.101.3.4.3.8/SHA3-512WITHDSA]
Provider: Set BCFIPS provider property [Alg.Alias.Signature.OID.2.16.840.1.101.3.4.3.8/SHA3-512WITHDSA]
Provider: Set BCFIPS provider property [Signature.SHA3-512WITHDSA SupportedKeyFormats/PKCS#8|X.509]
Provider: Set BCFIPS provider property [Signature.SHA3-512WITHDSA SupportedKeyClasses/java.security.interfaces.DSAPublicKey|java.security.interfaces.DSAPrivateKey]
Provider: Set BCFIPS provider property [Alg.Alias.Signature.1.2.840.10040.4.1/SHA1WITHDSA]
Provider: Set BCFIPS provider property [Alg.Alias.Signature.OID.1.2.840.10040.4.1/SHA1WITHDSA]
Provider: Set BCFIPS provider property [Alg.Alias.Signature.1.2.840.10040.4.3/SHA1WITHDSA]
Provider: Set BCFIPS provider property [Alg.Alias.Signature.OID.1.2.840.10040.4.3/SHA1WITHDSA]
Provider: Set BCFIPS provider property [Alg.Alias.Signature.1.3.14.3.2.27/SHA1WITHDSA]
Provider: Set BCFIPS provider property [Alg.Alias.Signature.OID.1.3.14.3.2.27/SHA1WITHDSA]
Provider: Set BCFIPS provider property [Alg.Alias.KeyFactory.1.2.840.10040.4.1/DSA]
Provider: Set BCFIPS provider property [Alg.Alias.KeyFactory.OID.1.2.840.10040.4.1/DSA]
Provider: Set BCFIPS provider property [Alg.Alias.AlgorithmParameterGenerator.1.2.840.10040.4.1/DSA]
Provider: Set BCFIPS provider property [Alg.Alias.AlgorithmParameterGenerator.OID.1.2.840.10040.4.1/DSA]
Provider: Set BCFIPS provider property [Alg.Alias.AlgorithmParameters.1.2.840.10040.4.1/DSA]
Provider: Set BCFIPS provider property [Alg.Alias.AlgorithmParameters.OID.1.2.840.10040.4.1/DSA]
Provider: Set BCFIPS provider property [Alg.Alias.KeyFactory.1.2.840.10040.4.3/DSA]
Provider: Set BCFIPS provider property [Alg.Alias.KeyFactory.OID.1.2.840.10040.4.3/DSA]
Provider: Set BCFIPS provider property [Alg.Alias.AlgorithmParameterGenerator.1.2.840.10040.4.3/DSA]
Provider: Set BCFIPS provider property [Alg.Alias.AlgorithmParameterGenerator.OID.1.2.840.10040.4.3/DSA]
Provider: Set BCFIPS provider property [Alg.Alias.AlgorithmParameters.1.2.840.10040.4.3/DSA]
Provider: Set BCFIPS provider property [Alg.Alias.AlgorithmParameters.OID.1.2.840.10040.4.3/DSA]
Provider: Set BCFIPS provider property [Alg.Alias.KeyFactory.1.3.14.3.2.27/DSA]
Provider: Set BCFIPS provider property [Alg.Alias.KeyFactory.OID.1.3.14.3.2.27/DSA]
Provider: Set BCFIPS provider property [Alg.Alias.AlgorithmParameterGenerator.1.3.14.3.2.27/DSA]
Provider: Set BCFIPS provider property [Alg.Alias.AlgorithmParameterGenerator.OID.1.3.14.3.2.27/DSA]
Provider: Set BCFIPS provider property [Alg.Alias.AlgorithmParameters.1.3.14.3.2.27/DSA]
Provider: Set BCFIPS provider property [Alg.Alias.AlgorithmParameters.OID.1.3.14.3.2.27/DSA]
Provider: Set BCFIPS provider property [AlgorithmParameters.EC ImplementedIn/Software]
Provider: Set BCFIPS provider property [AlgorithmParameters.EC/org.bouncycastle.jcajce.provider.ProvEC.AlgorithmParametersSpi$EC]
Provider: Set BCFIPS provider property [KeyFactory.EC ImplementedIn/Software]
Provider: Set BCFIPS provider property [KeyFactory.EC/org.bouncycastle.jcajce.provider.ProvEC.KeyFactorySpi$EC]
Provider: Set BCFIPS provider property [KeyFactory.ECDSA ImplementedIn/Software]
Provider: Set BCFIPS provider property [KeyFactory.ECDSA/org.bouncycastle.jcajce.provider.ProvEC.KeyFactorySpi$ECDSA]
Provider: Set BCFIPS provider property [KeyFactory.ECDH ImplementedIn/Software]
Provider: Set BCFIPS provider property [KeyFactory.ECDH/org.bouncycastle.jcajce.provider.ProvEC.KeyFactorySpi$ECDH]
Provider: Set BCFIPS provider property [KeyFactory.ECCDH ImplementedIn/Software]
Provider: Set BCFIPS provider property [KeyFactory.ECCDH/org.bouncycastle.jcajce.provider.ProvEC.KeyFactorySpi$ECCDH]
Provider: Set BCFIPS provider property [KeyFactory.ECMQV ImplementedIn/Software]
Provider: Set BCFIPS provider property [KeyFactory.ECMQV/org.bouncycastle.jcajce.provider.ProvEC.KeyFactorySpi$ECMQV]
Provider: Set BCFIPS provider property [KeyPairGenerator.EC ImplementedIn/Software]
Provider: Set BCFIPS provider property [KeyPairGenerator.EC/org.bouncycastle.jcajce.provider.ProvEC.KeyPairGeneratorSpi$EC]
Provider: Set BCFIPS provider property [KeyPairGenerator.ECDSA ImplementedIn/Software]
Provider: Set BCFIPS provider property [KeyPairGenerator.ECDSA/org.bouncycastle.jcajce.provider.ProvEC.KeyPairGeneratorSpi$ECDSA]
Provider: Set BCFIPS provider property [KeyPairGenerator.ECDH ImplementedIn/Software]
Provider: Set BCFIPS provider property [KeyPairGenerator.ECDH/org.bouncycastle.jcajce.provider.ProvEC.KeyPairGeneratorSpi$ECDH]
Provider: Set BCFIPS provider property [KeyPairGenerator.ECCDH ImplementedIn/Software]
Provider: Set BCFIPS provider property [KeyPairGenerator.ECCDH/org.bouncycastle.jcajce.provider.ProvEC.KeyPairGeneratorSpi$ECCDH]
Provider: Set BCFIPS provider property [KeyPairGenerator.ECMQV ImplementedIn/Software]
Provider: Set BCFIPS provider property [KeyPairGenerator.ECMQV/org.bouncycastle.jcajce.provider.ProvEC.KeyPairGeneratorSpi$ECMQV]
Provider: Set BCFIPS provider property [Alg.Alias.KeyFactory.1.2.840.10045.2.1/EC]
Provider: Set BCFIPS provider property [Alg.Alias.KeyFactory.OID.1.2.840.10045.2.1/EC]
Provider: Set BCFIPS provider property [Alg.Alias.KeyPairGenerator.1.2.840.10045.2.1/EC]
Provider: Set BCFIPS provider property [Alg.Alias.KeyPairGenerator.OID.1.2.840.10045.2.1/EC]
Provider: Set BCFIPS provider property [KeyAgreement.ECDH ImplementedIn/Software]
Provider: Set BCFIPS provider property [KeyAgreement.ECDH/org.bouncycastle.jcajce.provider.ProvEC.KeyAgreementSpi$DH]
Provider: Set BCFIPS provider property [KeyAgreement.ECDH SupportedKeyFormats/PKCS#8|X.509]
Provider: Set BCFIPS provider property [KeyAgreement.ECDH SupportedKeyClasses/java.security.interfaces.ECPublicKey|java.security.interfaces.ECPrivateKey]
Provider: Set BCFIPS provider property [KeyAgreement.ECCDH ImplementedIn/Software]
Provider: Set BCFIPS provider property [KeyAgreement.ECCDH/org.bouncycastle.jcajce.provider.ProvEC.KeyAgreementSpi$CDH]
Provider: Set BCFIPS provider property [KeyAgreement.ECCDH SupportedKeyFormats/PKCS#8|X.509]
Provider: Set BCFIPS provider property [KeyAgreement.ECCDH SupportedKeyClasses/java.security.interfaces.ECPublicKey|java.security.interfaces.ECPrivateKey]
Provider: Set BCFIPS provider property [Alg.Alias.KeyAgreement.ECDHC/ECCDH]
Provider: Set BCFIPS provider property [KeyAgreement.ECDHWITHSHA1KDF ImplementedIn/Software]
Provider: Set BCFIPS provider property [KeyAgreement.ECDHWITHSHA1KDF/org.bouncycastle.jcajce.provider.ProvEC.KeyAgreementSpi$ECDHWITHSHA1KDF]
Provider: Set BCFIPS provider property [KeyAgreement.ECDHWITHSHA1KDF SupportedKeyFormats/PKCS#8|X.509]
Provider: Set BCFIPS provider property [KeyAgreement.ECDHWITHSHA1KDF SupportedKeyClasses/java.security.interfaces.ECPublicKey|java.security.interfaces.ECPrivateKey]
Provider: Set BCFIPS provider property [Alg.Alias.KeyAgreement.1.3.133.16.840.63.0.2/ECDHWITHSHA1KDF]
Provider: Set BCFIPS provider property [Alg.Alias.KeyAgreement.OID.1.3.133.16.840.63.0.2/ECDHWITHSHA1KDF]
Provider: Set BCFIPS provider property [Alg.Alias.KeyFactory.1.3.133.16.840.63.0.2/ECDH]
Provider: Set BCFIPS provider property [Alg.Alias.KeyFactory.OID.1.3.133.16.840.63.0.2/ECDH]
Provider: Set BCFIPS provider property [Alg.Alias.KeyPairGenerator.1.3.133.16.840.63.0.2/ECDH]
Provider: Set BCFIPS provider property [Alg.Alias.KeyPairGenerator.OID.1.3.133.16.840.63.0.2/ECDH]
Provider: Set BCFIPS provider property [Alg.Alias.AlgorithmParameters.1.3.133.16.840.63.0.2/EC]
Provider: Set BCFIPS provider property [Alg.Alias.AlgorithmParameters.OID.1.3.133.16.840.63.0.2/EC]
Provider: Set BCFIPS provider property [KeyAgreement.ECDHWITHSHA224KDF ImplementedIn/Software]
Provider: Set BCFIPS provider property [KeyAgreement.ECDHWITHSHA224KDF/org.bouncycastle.jcajce.provider.ProvEC.KeyAgreementSpi$ECDHWITHSHA224KDF]
Provider: Set BCFIPS provider property [KeyAgreement.ECDHWITHSHA224KDF SupportedKeyFormats/PKCS#8|X.509]
Provider: Set BCFIPS provider property [KeyAgreement.ECDHWITHSHA224KDF SupportedKeyClasses/java.security.interfaces.ECPublicKey|java.security.interfaces.ECPrivateKey]
Provider: Set BCFIPS provider property [Alg.Alias.KeyAgreement.1.3.132.1.11.0/ECDHWITHSHA224KDF]
Provider: Set BCFIPS provider property [Alg.Alias.KeyAgreement.OID.1.3.132.1.11.0/ECDHWITHSHA224KDF]
Provider: Set BCFIPS provider property [Alg.Alias.KeyFactory.1.3.132.1.11.0/ECDH]
Provider: Set BCFIPS provider property [Alg.Alias.KeyFactory.OID.1.3.132.1.11.0/ECDH]
Provider: Set BCFIPS provider property [Alg.Alias.KeyPairGenerator.1.3.132.1.11.0/ECDH]
Provider: Set BCFIPS provider property [Alg.Alias.KeyPairGenerator.OID.1.3.132.1.11.0/ECDH]
Provider: Set BCFIPS provider property [Alg.Alias.AlgorithmParameters.1.3.132.1.11.0/EC]
Provider: Set BCFIPS provider property [Alg.Alias.AlgorithmParameters.OID.1.3.132.1.11.0/EC]
Provider: Set BCFIPS provider property [KeyAgreement.ECDHWITHSHA256KDF ImplementedIn/Software]
Provider: Set BCFIPS provider property [KeyAgreement.ECDHWITHSHA256KDF/org.bouncycastle.jcajce.provider.ProvEC.KeyAgreementSpi$ECDHWITHSHA256KDF]
Provider: Set BCFIPS provider property [KeyAgreement.ECDHWITHSHA256KDF SupportedKeyFormats/PKCS#8|X.509]
Provider: Set BCFIPS provider property [KeyAgreement.ECDHWITHSHA256KDF SupportedKeyClasses/java.security.interfaces.ECPublicKey|java.security.interfaces.ECPrivateKey]
Provider: Set BCFIPS provider property [Alg.Alias.KeyAgreement.1.3.132.1.11.1/ECDHWITHSHA256KDF]
Provider: Set BCFIPS provider property [Alg.Alias.KeyAgreement.OID.1.3.132.1.11.1/ECDHWITHSHA256KDF]
Provider: Set BCFIPS provider property [Alg.Alias.KeyFactory.1.3.132.1.11.1/ECDH]
Provider: Set BCFIPS provider property [Alg.Alias.KeyFactory.OID.1.3.132.1.11.1/ECDH]
Provider: Set BCFIPS provider property [Alg.Alias.KeyPairGenerator.1.3.132.1.11.1/ECDH]
Provider: Set BCFIPS provider property [Alg.Alias.KeyPairGenerator.OID.1.3.132.1.11.1/ECDH]
Provider: Set BCFIPS provider property [Alg.Alias.AlgorithmParameters.1.3.132.1.11.1/EC]
Provider: Set BCFIPS provider property [Alg.Alias.AlgorithmParameters.OID.1.3.132.1.11.1/EC]
Provider: Set BCFIPS provider property [KeyAgreement.ECDHWITHSHA384KDF ImplementedIn/Software]
Provider: Set BCFIPS provider property [KeyAgreement.ECDHWITHSHA384KDF/org.bouncycastle.jcajce.provider.ProvEC.KeyAgreementSpi$ECDHWITHSHA384KDF]
Provider: Set BCFIPS provider property [KeyAgreement.ECDHWITHSHA384KDF SupportedKeyFormats/PKCS#8|X.509]
Provider: Set BCFIPS provider property [KeyAgreement.ECDHWITHSHA384KDF SupportedKeyClasses/java.security.interfaces.ECPublicKey|java.security.interfaces.ECPrivateKey]
Provider: Set BCFIPS provider property [Alg.Alias.KeyAgreement.1.3.132.1.11.2/ECDHWITHSHA384KDF]
Provider: Set BCFIPS provider property [Alg.Alias.KeyAgreement.OID.1.3.132.1.11.2/ECDHWITHSHA384KDF]
Provider: Set BCFIPS provider property [Alg.Alias.KeyFactory.1.3.132.1.11.2/ECDH]
Provider: Set BCFIPS provider property [Alg.Alias.KeyFactory.OID.1.3.132.1.11.2/ECDH]
Provider: Set BCFIPS provider property [Alg.Alias.KeyPairGenerator.1.3.132.1.11.2/ECDH]
Provider: Set BCFIPS provider property [Alg.Alias.KeyPairGenerator.OID.1.3.132.1.11.2/ECDH]
Provider: Set BCFIPS provider property [Alg.Alias.AlgorithmParameters.1.3.132.1.11.2/EC]
Provider: Set BCFIPS provider property [Alg.Alias.AlgorithmParameters.OID.1.3.132.1.11.2/EC]
Provider: Set BCFIPS provider property [KeyAgreement.ECDHWITHSHA512KDF ImplementedIn/Software]
Provider: Set BCFIPS provider property [KeyAgreement.ECDHWITHSHA512KDF/org.bouncycastle.jcajce.provider.ProvEC.KeyAgreementSpi$ECDHWITHSHA512KDF]
Provider: Set BCFIPS provider property [KeyAgreement.ECDHWITHSHA512KDF SupportedKeyFormats/PKCS#8|X.509]
Provider: Set BCFIPS provider property [KeyAgreement.ECDHWITHSHA512KDF SupportedKeyClasses/java.security.interfaces.ECPublicKey|java.security.interfaces.ECPrivateKey]
Provider: Set BCFIPS provider property [Alg.Alias.KeyAgreement.1.3.132.1.11.3/ECDHWITHSHA512KDF]
Provider: Set BCFIPS provider property [Alg.Alias.KeyAgreement.OID.1.3.132.1.11.3/ECDHWITHSHA512KDF]
Provider: Set BCFIPS provider property [Alg.Alias.KeyFactory.1.3.132.1.11.3/ECDH]
Provider: Set BCFIPS provider property [Alg.Alias.KeyFactory.OID.1.3.132.1.11.3/ECDH]
Provider: Set BCFIPS provider property [Alg.Alias.KeyPairGenerator.1.3.132.1.11.3/ECDH]
Provider: Set BCFIPS provider property [Alg.Alias.KeyPairGenerator.OID.1.3.132.1.11.3/ECDH]
Provider: Set BCFIPS provider property [Alg.Alias.AlgorithmParameters.1.3.132.1.11.3/EC]
Provider: Set BCFIPS provider property [Alg.Alias.AlgorithmParameters.OID.1.3.132.1.11.3/EC]
Provider: Set BCFIPS provider property [KeyAgreement.ECCDHWITHSHA1KDF ImplementedIn/Software]
Provider: Set BCFIPS provider property [KeyAgreement.ECCDHWITHSHA1KDF/org.bouncycastle.jcajce.provider.ProvEC.KeyAgreementSpi$ECCDHWITHSHA1KDF]
Provider: Set BCFIPS provider property [KeyAgreement.ECCDHWITHSHA1KDF SupportedKeyFormats/PKCS#8|X.509]
Provider: Set BCFIPS provider property [KeyAgreement.ECCDHWITHSHA1KDF SupportedKeyClasses/java.security.interfaces.ECPublicKey|java.security.interfaces.ECPrivateKey]
Provider: Set BCFIPS provider property [Alg.Alias.KeyAgreement.1.3.133.16.840.63.0.3/ECCDHWITHSHA1KDF]
Provider: Set BCFIPS provider property [Alg.Alias.KeyAgreement.OID.1.3.133.16.840.63.0.3/ECCDHWITHSHA1KDF]
Provider: Set BCFIPS provider property [Alg.Alias.KeyFactory.1.3.133.16.840.63.0.3/ECCDH]
Provider: Set BCFIPS provider property [Alg.Alias.KeyFactory.OID.1.3.133.16.840.63.0.3/ECCDH]
Provider: Set BCFIPS provider property [Alg.Alias.KeyPairGenerator.1.3.133.16.840.63.0.3/ECCDH]
Provider: Set BCFIPS provider property [Alg.Alias.KeyPairGenerator.OID.1.3.133.16.840.63.0.3/ECCDH]
Provider: Set BCFIPS provider property [Alg.Alias.AlgorithmParameters.1.3.133.16.840.63.0.3/EC]
Provider: Set BCFIPS provider property [Alg.Alias.AlgorithmParameters.OID.1.3.133.16.840.63.0.3/EC]
Provider: Set BCFIPS provider property [KeyAgreement.ECCDHWITHSHA224KDF ImplementedIn/Software]
Provider: Set BCFIPS provider property [KeyAgreement.ECCDHWITHSHA224KDF/org.bouncycastle.jcajce.provider.ProvEC.KeyAgreementSpi$ECCDHWITHSHA224KDF]
Provider: Set BCFIPS provider property [KeyAgreement.ECCDHWITHSHA224KDF SupportedKeyFormats/PKCS#8|X.509]
Provider: Set BCFIPS provider property [KeyAgreement.ECCDHWITHSHA224KDF SupportedKeyClasses/java.security.interfaces.ECPublicKey|java.security.interfaces.ECPrivateKey]
Provider: Set BCFIPS provider property [Alg.Alias.KeyAgreement.1.3.132.1.14.0/ECCDHWITHSHA224KDF]
Provider: Set BCFIPS provider property [Alg.Alias.KeyAgreement.OID.1.3.132.1.14.0/ECCDHWITHSHA224KDF]
Provider: Set BCFIPS provider property [Alg.Alias.KeyFactory.1.3.132.1.14.0/ECCDH]
Provider: Set BCFIPS provider property [Alg.Alias.KeyFactory.OID.1.3.132.1.14.0/ECCDH]
Provider: Set BCFIPS provider property [Alg.Alias.KeyPairGenerator.1.3.132.1.14.0/ECCDH]
Provider: Set BCFIPS provider property [Alg.Alias.KeyPairGenerator.OID.1.3.132.1.14.0/ECCDH]
Provider: Set BCFIPS provider property [Alg.Alias.AlgorithmParameters.1.3.132.1.14.0/EC]
Provider: Set BCFIPS provider property [Alg.Alias.AlgorithmParameters.OID.1.3.132.1.14.0/EC]
Provider: Set BCFIPS provider property [KeyAgreement.ECCDHWITHSHA256KDF ImplementedIn/Software]
Provider: Set BCFIPS provider property [KeyAgreement.ECCDHWITHSHA256KDF/org.bouncycastle.jcajce.provider.ProvEC.KeyAgreementSpi$ECCDHWITHSHA256KDF]
Provider: Set BCFIPS provider property [KeyAgreement.ECCDHWITHSHA256KDF SupportedKeyFormats/PKCS#8|X.509]
Provider: Set BCFIPS provider property [KeyAgreement.ECCDHWITHSHA256KDF SupportedKeyClasses/java.security.interfaces.ECPublicKey|java.security.interfaces.ECPrivateKey]
Provider: Set BCFIPS provider property [Alg.Alias.KeyAgreement.1.3.132.1.14.1/ECCDHWITHSHA256KDF]
Provider: Set BCFIPS provider property [Alg.Alias.KeyAgreement.OID.1.3.132.1.14.1/ECCDHWITHSHA256KDF]
Provider: Set BCFIPS provider property [Alg.Alias.KeyFactory.1.3.132.1.14.1/ECCDH]
Provider: Set BCFIPS provider property [Alg.Alias.KeyFactory.OID.1.3.132.1.14.1/ECCDH]
Provider: Set BCFIPS provider property [Alg.Alias.KeyPairGenerator.1.3.132.1.14.1/ECCDH]
Provider: Set BCFIPS provider property [Alg.Alias.KeyPairGenerator.OID.1.3.132.1.14.1/ECCDH]
Provider: Set BCFIPS provider property [Alg.Alias.AlgorithmParameters.1.3.132.1.14.1/EC]
Provider: Set BCFIPS provider property [Alg.Alias.AlgorithmParameters.OID.1.3.132.1.14.1/EC]
Provider: Set BCFIPS provider property [KeyAgreement.ECCDHWITHSHA384KDF ImplementedIn/Software]
Provider: Set BCFIPS provider property [KeyAgreement.ECCDHWITHSHA384KDF/org.bouncycastle.jcajce.provider.ProvEC.KeyAgreementSpi$ECCDHWITHSHA384KDF]
Provider: Set BCFIPS provider property [KeyAgreement.ECCDHWITHSHA384KDF SupportedKeyFormats/PKCS#8|X.509]
Provider: Set BCFIPS provider property [KeyAgreement.ECCDHWITHSHA384KDF SupportedKeyClasses/java.security.interfaces.ECPublicKey|java.security.interfaces.ECPrivateKey]
Provider: Set BCFIPS provider property [Alg.Alias.KeyAgreement.1.3.132.1.14.2/ECCDHWITHSHA384KDF]
Provider: Set BCFIPS provider property [Alg.Alias.KeyAgreement.OID.1.3.132.1.14.2/ECCDHWITHSHA384KDF]
Provider: Set BCFIPS provider property [Alg.Alias.KeyFactory.1.3.132.1.14.2/ECCDH]
Provider: Set BCFIPS provider property [Alg.Alias.KeyFactory.OID.1.3.132.1.14.2/ECCDH]
Provider: Set BCFIPS provider property [Alg.Alias.KeyPairGenerator.1.3.132.1.14.2/ECCDH]
Provider: Set BCFIPS provider property [Alg.Alias.KeyPairGenerator.OID.1.3.132.1.14.2/ECCDH]
Provider: Set BCFIPS provider property [Alg.Alias.AlgorithmParameters.1.3.132.1.14.2/EC]
Provider: Set BCFIPS provider property [Alg.Alias.AlgorithmParameters.OID.1.3.132.1.14.2/EC]
Provider: Set BCFIPS provider property [KeyAgreement.ECCDHWITHSHA512KDF ImplementedIn/Software]
Provider: Set BCFIPS provider property [KeyAgreement.ECCDHWITHSHA512KDF/org.bouncycastle.jcajce.provider.ProvEC.KeyAgreementSpi$ECCDHWITHSHA512KDF]
Provider: Set BCFIPS provider property [KeyAgreement.ECCDHWITHSHA512KDF SupportedKeyFormats/PKCS#8|X.509]
Provider: Set BCFIPS provider property [KeyAgreement.ECCDHWITHSHA512KDF SupportedKeyClasses/java.security.interfaces.ECPublicKey|java.security.interfaces.ECPrivateKey]
Provider: Set BCFIPS provider property [Alg.Alias.KeyAgreement.1.3.132.1.14.3/ECCDHWITHSHA512KDF]
Provider: Set BCFIPS provider property [Alg.Alias.KeyAgreement.OID.1.3.132.1.14.3/ECCDHWITHSHA512KDF]
Provider: Set BCFIPS provider property [Alg.Alias.KeyFactory.1.3.132.1.14.3/ECCDH]
Provider: Set BCFIPS provider property [Alg.Alias.KeyFactory.OID.1.3.132.1.14.3/ECCDH]
Provider: Set BCFIPS provider property [Alg.Alias.KeyPairGenerator.1.3.132.1.14.3/ECCDH]
Provider: Set BCFIPS provider property [Alg.Alias.KeyPairGenerator.OID.1.3.132.1.14.3/ECCDH]
Provider: Set BCFIPS provider property [Alg.Alias.AlgorithmParameters.1.3.132.1.14.3/EC]
Provider: Set BCFIPS provider property [Alg.Alias.AlgorithmParameters.OID.1.3.132.1.14.3/EC]
Provider: Set BCFIPS provider property [KeyAgreement.ECCDHWITHSHA512(224)KDF ImplementedIn/Software]
Provider: Set BCFIPS provider property [KeyAgreement.ECCDHWITHSHA512(224)KDF/org.bouncycastle.jcajce.provider.ProvEC.KeyAgreementSpi$ECCDHWITHSHA512(224)KDF]
Provider: Set BCFIPS provider property [KeyAgreement.ECCDHWITHSHA512(224)KDF SupportedKeyFormats/PKCS#8|X.509]
Provider: Set BCFIPS provider property [KeyAgreement.ECCDHWITHSHA512(224)KDF SupportedKeyClasses/java.security.interfaces.ECPublicKey|java.security.interfaces.ECPrivateKey]
Provider: Set BCFIPS provider property [KeyAgreement.ECCDHWITHSHA512(256)KDF ImplementedIn/Software]
Provider: Set BCFIPS provider property [KeyAgreement.ECCDHWITHSHA512(256)KDF/org.bouncycastle.jcajce.provider.ProvEC.KeyAgreementSpi$ECCDHWITHSHA512(256)KDF]
Provider: Set BCFIPS provider property [KeyAgreement.ECCDHWITHSHA512(256)KDF SupportedKeyFormats/PKCS#8|X.509]
Provider: Set BCFIPS provider property [KeyAgreement.ECCDHWITHSHA512(256)KDF SupportedKeyClasses/java.security.interfaces.ECPublicKey|java.security.interfaces.ECPrivateKey]
Provider: Set BCFIPS provider property [KeyAgreement.ECCDHWITHSHA1CKDF ImplementedIn/Software]
Provider: Set BCFIPS provider property [KeyAgreement.ECCDHWITHSHA1CKDF/org.bouncycastle.jcajce.provider.ProvEC.KeyAgreementSpi$ECCDHWITHSHA1CKDF]
Provider: Set BCFIPS provider property [KeyAgreement.ECCDHWITHSHA1CKDF SupportedKeyFormats/PKCS#8|X.509]
Provider: Set BCFIPS provider property [KeyAgreement.ECCDHWITHSHA1CKDF SupportedKeyClasses/java.security.interfaces.ECPublicKey|java.security.interfaces.ECPrivateKey]
Provider: Set BCFIPS provider property [KeyAgreement.ECCDHWITHSHA224CKDF ImplementedIn/Software]
Provider: Set BCFIPS provider property [KeyAgreement.ECCDHWITHSHA224CKDF/org.bouncycastle.jcajce.provider.ProvEC.KeyAgreementSpi$ECCDHWITHSHA224CKDF]
Provider: Set BCFIPS provider property [KeyAgreement.ECCDHWITHSHA224CKDF SupportedKeyFormats/PKCS#8|X.509]
Provider: Set BCFIPS provider property [KeyAgreement.ECCDHWITHSHA224CKDF SupportedKeyClasses/java.security.interfaces.ECPublicKey|java.security.interfaces.ECPrivateKey]
Provider: Set BCFIPS provider property [KeyAgreement.ECCDHWITHSHA256CKDF ImplementedIn/Software]
Provider: Set BCFIPS provider property [KeyAgreement.ECCDHWITHSHA256CKDF/org.bouncycastle.jcajce.provider.ProvEC.KeyAgreementSpi$ECCDHWITHSHA256CKDF]
Provider: Set BCFIPS provider property [KeyAgreement.ECCDHWITHSHA256CKDF SupportedKeyFormats/PKCS#8|X.509]
Provider: Set BCFIPS provider property [KeyAgreement.ECCDHWITHSHA256CKDF SupportedKeyClasses/java.security.interfaces.ECPublicKey|java.security.interfaces.ECPrivateKey]
Provider: Set BCFIPS provider property [KeyAgreement.ECCDHWITHSHA384CKDF ImplementedIn/Software]
Provider: Set BCFIPS provider property [KeyAgreement.ECCDHWITHSHA384CKDF/org.bouncycastle.jcajce.provider.ProvEC.KeyAgreementSpi$ECCDHWITHSHA384CKDF]
Provider: Set BCFIPS provider property [KeyAgreement.ECCDHWITHSHA384CKDF SupportedKeyFormats/PKCS#8|X.509]
Provider: Set BCFIPS provider property [KeyAgreement.ECCDHWITHSHA384CKDF SupportedKeyClasses/java.security.interfaces.ECPublicKey|java.security.interfaces.ECPrivateKey]
Provider: Set BCFIPS provider property [KeyAgreement.ECCDHWITHSHA512CKDF ImplementedIn/Software]
Provider: Set BCFIPS provider property [KeyAgreement.ECCDHWITHSHA512CKDF/org.bouncycastle.jcajce.provider.ProvEC.KeyAgreementSpi$ECCDHWITHSHA512CKDF]
Provider: Set BCFIPS provider property [KeyAgreement.ECCDHWITHSHA512CKDF SupportedKeyFormats/PKCS#8|X.509]
Provider: Set BCFIPS provider property [KeyAgreement.ECCDHWITHSHA512CKDF SupportedKeyClasses/java.security.interfaces.ECPublicKey|java.security.interfaces.ECPrivateKey]
Provider: Set BCFIPS provider property [KeyAgreement.ECCDHWITHSHA512(224)CKDF ImplementedIn/Software]
Provider: Set BCFIPS provider property [KeyAgreement.ECCDHWITHSHA512(224)CKDF/org.bouncycastle.jcajce.provider.ProvEC.KeyAgreementSpi$ECCDHWITHSHA512(224)CKDF]
Provider: Set BCFIPS provider property [KeyAgreement.ECCDHWITHSHA512(224)CKDF SupportedKeyFormats/PKCS#8|X.509]
Provider: Set BCFIPS provider property [KeyAgreement.ECCDHWITHSHA512(224)CKDF SupportedKeyClasses/java.security.interfaces.ECPublicKey|java.security.interfaces.ECPrivateKey]
Provider: Set BCFIPS provider property [KeyAgreement.ECCDHWITHSHA512(256)CKDF ImplementedIn/Software]
Provider: Set BCFIPS provider property [KeyAgreement.ECCDHWITHSHA512(256)CKDF/org.bouncycastle.jcajce.provider.ProvEC.KeyAgreementSpi$ECCDHWITHSHA512(256)CKDF]
Provider: Set BCFIPS provider property [KeyAgreement.ECCDHWITHSHA512(256)CKDF SupportedKeyFormats/PKCS#8|X.509]
Provider: Set BCFIPS provider property [KeyAgreement.ECCDHWITHSHA512(256)CKDF SupportedKeyClasses/java.security.interfaces.ECPublicKey|java.security.interfaces.ECPrivateKey]
Provider: Set BCFIPS provider property [KeyAgreement.ECCDHWITHSHA3-224CKDF ImplementedIn/Software]
Provider: Set BCFIPS provider property [KeyAgreement.ECCDHWITHSHA3-224CKDF/org.bouncycastle.jcajce.provider.ProvEC.KeyAgreementSpi$ECCDHWITHSHA3-224CKDF]
Provider: Set BCFIPS provider property [KeyAgreement.ECCDHWITHSHA3-224CKDF SupportedKeyFormats/PKCS#8|X.509]
Provider: Set BCFIPS provider property [KeyAgreement.ECCDHWITHSHA3-224CKDF SupportedKeyClasses/java.security.interfaces.ECPublicKey|java.security.interfaces.ECPrivateKey]
Provider: Set BCFIPS provider property [KeyAgreement.ECCDHWITHSHA3-256CKDF ImplementedIn/Software]
Provider: Set BCFIPS provider property [KeyAgreement.ECCDHWITHSHA3-256CKDF/org.bouncycastle.jcajce.provider.ProvEC.KeyAgreementSpi$ECCDHWITHSHA3-256CKDF]
Provider: Set BCFIPS provider property [KeyAgreement.ECCDHWITHSHA3-256CKDF SupportedKeyFormats/PKCS#8|X.509]
Provider: Set BCFIPS provider property [KeyAgreement.ECCDHWITHSHA3-256CKDF SupportedKeyClasses/java.security.interfaces.ECPublicKey|java.security.interfaces.ECPrivateKey]
Provider: Set BCFIPS provider property [KeyAgreement.ECCDHWITHSHA3-384CKDF ImplementedIn/Software]
Provider: Set BCFIPS provider property [KeyAgreement.ECCDHWITHSHA3-384CKDF/org.bouncycastle.jcajce.provider.ProvEC.KeyAgreementSpi$ECCDHWITHSHA3-384CKDF]
Provider: Set BCFIPS provider property [KeyAgreement.ECCDHWITHSHA3-384CKDF SupportedKeyFormats/PKCS#8|X.509]
Provider: Set BCFIPS provider property [KeyAgreement.ECCDHWITHSHA3-384CKDF SupportedKeyClasses/java.security.interfaces.ECPublicKey|java.security.interfaces.ECPrivateKey]
Provider: Set BCFIPS provider property [KeyAgreement.ECCDHWITHSHA3-512CKDF ImplementedIn/Software]
Provider: Set BCFIPS provider property [KeyAgreement.ECCDHWITHSHA3-512CKDF/org.bouncycastle.jcajce.provider.ProvEC.KeyAgreementSpi$ECCDHWITHSHA3-512CKDF]
Provider: Set BCFIPS provider property [KeyAgreement.ECCDHWITHSHA3-512CKDF SupportedKeyFormats/PKCS#8|X.509]
Provider: Set BCFIPS provider property [KeyAgreement.ECCDHWITHSHA3-512CKDF SupportedKeyClasses/java.security.interfaces.ECPublicKey|java.security.interfaces.ECPrivateKey]
Provider: Set BCFIPS provider property [KeyAgreement.ECCDHWITHHMACSHA224CKDF ImplementedIn/Software]
Provider: Set BCFIPS provider property [KeyAgreement.ECCDHWITHHMACSHA224CKDF/org.bouncycastle.jcajce.provider.ProvEC.KeyAgreementSpi$ECCDHWITHHMACSHA224CKDF]
Provider: Set BCFIPS provider property [KeyAgreement.ECCDHWITHHMACSHA224CKDF SupportedKeyFormats/PKCS#8|X.509]
Provider: Set BCFIPS provider property [KeyAgreement.ECCDHWITHHMACSHA224CKDF SupportedKeyClasses/java.security.interfaces.ECPublicKey|java.security.interfaces.ECPrivateKey]
Provider: Set BCFIPS provider property [KeyAgreement.ECCDHWITHHMACSHA256CKDF ImplementedIn/Software]
Provider: Set BCFIPS provider property [KeyAgreement.ECCDHWITHHMACSHA256CKDF/org.bouncycastle.jcajce.provider.ProvEC.KeyAgreementSpi$ECCDHWITHHMACSHA256CKDF]
Provider: Set BCFIPS provider property [KeyAgreement.ECCDHWITHHMACSHA256CKDF SupportedKeyFormats/PKCS#8|X.509]
Provider: Set BCFIPS provider property [KeyAgreement.ECCDHWITHHMACSHA256CKDF SupportedKeyClasses/java.security.interfaces.ECPublicKey|java.security.interfaces.ECPrivateKey]
Provider: Set BCFIPS provider property [KeyAgreement.ECCDHWITHHMACSHA384CKDF ImplementedIn/Software]
Provider: Set BCFIPS provider property [KeyAgreement.ECCDHWITHHMACSHA384CKDF/org.bouncycastle.jcajce.provider.ProvEC.KeyAgreementSpi$ECCDHWITHHMACSHA384CKDF]
Provider: Set BCFIPS provider property [KeyAgreement.ECCDHWITHHMACSHA384CKDF SupportedKeyFormats/PKCS#8|X.509]
Provider: Set BCFIPS provider property [KeyAgreement.ECCDHWITHHMACSHA384CKDF SupportedKeyClasses/java.security.interfaces.ECPublicKey|java.security.interfaces.ECPrivateKey]
Provider: Set BCFIPS provider property [KeyAgreement.ECCDHWITHHMACSHA512CKDF ImplementedIn/Software]
Provider: Set BCFIPS provider property [KeyAgreement.ECCDHWITHHMACSHA512CKDF/org.bouncycastle.jcajce.provider.ProvEC.KeyAgreementSpi$ECCDHWITHHMACSHA512CKDF]
Provider: Set BCFIPS provider property [KeyAgreement.ECCDHWITHHMACSHA512CKDF SupportedKeyFormats/PKCS#8|X.509]
Provider: Set BCFIPS provider property [KeyAgreement.ECCDHWITHHMACSHA512CKDF SupportedKeyClasses/java.security.interfaces.ECPublicKey|java.security.interfaces.ECPrivateKey]
Provider: Set BCFIPS provider property [KeyAgreement.ECCDHWITHHMACSHA512(224)CKDF ImplementedIn/Software]
Provider: Set BCFIPS provider property [KeyAgreement.ECCDHWITHHMACSHA512(224)CKDF/org.bouncycastle.jcajce.provider.ProvEC.KeyAgreementSpi$ECCDHWITHHMACSHA512(224)CKDF]
Provider: Set BCFIPS provider property [KeyAgreement.ECCDHWITHHMACSHA512(224)CKDF SupportedKeyFormats/PKCS#8|X.509]
Provider: Set BCFIPS provider property [KeyAgreement.ECCDHWITHHMACSHA512(224)CKDF SupportedKeyClasses/java.security.interfaces.ECPublicKey|java.security.interfaces.ECPrivateKey]
Provider: Set BCFIPS provider property [KeyAgreement.ECCDHWITHHMACSHA512(256)CKDF ImplementedIn/Software]
Provider: Set BCFIPS provider property [KeyAgreement.ECCDHWITHHMACSHA512(256)CKDF/org.bouncycastle.jcajce.provider.ProvEC.KeyAgreementSpi$ECCDHWITHHMACSHA512(256)CKDF]
Provider: Set BCFIPS provider property [KeyAgreement.ECCDHWITHHMACSHA512(256)CKDF SupportedKeyFormats/PKCS#8|X.509]
Provider: Set BCFIPS provider property [KeyAgreement.ECCDHWITHHMACSHA512(256)CKDF SupportedKeyClasses/java.security.interfaces.ECPublicKey|java.security.interfaces.ECPrivateKey]
Provider: Set BCFIPS provider property [KeyAgreement.ECCDHWITHHMACSHA3-224CKDF ImplementedIn/Software]
Provider: Set BCFIPS provider property [KeyAgreement.ECCDHWITHHMACSHA3-224CKDF/org.bouncycastle.jcajce.provider.ProvEC.KeyAgreementSpi$ECCDHWITHHMACSHA3-224CKDF]
Provider: Set BCFIPS provider property [KeyAgreement.ECCDHWITHHMACSHA3-224CKDF SupportedKeyFormats/PKCS#8|X.509]
Provider: Set BCFIPS provider property [KeyAgreement.ECCDHWITHHMACSHA3-224CKDF SupportedKeyClasses/java.security.interfaces.ECPublicKey|java.security.interfaces.ECPrivateKey]
Provider: Set BCFIPS provider property [KeyAgreement.ECCDHWITHHMACSHA3-256CKDF ImplementedIn/Software]
Provider: Set BCFIPS provider property [KeyAgreement.ECCDHWITHHMACSHA3-256CKDF/org.bouncycastle.jcajce.provider.ProvEC.KeyAgreementSpi$ECCDHWITHHMACSHA3-256CKDF]
Provider: Set BCFIPS provider property [KeyAgreement.ECCDHWITHHMACSHA3-256CKDF SupportedKeyFormats/PKCS#8|X.509]
Provider: Set BCFIPS provider property [KeyAgreement.ECCDHWITHHMACSHA3-256CKDF SupportedKeyClasses/java.security.interfaces.ECPublicKey|java.security.interfaces.ECPrivateKey]
Provider: Set BCFIPS provider property [KeyAgreement.ECCDHWITHHMACSHA3-384CKDF ImplementedIn/Software]
Provider: Set BCFIPS provider property [KeyAgreement.ECCDHWITHHMACSHA3-384CKDF/org.bouncycastle.jcajce.provider.ProvEC.KeyAgreementSpi$ECCDHWITHHMACSHA3-384CKDF]
Provider: Set BCFIPS provider property [KeyAgreement.ECCDHWITHHMACSHA3-384CKDF SupportedKeyFormats/PKCS#8|X.509]
Provider: Set BCFIPS provider property [KeyAgreement.ECCDHWITHHMACSHA3-384CKDF SupportedKeyClasses/java.security.interfaces.ECPublicKey|java.security.interfaces.ECPrivateKey]
Provider: Set BCFIPS provider property [KeyAgreement.ECCDHWITHHMACSHA3-512CKDF ImplementedIn/Software]
Provider: Set BCFIPS provider property [KeyAgreement.ECCDHWITHHMACSHA3-512CKDF/org.bouncycastle.jcajce.provider.ProvEC.KeyAgreementSpi$ECCDHWITHHMACSHA3-512CKDF]
Provider: Set BCFIPS provider property [KeyAgreement.ECCDHWITHHMACSHA3-512CKDF SupportedKeyFormats/PKCS#8|X.509]
Provider: Set BCFIPS provider property [KeyAgreement.ECCDHWITHHMACSHA3-512CKDF SupportedKeyClasses/java.security.interfaces.ECPublicKey|java.security.interfaces.ECPrivateKey]
Provider: Set BCFIPS provider property [KeyAgreement.ECCDHWITHKMAC-128CKDF ImplementedIn/Software]
Provider: Set BCFIPS provider property [KeyAgreement.ECCDHWITHKMAC-128CKDF/org.bouncycastle.jcajce.provider.ProvEC.KeyAgreementSpi$ECCDHWITHKMAC-128CKDF]
Provider: Set BCFIPS provider property [KeyAgreement.ECCDHWITHKMAC-128CKDF SupportedKeyFormats/PKCS#8|X.509]
Provider: Set BCFIPS provider property [KeyAgreement.ECCDHWITHKMAC-128CKDF SupportedKeyClasses/java.security.interfaces.ECPublicKey|java.security.interfaces.ECPrivateKey]
Provider: Set BCFIPS provider property [KeyAgreement.ECCDHWITHKMAC-256CKDF ImplementedIn/Software]
Provider: Set BCFIPS provider property [KeyAgreement.ECCDHWITHKMAC-256CKDF/org.bouncycastle.jcajce.provider.ProvEC.KeyAgreementSpi$ECCDHWITHKMAC-256CKDF]
Provider: Set BCFIPS provider property [KeyAgreement.ECCDHWITHKMAC-256CKDF SupportedKeyFormats/PKCS#8|X.509]
Provider: Set BCFIPS provider property [KeyAgreement.ECCDHWITHKMAC-256CKDF SupportedKeyClasses/java.security.interfaces.ECPublicKey|java.security.interfaces.ECPrivateKey]
Provider: Set BCFIPS provider property [KeyAgreement.ECCDHWITHCMACTSKDF ImplementedIn/Software]
Provider: Set BCFIPS provider property [KeyAgreement.ECCDHWITHCMACTSKDF/org.bouncycastle.jcajce.provider.ProvEC.KeyAgreementSpi$ECCDHWITHCMACTSKDF]
Provider: Set BCFIPS provider property [KeyAgreement.ECCDHWITHCMACTSKDF SupportedKeyFormats/PKCS#8|X.509]
Provider: Set BCFIPS provider property [KeyAgreement.ECCDHWITHCMACTSKDF SupportedKeyClasses/java.security.interfaces.ECPublicKey|java.security.interfaces.ECPrivateKey]
Provider: Set BCFIPS provider property [KeyAgreement.ECCDHWITHHMACSHA1TSKDF ImplementedIn/Software]
Provider: Set BCFIPS provider property [KeyAgreement.ECCDHWITHHMACSHA1TSKDF/org.bouncycastle.jcajce.provider.ProvEC.KeyAgreementSpi$ECCDHWITHHMACSHA1TSKDF]
Provider: Set BCFIPS provider property [KeyAgreement.ECCDHWITHHMACSHA1TSKDF SupportedKeyFormats/PKCS#8|X.509]
Provider: Set BCFIPS provider property [KeyAgreement.ECCDHWITHHMACSHA1TSKDF SupportedKeyClasses/java.security.interfaces.ECPublicKey|java.security.interfaces.ECPrivateKey]
Provider: Set BCFIPS provider property [KeyAgreement.ECCDHWITHHMACSHA224TSKDF ImplementedIn/Software]
Provider: Set BCFIPS provider property [KeyAgreement.ECCDHWITHHMACSHA224TSKDF/org.bouncycastle.jcajce.provider.ProvEC.KeyAgreementSpi$ECCDHWITHHMACSHA224TSKDF]
Provider: Set BCFIPS provider property [KeyAgreement.ECCDHWITHHMACSHA224TSKDF SupportedKeyFormats/PKCS#8|X.509]
Provider: Set BCFIPS provider property [KeyAgreement.ECCDHWITHHMACSHA224TSKDF SupportedKeyClasses/java.security.interfaces.ECPublicKey|java.security.interfaces.ECPrivateKey]
Provider: Set BCFIPS provider property [KeyAgreement.ECCDHWITHHMACSHA256TSKDF ImplementedIn/Software]
Provider: Set BCFIPS provider property [KeyAgreement.ECCDHWITHHMACSHA256TSKDF/org.bouncycastle.jcajce.provider.ProvEC.KeyAgreementSpi$ECCDHWITHHMACSHA256TSKDF]
Provider: Set BCFIPS provider property [KeyAgreement.ECCDHWITHHMACSHA256TSKDF SupportedKeyFormats/PKCS#8|X.509]
Provider: Set BCFIPS provider property [KeyAgreement.ECCDHWITHHMACSHA256TSKDF SupportedKeyClasses/java.security.interfaces.ECPublicKey|java.security.interfaces.ECPrivateKey]
Provider: Set BCFIPS provider property [KeyAgreement.ECCDHWITHHMACSHA384TSKDF ImplementedIn/Software]
Provider: Set BCFIPS provider property [KeyAgreement.ECCDHWITHHMACSHA384TSKDF/org.bouncycastle.jcajce.provider.ProvEC.KeyAgreementSpi$ECCDHWITHHMACSHA384TSKDF]
Provider: Set BCFIPS provider property [KeyAgreement.ECCDHWITHHMACSHA384TSKDF SupportedKeyFormats/PKCS#8|X.509]
Provider: Set BCFIPS provider property [KeyAgreement.ECCDHWITHHMACSHA384TSKDF SupportedKeyClasses/java.security.interfaces.ECPublicKey|java.security.interfaces.ECPrivateKey]
Provider: Set BCFIPS provider property [KeyAgreement.ECCDHWITHHMACSHA512TSKDF ImplementedIn/Software]
Provider: Set BCFIPS provider property [KeyAgreement.ECCDHWITHHMACSHA512TSKDF/org.bouncycastle.jcajce.provider.ProvEC.KeyAgreementSpi$ECCDHWITHHMACSHA512TSKDF]
Provider: Set BCFIPS provider property [KeyAgreement.ECCDHWITHHMACSHA512TSKDF SupportedKeyFormats/PKCS#8|X.509]
Provider: Set BCFIPS provider property [KeyAgreement.ECCDHWITHHMACSHA512TSKDF SupportedKeyClasses/java.security.interfaces.ECPublicKey|java.security.interfaces.ECPrivateKey]
Provider: Set BCFIPS provider property [KeyAgreement.ECCDHWITHHMACSHA512(224)TSKDF ImplementedIn/Software]
Provider: Set BCFIPS provider property [KeyAgreement.ECCDHWITHHMACSHA512(224)TSKDF/org.bouncycastle.jcajce.provider.ProvEC.KeyAgreementSpi$ECCDHWITHHMACSHA512(224)TSKDF]
Provider: Set BCFIPS provider property [KeyAgreement.ECCDHWITHHMACSHA512(224)TSKDF SupportedKeyFormats/PKCS#8|X.509]
Provider: Set BCFIPS provider property [KeyAgreement.ECCDHWITHHMACSHA512(224)TSKDF SupportedKeyClasses/java.security.interfaces.ECPublicKey|java.security.interfaces.ECPrivateKey]
Provider: Set BCFIPS provider property [KeyAgreement.ECCDHWITHHMACSHA512(256)TSKDF ImplementedIn/Software]
Provider: Set BCFIPS provider property [KeyAgreement.ECCDHWITHHMACSHA512(256)TSKDF/org.bouncycastle.jcajce.provider.ProvEC.KeyAgreementSpi$ECCDHWITHHMACSHA512(256)TSKDF]
Provider: Set BCFIPS provider property [KeyAgreement.ECCDHWITHHMACSHA512(256)TSKDF SupportedKeyFormats/PKCS#8|X.509]
Provider: Set BCFIPS provider property [KeyAgreement.ECCDHWITHHMACSHA512(256)TSKDF SupportedKeyClasses/java.security.interfaces.ECPublicKey|java.security.interfaces.ECPrivateKey]
Provider: Set BCFIPS provider property [KeyAgreement.ECCDHWITHHMACSHA3-224TSKDF ImplementedIn/Software]
Provider: Set BCFIPS provider property [KeyAgreement.ECCDHWITHHMACSHA3-224TSKDF/org.bouncycastle.jcajce.provider.ProvEC.KeyAgreementSpi$ECCDHWITHHMACSHA3-224TSKDF]
Provider: Set BCFIPS provider property [KeyAgreement.ECCDHWITHHMACSHA3-224TSKDF SupportedKeyFormats/PKCS#8|X.509]
Provider: Set BCFIPS provider property [KeyAgreement.ECCDHWITHHMACSHA3-224TSKDF SupportedKeyClasses/java.security.interfaces.ECPublicKey|java.security.interfaces.ECPrivateKey]
Provider: Set BCFIPS provider property [KeyAgreement.ECCDHWITHHMACSHA3-256TSKDF ImplementedIn/Software]
Provider: Set BCFIPS provider property [KeyAgreement.ECCDHWITHHMACSHA3-256TSKDF/org.bouncycastle.jcajce.provider.ProvEC.KeyAgreementSpi$ECCDHWITHHMACSHA3-256TSKDF]
Provider: Set BCFIPS provider property [KeyAgreement.ECCDHWITHHMACSHA3-256TSKDF SupportedKeyFormats/PKCS#8|X.509]
Provider: Set BCFIPS provider property [KeyAgreement.ECCDHWITHHMACSHA3-256TSKDF SupportedKeyClasses/java.security.interfaces.ECPublicKey|java.security.interfaces.ECPrivateKey]
Provider: Set BCFIPS provider property [KeyAgreement.ECCDHWITHHMACSHA3-384TSKDF ImplementedIn/Software]
Provider: Set BCFIPS provider property [KeyAgreement.ECCDHWITHHMACSHA3-384TSKDF/org.bouncycastle.jcajce.provider.ProvEC.KeyAgreementSpi$ECCDHWITHHMACSHA3-384TSKDF]
Provider: Set BCFIPS provider property [KeyAgreement.ECCDHWITHHMACSHA3-384TSKDF SupportedKeyFormats/PKCS#8|X.509]
Provider: Set BCFIPS provider property [KeyAgreement.ECCDHWITHHMACSHA3-384TSKDF SupportedKeyClasses/java.security.interfaces.ECPublicKey|java.security.interfaces.ECPrivateKey]
Provider: Set BCFIPS provider property [KeyAgreement.ECCDHWITHHMACSHA3-512TSKDF ImplementedIn/Software]
Provider: Set BCFIPS provider property [KeyAgreement.ECCDHWITHHMACSHA3-512TSKDF/org.bouncycastle.jcajce.provider.ProvEC.KeyAgreementSpi$ECCDHWITHHMACSHA3-512TSKDF]
Provider: Set BCFIPS provider property [KeyAgreement.ECCDHWITHHMACSHA3-512TSKDF SupportedKeyFormats/PKCS#8|X.509]
Provider: Set BCFIPS provider property [KeyAgreement.ECCDHWITHHMACSHA3-512TSKDF SupportedKeyClasses/java.security.interfaces.ECPublicKey|java.security.interfaces.ECPrivateKey]
Provider: Set BCFIPS provider property [KeyAgreement.ECCDHUWITHSHA1KDF ImplementedIn/Software]
Provider: Set BCFIPS provider property [KeyAgreement.ECCDHUWITHSHA1KDF/org.bouncycastle.jcajce.provider.ProvEC.KeyAgreementSpi$ECCDHUWITHSHA1KDF]
Provider: Set BCFIPS provider property [KeyAgreement.ECCDHUWITHSHA1KDF SupportedKeyFormats/PKCS#8|X.509]
Provider: Set BCFIPS provider property [KeyAgreement.ECCDHUWITHSHA1KDF SupportedKeyClasses/java.security.interfaces.ECPublicKey|java.security.interfaces.ECPrivateKey]
Provider: Set BCFIPS provider property [KeyAgreement.ECCDHUWITHSHA224KDF ImplementedIn/Software]
Provider: Set BCFIPS provider property [KeyAgreement.ECCDHUWITHSHA224KDF/org.bouncycastle.jcajce.provider.ProvEC.KeyAgreementSpi$ECCDHUWITHSHA224KDF]
Provider: Set BCFIPS provider property [KeyAgreement.ECCDHUWITHSHA224KDF SupportedKeyFormats/PKCS#8|X.509]
Provider: Set BCFIPS provider property [KeyAgreement.ECCDHUWITHSHA224KDF SupportedKeyClasses/java.security.interfaces.ECPublicKey|java.security.interfaces.ECPrivateKey]
Provider: Set BCFIPS provider property [KeyAgreement.ECCDHUWITHSHA256KDF ImplementedIn/Software]
Provider: Set BCFIPS provider property [KeyAgreement.ECCDHUWITHSHA256KDF/org.bouncycastle.jcajce.provider.ProvEC.KeyAgreementSpi$ECCDHUWITHSHA256KDF]
Provider: Set BCFIPS provider property [KeyAgreement.ECCDHUWITHSHA256KDF SupportedKeyFormats/PKCS#8|X.509]
Provider: Set BCFIPS provider property [KeyAgreement.ECCDHUWITHSHA256KDF SupportedKeyClasses/java.security.interfaces.ECPublicKey|java.security.interfaces.ECPrivateKey]
Provider: Set BCFIPS provider property [KeyAgreement.ECCDHUWITHSHA384KDF ImplementedIn/Software]
Provider: Set BCFIPS provider property [KeyAgreement.ECCDHUWITHSHA384KDF/org.bouncycastle.jcajce.provider.ProvEC.KeyAgreementSpi$ECCDHUWITHSHA384KDF]
Provider: Set BCFIPS provider property [KeyAgreement.ECCDHUWITHSHA384KDF SupportedKeyFormats/PKCS#8|X.509]
Provider: Set BCFIPS provider property [KeyAgreement.ECCDHUWITHSHA384KDF SupportedKeyClasses/java.security.interfaces.ECPublicKey|java.security.interfaces.ECPrivateKey]
Provider: Set BCFIPS provider property [KeyAgreement.ECCDHUWITHSHA512KDF ImplementedIn/Software]
Provider: Set BCFIPS provider property [KeyAgreement.ECCDHUWITHSHA512KDF/org.bouncycastle.jcajce.provider.ProvEC.KeyAgreementSpi$ECCDHUWITHSHA512KDF]
Provider: Set BCFIPS provider property [KeyAgreement.ECCDHUWITHSHA512KDF SupportedKeyFormats/PKCS#8|X.509]
Provider: Set BCFIPS provider property [KeyAgreement.ECCDHUWITHSHA512KDF SupportedKeyClasses/java.security.interfaces.ECPublicKey|java.security.interfaces.ECPrivateKey]
Provider: Set BCFIPS provider property [KeyAgreement.ECCDHUWITHSHA512(224)KDF ImplementedIn/Software]
Provider: Set BCFIPS provider property [KeyAgreement.ECCDHUWITHSHA512(224)KDF/org.bouncycastle.jcajce.provider.ProvEC.KeyAgreementSpi$ECCDHUWITHSHA512(224)KDF]
Provider: Set BCFIPS provider property [KeyAgreement.ECCDHUWITHSHA512(224)KDF SupportedKeyFormats/PKCS#8|X.509]
Provider: Set BCFIPS provider property [KeyAgreement.ECCDHUWITHSHA512(224)KDF SupportedKeyClasses/java.security.interfaces.ECPublicKey|java.security.interfaces.ECPrivateKey]
Provider: Set BCFIPS provider property [KeyAgreement.ECCDHUWITHSHA512(256)KDF ImplementedIn/Software]
Provider: Set BCFIPS provider property [KeyAgreement.ECCDHUWITHSHA512(256)KDF/org.bouncycastle.jcajce.provider.ProvEC.KeyAgreementSpi$ECCDHUWITHSHA512(256)KDF]
Provider: Set BCFIPS provider property [KeyAgreement.ECCDHUWITHSHA512(256)KDF SupportedKeyFormats/PKCS#8|X.509]
Provider: Set BCFIPS provider property [KeyAgreement.ECCDHUWITHSHA512(256)KDF SupportedKeyClasses/java.security.interfaces.ECPublicKey|java.security.interfaces.ECPrivateKey]
Provider: Set BCFIPS provider property [KeyAgreement.ECCDHUWITHSHA1CKDF ImplementedIn/Software]
Provider: Set BCFIPS provider property [KeyAgreement.ECCDHUWITHSHA1CKDF/org.bouncycastle.jcajce.provider.ProvEC.KeyAgreementSpi$ECCDHUWITHSHA1CKDF]
Provider: Set BCFIPS provider property [KeyAgreement.ECCDHUWITHSHA1CKDF SupportedKeyFormats/PKCS#8|X.509]
Provider: Set BCFIPS provider property [KeyAgreement.ECCDHUWITHSHA1CKDF SupportedKeyClasses/java.security.interfaces.ECPublicKey|java.security.interfaces.ECPrivateKey]
Provider: Set BCFIPS provider property [KeyAgreement.ECCDHUWITHSHA224CKDF ImplementedIn/Software]
Provider: Set BCFIPS provider property [KeyAgreement.ECCDHUWITHSHA224CKDF/org.bouncycastle.jcajce.provider.ProvEC.KeyAgreementSpi$ECCDHUWITHSHA224CKDF]
Provider: Set BCFIPS provider property [KeyAgreement.ECCDHUWITHSHA224CKDF SupportedKeyFormats/PKCS#8|X.509]
Provider: Set BCFIPS provider property [KeyAgreement.ECCDHUWITHSHA224CKDF SupportedKeyClasses/java.security.interfaces.ECPublicKey|java.security.interfaces.ECPrivateKey]
Provider: Set BCFIPS provider property [KeyAgreement.ECCDHUWITHSHA256CKDF ImplementedIn/Software]
Provider: Set BCFIPS provider property [KeyAgreement.ECCDHUWITHSHA256CKDF/org.bouncycastle.jcajce.provider.ProvEC.KeyAgreementSpi$ECCDHUWITHSHA256CKDF]
Provider: Set BCFIPS provider property [KeyAgreement.ECCDHUWITHSHA256CKDF SupportedKeyFormats/PKCS#8|X.509]
Provider: Set BCFIPS provider property [KeyAgreement.ECCDHUWITHSHA256CKDF SupportedKeyClasses/java.security.interfaces.ECPublicKey|java.security.interfaces.ECPrivateKey]
Provider: Set BCFIPS provider property [KeyAgreement.ECCDHUWITHSHA384CKDF ImplementedIn/Software]
Provider: Set BCFIPS provider property [KeyAgreement.ECCDHUWITHSHA384CKDF/org.bouncycastle.jcajce.provider.ProvEC.KeyAgreementSpi$ECCDHUWITHSHA384CKDF]
Provider: Set BCFIPS provider property [KeyAgreement.ECCDHUWITHSHA384CKDF SupportedKeyFormats/PKCS#8|X.509]
Provider: Set BCFIPS provider property [KeyAgreement.ECCDHUWITHSHA384CKDF SupportedKeyClasses/java.security.interfaces.ECPublicKey|java.security.interfaces.ECPrivateKey]
Provider: Set BCFIPS provider property [KeyAgreement.ECCDHUWITHSHA512CKDF ImplementedIn/Software]
Provider: Set BCFIPS provider property [KeyAgreement.ECCDHUWITHSHA512CKDF/org.bouncycastle.jcajce.provider.ProvEC.KeyAgreementSpi$ECCDHUWITHSHA512CKDF]
Provider: Set BCFIPS provider property [KeyAgreement.ECCDHUWITHSHA512CKDF SupportedKeyFormats/PKCS#8|X.509]
Provider: Set BCFIPS provider property [KeyAgreement.ECCDHUWITHSHA512CKDF SupportedKeyClasses/java.security.interfaces.ECPublicKey|java.security.interfaces.ECPrivateKey]
Provider: Set BCFIPS provider property [KeyAgreement.ECCDHUWITHSHA512(224)CKDF ImplementedIn/Software]
Provider: Set BCFIPS provider property [KeyAgreement.ECCDHUWITHSHA512(224)CKDF/org.bouncycastle.jcajce.provider.ProvEC.KeyAgreementSpi$ECCDHUWITHSHA512(224)CKDF]
Provider: Set BCFIPS provider property [KeyAgreement.ECCDHUWITHSHA512(224)CKDF SupportedKeyFormats/PKCS#8|X.509]
Provider: Set BCFIPS provider property [KeyAgreement.ECCDHUWITHSHA512(224)CKDF SupportedKeyClasses/java.security.interfaces.ECPublicKey|java.security.interfaces.ECPrivateKey]
Provider: Set BCFIPS provider property [KeyAgreement.ECCDHUWITHSHA512(256)CKDF ImplementedIn/Software]
Provider: Set BCFIPS provider property [KeyAgreement.ECCDHUWITHSHA512(256)CKDF/org.bouncycastle.jcajce.provider.ProvEC.KeyAgreementSpi$ECCDHUWITHSHA512(256)CKDF]
Provider: Set BCFIPS provider property [KeyAgreement.ECCDHUWITHSHA512(256)CKDF SupportedKeyFormats/PKCS#8|X.509]
Provider: Set BCFIPS provider property [KeyAgreement.ECCDHUWITHSHA512(256)CKDF SupportedKeyClasses/java.security.interfaces.ECPublicKey|java.security.interfaces.ECPrivateKey]
Provider: Set BCFIPS provider property [KeyAgreement.ECCDHUWITHSHA3-224CKDF ImplementedIn/Software]
Provider: Set BCFIPS provider property [KeyAgreement.ECCDHUWITHSHA3-224CKDF/org.bouncycastle.jcajce.provider.ProvEC.KeyAgreementSpi$ECCDHUWITHSHA3-224CKDF]
Provider: Set BCFIPS provider property [KeyAgreement.ECCDHUWITHSHA3-224CKDF SupportedKeyFormats/PKCS#8|X.509]
Provider: Set BCFIPS provider property [KeyAgreement.ECCDHUWITHSHA3-224CKDF SupportedKeyClasses/java.security.interfaces.ECPublicKey|java.security.interfaces.ECPrivateKey]
Provider: Set BCFIPS provider property [KeyAgreement.ECCDHUWITHSHA3-256CKDF ImplementedIn/Software]
Provider: Set BCFIPS provider property [KeyAgreement.ECCDHUWITHSHA3-256CKDF/org.bouncycastle.jcajce.provider.ProvEC.KeyAgreementSpi$ECCDHUWITHSHA3-256CKDF]
Provider: Set BCFIPS provider property [KeyAgreement.ECCDHUWITHSHA3-256CKDF SupportedKeyFormats/PKCS#8|X.509]
Provider: Set BCFIPS provider property [KeyAgreement.ECCDHUWITHSHA3-256CKDF SupportedKeyClasses/java.security.interfaces.ECPublicKey|java.security.interfaces.ECPrivateKey]
Provider: Set BCFIPS provider property [KeyAgreement.ECCDHUWITHSHA3-384CKDF ImplementedIn/Software]
Provider: Set BCFIPS provider property [KeyAgreement.ECCDHUWITHSHA3-384CKDF/org.bouncycastle.jcajce.provider.ProvEC.KeyAgreementSpi$ECCDHUWITHSHA3-384CKDF]
Provider: Set BCFIPS provider property [KeyAgreement.ECCDHUWITHSHA3-384CKDF SupportedKeyFormats/PKCS#8|X.509]
Provider: Set BCFIPS provider property [KeyAgreement.ECCDHUWITHSHA3-384CKDF SupportedKeyClasses/java.security.interfaces.ECPublicKey|java.security.interfaces.ECPrivateKey]
Provider: Set BCFIPS provider property [KeyAgreement.ECCDHUWITHSHA3-512CKDF ImplementedIn/Software]
Provider: Set BCFIPS provider property [KeyAgreement.ECCDHUWITHSHA3-512CKDF/org.bouncycastle.jcajce.provider.ProvEC.KeyAgreementSpi$ECCDHUWITHSHA3-512CKDF]
Provider: Set BCFIPS provider property [KeyAgreement.ECCDHUWITHSHA3-512CKDF SupportedKeyFormats/PKCS#8|X.509]
Provider: Set BCFIPS provider property [KeyAgreement.ECCDHUWITHSHA3-512CKDF SupportedKeyClasses/java.security.interfaces.ECPublicKey|java.security.interfaces.ECPrivateKey]
Provider: Set BCFIPS provider property [KeyAgreement.ECCDHUWITHHMACSHA224CKDF ImplementedIn/Software]
Provider: Set BCFIPS provider property [KeyAgreement.ECCDHUWITHHMACSHA224CKDF/org.bouncycastle.jcajce.provider.ProvEC.KeyAgreementSpi$ECCDHUWITHHMACSHA224CKDF]
Provider: Set BCFIPS provider property [KeyAgreement.ECCDHUWITHHMACSHA224CKDF SupportedKeyFormats/PKCS#8|X.509]
Provider: Set BCFIPS provider property [KeyAgreement.ECCDHUWITHHMACSHA224CKDF SupportedKeyClasses/java.security.interfaces.ECPublicKey|java.security.interfaces.ECPrivateKey]
Provider: Set BCFIPS provider property [KeyAgreement.ECCDHUWITHHMACSHA256CKDF ImplementedIn/Software]
Provider: Set BCFIPS provider property [KeyAgreement.ECCDHUWITHHMACSHA256CKDF/org.bouncycastle.jcajce.provider.ProvEC.KeyAgreementSpi$ECCDHUWITHHMACSHA256CKDF]
Provider: Set BCFIPS provider property [KeyAgreement.ECCDHUWITHHMACSHA256CKDF SupportedKeyFormats/PKCS#8|X.509]
Provider: Set BCFIPS provider property [KeyAgreement.ECCDHUWITHHMACSHA256CKDF SupportedKeyClasses/java.security.interfaces.ECPublicKey|java.security.interfaces.ECPrivateKey]
Provider: Set BCFIPS provider property [KeyAgreement.ECCDHUWITHHMACSHA384CKDF ImplementedIn/Software]
Provider: Set BCFIPS provider property [KeyAgreement.ECCDHUWITHHMACSHA384CKDF/org.bouncycastle.jcajce.provider.ProvEC.KeyAgreementSpi$ECCDHUWITHHMACSHA384CKDF]
Provider: Set BCFIPS provider property [KeyAgreement.ECCDHUWITHHMACSHA384CKDF SupportedKeyFormats/PKCS#8|X.509]
Provider: Set BCFIPS provider property [KeyAgreement.ECCDHUWITHHMACSHA384CKDF SupportedKeyClasses/java.security.interfaces.ECPublicKey|java.security.interfaces.ECPrivateKey]
Provider: Set BCFIPS provider property [KeyAgreement.ECCDHUWITHHMACSHA512CKDF ImplementedIn/Software]
Provider: Set BCFIPS provider property [KeyAgreement.ECCDHUWITHHMACSHA512CKDF/org.bouncycastle.jcajce.provider.ProvEC.KeyAgreementSpi$ECCDHUWITHHMACSHA512CKDF]
Provider: Set BCFIPS provider property [KeyAgreement.ECCDHUWITHHMACSHA512CKDF SupportedKeyFormats/PKCS#8|X.509]
Provider: Set BCFIPS provider property [KeyAgreement.ECCDHUWITHHMACSHA512CKDF SupportedKeyClasses/java.security.interfaces.ECPublicKey|java.security.interfaces.ECPrivateKey]
Provider: Set BCFIPS provider property [KeyAgreement.ECCDHUWITHHMACSHA512(224)CKDF ImplementedIn/Software]
Provider: Set BCFIPS provider property [KeyAgreement.ECCDHUWITHHMACSHA512(224)CKDF/org.bouncycastle.jcajce.provider.ProvEC.KeyAgreementSpi$ECCDHUWITHHMACSHA512(224)CKDF]
Provider: Set BCFIPS provider property [KeyAgreement.ECCDHUWITHHMACSHA512(224)CKDF SupportedKeyFormats/PKCS#8|X.509]
Provider: Set BCFIPS provider property [KeyAgreement.ECCDHUWITHHMACSHA512(224)CKDF SupportedKeyClasses/java.security.interfaces.ECPublicKey|java.security.interfaces.ECPrivateKey]
Provider: Set BCFIPS provider property [KeyAgreement.ECCDHUWITHHMACSHA512(256)CKDF ImplementedIn/Software]
Provider: Set BCFIPS provider property [KeyAgreement.ECCDHUWITHHMACSHA512(256)CKDF/org.bouncycastle.jcajce.provider.ProvEC.KeyAgreementSpi$ECCDHUWITHHMACSHA512(256)CKDF]
Provider: Set BCFIPS provider property [KeyAgreement.ECCDHUWITHHMACSHA512(256)CKDF SupportedKeyFormats/PKCS#8|X.509]
Provider: Set BCFIPS provider property [KeyAgreement.ECCDHUWITHHMACSHA512(256)CKDF SupportedKeyClasses/java.security.interfaces.ECPublicKey|java.security.interfaces.ECPrivateKey]
Provider: Set BCFIPS provider property [KeyAgreement.ECCDHUWITHHMACSHA3-224CKDF ImplementedIn/Software]
Provider: Set BCFIPS provider property [KeyAgreement.ECCDHUWITHHMACSHA3-224CKDF/org.bouncycastle.jcajce.provider.ProvEC.KeyAgreementSpi$ECCDHUWITHHMACSHA3-224CKDF]
Provider: Set BCFIPS provider property [KeyAgreement.ECCDHUWITHHMACSHA3-224CKDF SupportedKeyFormats/PKCS#8|X.509]
Provider: Set BCFIPS provider property [KeyAgreement.ECCDHUWITHHMACSHA3-224CKDF SupportedKeyClasses/java.security.interfaces.ECPublicKey|java.security.interfaces.ECPrivateKey]
Provider: Set BCFIPS provider property [KeyAgreement.ECCDHUWITHHMACSHA3-256CKDF ImplementedIn/Software]
Provider: Set BCFIPS provider property [KeyAgreement.ECCDHUWITHHMACSHA3-256CKDF/org.bouncycastle.jcajce.provider.ProvEC.KeyAgreementSpi$ECCDHUWITHHMACSHA3-256CKDF]
Provider: Set BCFIPS provider property [KeyAgreement.ECCDHUWITHHMACSHA3-256CKDF SupportedKeyFormats/PKCS#8|X.509]
Provider: Set BCFIPS provider property [KeyAgreement.ECCDHUWITHHMACSHA3-256CKDF SupportedKeyClasses/java.security.interfaces.ECPublicKey|java.security.interfaces.ECPrivateKey]
Provider: Set BCFIPS provider property [KeyAgreement.ECCDHUWITHHMACSHA3-384CKDF ImplementedIn/Software]
Provider: Set BCFIPS provider property [KeyAgreement.ECCDHUWITHHMACSHA3-384CKDF/org.bouncycastle.jcajce.provider.ProvEC.KeyAgreementSpi$ECCDHUWITHHMACSHA3-384CKDF]
Provider: Set BCFIPS provider property [KeyAgreement.ECCDHUWITHHMACSHA3-384CKDF SupportedKeyFormats/PKCS#8|X.509]
Provider: Set BCFIPS provider property [KeyAgreement.ECCDHUWITHHMACSHA3-384CKDF SupportedKeyClasses/java.security.interfaces.ECPublicKey|java.security.interfaces.ECPrivateKey]
Provider: Set BCFIPS provider property [KeyAgreement.ECCDHUWITHHMACSHA3-512CKDF ImplementedIn/Software]
Provider: Set BCFIPS provider property [KeyAgreement.ECCDHUWITHHMACSHA3-512CKDF/org.bouncycastle.jcajce.provider.ProvEC.KeyAgreementSpi$ECCDHUWITHHMACSHA3-512CKDF]
Provider: Set BCFIPS provider property [KeyAgreement.ECCDHUWITHHMACSHA3-512CKDF SupportedKeyFormats/PKCS#8|X.509]
Provider: Set BCFIPS provider property [KeyAgreement.ECCDHUWITHHMACSHA3-512CKDF SupportedKeyClasses/java.security.interfaces.ECPublicKey|java.security.interfaces.ECPrivateKey]
Provider: Set BCFIPS provider property [KeyAgreement.ECCDHUWITHKMAC-128CKDF ImplementedIn/Software]
Provider: Set BCFIPS provider property [KeyAgreement.ECCDHUWITHKMAC-128CKDF/org.bouncycastle.jcajce.provider.ProvEC.KeyAgreementSpi$ECCDHUWITHKMAC-128CKDF]
Provider: Set BCFIPS provider property [KeyAgreement.ECCDHUWITHKMAC-128CKDF SupportedKeyFormats/PKCS#8|X.509]
Provider: Set BCFIPS provider property [KeyAgreement.ECCDHUWITHKMAC-128CKDF SupportedKeyClasses/java.security.interfaces.ECPublicKey|java.security.interfaces.ECPrivateKey]
Provider: Set BCFIPS provider property [KeyAgreement.ECCDHUWITHKMAC-256CKDF ImplementedIn/Software]
Provider: Set BCFIPS provider property [KeyAgreement.ECCDHUWITHKMAC-256CKDF/org.bouncycastle.jcajce.provider.ProvEC.KeyAgreementSpi$ECCDHUWITHKMAC-256CKDF]
Provider: Set BCFIPS provider property [KeyAgreement.ECCDHUWITHKMAC-256CKDF SupportedKeyFormats/PKCS#8|X.509]
Provider: Set BCFIPS provider property [KeyAgreement.ECCDHUWITHKMAC-256CKDF SupportedKeyClasses/java.security.interfaces.ECPublicKey|java.security.interfaces.ECPrivateKey]
Provider: Set BCFIPS provider property [KeyAgreement.ECCDHUWITHCMACTSKDF ImplementedIn/Software]
Provider: Set BCFIPS provider property [KeyAgreement.ECCDHUWITHCMACTSKDF/org.bouncycastle.jcajce.provider.ProvEC.KeyAgreementSpi$ECCDHUWITHCMACTSKDF]
Provider: Set BCFIPS provider property [KeyAgreement.ECCDHUWITHCMACTSKDF SupportedKeyFormats/PKCS#8|X.509]
Provider: Set BCFIPS provider property [KeyAgreement.ECCDHUWITHCMACTSKDF SupportedKeyClasses/java.security.interfaces.ECPublicKey|java.security.interfaces.ECPrivateKey]
Provider: Set BCFIPS provider property [KeyAgreement.ECCDHUWITHHMACSHA1TSKDF ImplementedIn/Software]
Provider: Set BCFIPS provider property [KeyAgreement.ECCDHUWITHHMACSHA1TSKDF/org.bouncycastle.jcajce.provider.ProvEC.KeyAgreementSpi$ECCDHUWITHHMACSHA1TSKDF]
Provider: Set BCFIPS provider property [KeyAgreement.ECCDHUWITHHMACSHA1TSKDF SupportedKeyFormats/PKCS#8|X.509]
Provider: Set BCFIPS provider property [KeyAgreement.ECCDHUWITHHMACSHA1TSKDF SupportedKeyClasses/java.security.interfaces.ECPublicKey|java.security.interfaces.ECPrivateKey]
Provider: Set BCFIPS provider property [KeyAgreement.ECCDHUWITHHMACSHA224TSKDF ImplementedIn/Software]
Provider: Set BCFIPS provider property [KeyAgreement.ECCDHUWITHHMACSHA224TSKDF/org.bouncycastle.jcajce.provider.ProvEC.KeyAgreementSpi$ECCDHUWITHHMACSHA224TSKDF]
Provider: Set BCFIPS provider property [KeyAgreement.ECCDHUWITHHMACSHA224TSKDF SupportedKeyFormats/PKCS#8|X.509]
Provider: Set BCFIPS provider property [KeyAgreement.ECCDHUWITHHMACSHA224TSKDF SupportedKeyClasses/java.security.interfaces.ECPublicKey|java.security.interfaces.ECPrivateKey]
Provider: Set BCFIPS provider property [KeyAgreement.ECCDHUWITHHMACSHA256TSKDF ImplementedIn/Software]
Provider: Set BCFIPS provider property [KeyAgreement.ECCDHUWITHHMACSHA256TSKDF/org.bouncycastle.jcajce.provider.ProvEC.KeyAgreementSpi$ECCDHUWITHHMACSHA256TSKDF]
Provider: Set BCFIPS provider property [KeyAgreement.ECCDHUWITHHMACSHA256TSKDF SupportedKeyFormats/PKCS#8|X.509]
Provider: Set BCFIPS provider property [KeyAgreement.ECCDHUWITHHMACSHA256TSKDF SupportedKeyClasses/java.security.interfaces.ECPublicKey|java.security.interfaces.ECPrivateKey]
Provider: Set BCFIPS provider property [KeyAgreement.ECCDHUWITHHMACSHA384TSKDF ImplementedIn/Software]
Provider: Set BCFIPS provider property [KeyAgreement.ECCDHUWITHHMACSHA384TSKDF/org.bouncycastle.jcajce.provider.ProvEC.KeyAgreementSpi$ECCDHUWITHHMACSHA384TSKDF]
Provider: Set BCFIPS provider property [KeyAgreement.ECCDHUWITHHMACSHA384TSKDF SupportedKeyFormats/PKCS#8|X.509]
Provider: Set BCFIPS provider property [KeyAgreement.ECCDHUWITHHMACSHA384TSKDF SupportedKeyClasses/java.security.interfaces.ECPublicKey|java.security.interfaces.ECPrivateKey]
Provider: Set BCFIPS provider property [KeyAgreement.ECCDHUWITHHMACSHA512TSKDF ImplementedIn/Software]
Provider: Set BCFIPS provider property [KeyAgreement.ECCDHUWITHHMACSHA512TSKDF/org.bouncycastle.jcajce.provider.ProvEC.KeyAgreementSpi$ECCDHUWITHHMACSHA512TSKDF]
Provider: Set BCFIPS provider property [KeyAgreement.ECCDHUWITHHMACSHA512TSKDF SupportedKeyFormats/PKCS#8|X.509]
Provider: Set BCFIPS provider property [KeyAgreement.ECCDHUWITHHMACSHA512TSKDF SupportedKeyClasses/java.security.interfaces.ECPublicKey|java.security.interfaces.ECPrivateKey]
Provider: Set BCFIPS provider property [KeyAgreement.ECCDHUWITHHMACSHA512(224)TSKDF ImplementedIn/Software]
Provider: Set BCFIPS provider property [KeyAgreement.ECCDHUWITHHMACSHA512(224)TSKDF/org.bouncycastle.jcajce.provider.ProvEC.KeyAgreementSpi$ECCDHUWITHHMACSHA512(224)TSKDF]
Provider: Set BCFIPS provider property [KeyAgreement.ECCDHUWITHHMACSHA512(224)TSKDF SupportedKeyFormats/PKCS#8|X.509]
Provider: Set BCFIPS provider property [KeyAgreement.ECCDHUWITHHMACSHA512(224)TSKDF SupportedKeyClasses/java.security.interfaces.ECPublicKey|java.security.interfaces.ECPrivateKey]
Provider: Set BCFIPS provider property [KeyAgreement.ECCDHUWITHHMACSHA512(256)TSKDF ImplementedIn/Software]
Provider: Set BCFIPS provider property [KeyAgreement.ECCDHUWITHHMACSHA512(256)TSKDF/org.bouncycastle.jcajce.provider.ProvEC.KeyAgreementSpi$ECCDHUWITHHMACSHA512(256)TSKDF]
Provider: Set BCFIPS provider property [KeyAgreement.ECCDHUWITHHMACSHA512(256)TSKDF SupportedKeyFormats/PKCS#8|X.509]
Provider: Set BCFIPS provider property [KeyAgreement.ECCDHUWITHHMACSHA512(256)TSKDF SupportedKeyClasses/java.security.interfaces.ECPublicKey|java.security.interfaces.ECPrivateKey]
Provider: Set BCFIPS provider property [KeyAgreement.ECCDHUWITHHMACSHA3-224TSKDF ImplementedIn/Software]
Provider: Set BCFIPS provider property [KeyAgreement.ECCDHUWITHHMACSHA3-224TSKDF/org.bouncycastle.jcajce.provider.ProvEC.KeyAgreementSpi$ECCDHUWITHHMACSHA3-224TSKDF]
Provider: Set BCFIPS provider property [KeyAgreement.ECCDHUWITHHMACSHA3-224TSKDF SupportedKeyFormats/PKCS#8|X.509]
Provider: Set BCFIPS provider property [KeyAgreement.ECCDHUWITHHMACSHA3-224TSKDF SupportedKeyClasses/java.security.interfaces.ECPublicKey|java.security.interfaces.ECPrivateKey]
Provider: Set BCFIPS provider property [KeyAgreement.ECCDHUWITHHMACSHA3-256TSKDF ImplementedIn/Software]
Provider: Set BCFIPS provider property [KeyAgreement.ECCDHUWITHHMACSHA3-256TSKDF/org.bouncycastle.jcajce.provider.ProvEC.KeyAgreementSpi$ECCDHUWITHHMACSHA3-256TSKDF]
Provider: Set BCFIPS provider property [KeyAgreement.ECCDHUWITHHMACSHA3-256TSKDF SupportedKeyFormats/PKCS#8|X.509]
Provider: Set BCFIPS provider property [KeyAgreement.ECCDHUWITHHMACSHA3-256TSKDF SupportedKeyClasses/java.security.interfaces.ECPublicKey|java.security.interfaces.ECPrivateKey]
Provider: Set BCFIPS provider property [KeyAgreement.ECCDHUWITHHMACSHA3-384TSKDF ImplementedIn/Software]
Provider: Set BCFIPS provider property [KeyAgreement.ECCDHUWITHHMACSHA3-384TSKDF/org.bouncycastle.jcajce.provider.ProvEC.KeyAgreementSpi$ECCDHUWITHHMACSHA3-384TSKDF]
Provider: Set BCFIPS provider property [KeyAgreement.ECCDHUWITHHMACSHA3-384TSKDF SupportedKeyFormats/PKCS#8|X.509]
Provider: Set BCFIPS provider property [KeyAgreement.ECCDHUWITHHMACSHA3-384TSKDF SupportedKeyClasses/java.security.interfaces.ECPublicKey|java.security.interfaces.ECPrivateKey]
Provider: Set BCFIPS provider property [KeyAgreement.ECCDHUWITHHMACSHA3-512TSKDF ImplementedIn/Software]
Provider: Set BCFIPS provider property [KeyAgreement.ECCDHUWITHHMACSHA3-512TSKDF/org.bouncycastle.jcajce.provider.ProvEC.KeyAgreementSpi$ECCDHUWITHHMACSHA3-512TSKDF]
Provider: Set BCFIPS provider property [KeyAgreement.ECCDHUWITHHMACSHA3-512TSKDF SupportedKeyFormats/PKCS#8|X.509]
Provider: Set BCFIPS provider property [KeyAgreement.ECCDHUWITHHMACSHA3-512TSKDF SupportedKeyClasses/java.security.interfaces.ECPublicKey|java.security.interfaces.ECPrivateKey]
Provider: Set BCFIPS provider property [Signature.NONEWITHECDSA ImplementedIn/Software]
Provider: Set BCFIPS provider property [Signature.NONEWITHECDSA SupportedKeyFormats/PKCS#8|X.509]
Provider: Set BCFIPS provider property [Signature.NONEWITHECDSA SupportedKeyClasses/java.security.interfaces.ECPublicKey|java.security.interfaces.ECPrivateKey]
Provider: Set BCFIPS provider property [Signature.NONEWITHECDSA/org.bouncycastle.jcajce.provider.ProvEC.SignatureSpi$ecDSAwithNONE]
Provider: Set BCFIPS provider property [Alg.Alias.Signature.RAWECDSA/NONEWITHECDSA]
Provider: Set BCFIPS provider property [Signature.SHA1WITHECDDSA ImplementedIn/Software]
Provider: Set BCFIPS provider property [Signature.SHA1WITHECDDSA SupportedKeyFormats/PKCS#8|X.509]
Provider: Set BCFIPS provider property [Signature.SHA1WITHECDDSA SupportedKeyClasses/java.security.interfaces.ECPublicKey|java.security.interfaces.ECPrivateKey]
Provider: Set BCFIPS provider property [Signature.SHA1WITHECDDSA/org.bouncycastle.jcajce.provider.ProvEC.SignatureSpi$ecDetDSA]
Provider: Set BCFIPS provider property [Signature.SHA224WITHECDDSA ImplementedIn/Software]
Provider: Set BCFIPS provider property [Signature.SHA224WITHECDDSA SupportedKeyFormats/PKCS#8|X.509]
Provider: Set BCFIPS provider property [Signature.SHA224WITHECDDSA SupportedKeyClasses/java.security.interfaces.ECPublicKey|java.security.interfaces.ECPrivateKey]
Provider: Set BCFIPS provider property [Signature.SHA224WITHECDDSA/org.bouncycastle.jcajce.provider.ProvEC.SignatureSpi$ecDetDSA224]
Provider: Set BCFIPS provider property [Signature.SHA256WITHECDDSA ImplementedIn/Software]
Provider: Set BCFIPS provider property [Signature.SHA256WITHECDDSA SupportedKeyFormats/PKCS#8|X.509]
Provider: Set BCFIPS provider property [Signature.SHA256WITHECDDSA SupportedKeyClasses/java.security.interfaces.ECPublicKey|java.security.interfaces.ECPrivateKey]
Provider: Set BCFIPS provider property [Signature.SHA256WITHECDDSA/org.bouncycastle.jcajce.provider.ProvEC.SignatureSpi$ecDetDSA256]
Provider: Set BCFIPS provider property [Signature.SHA384WITHECDDSA ImplementedIn/Software]
Provider: Set BCFIPS provider property [Signature.SHA384WITHECDDSA SupportedKeyFormats/PKCS#8|X.509]
Provider: Set BCFIPS provider property [Signature.SHA384WITHECDDSA SupportedKeyClasses/java.security.interfaces.ECPublicKey|java.security.interfaces.ECPrivateKey]
Provider: Set BCFIPS provider property [Signature.SHA384WITHECDDSA/org.bouncycastle.jcajce.provider.ProvEC.SignatureSpi$ecDetDSA384]
Provider: Set BCFIPS provider property [Signature.SHA512WITHECDDSA ImplementedIn/Software]
Provider: Set BCFIPS provider property [Signature.SHA512WITHECDDSA SupportedKeyFormats/PKCS#8|X.509]
Provider: Set BCFIPS provider property [Signature.SHA512WITHECDDSA SupportedKeyClasses/java.security.interfaces.ECPublicKey|java.security.interfaces.ECPrivateKey]
Provider: Set BCFIPS provider property [Signature.SHA512WITHECDDSA/org.bouncycastle.jcajce.provider.ProvEC.SignatureSpi$ecDetDSA512]
Provider: Set BCFIPS provider property [Signature.SHA512(224)WITHECDDSA ImplementedIn/Software]
Provider: Set BCFIPS provider property [Signature.SHA512(224)WITHECDDSA SupportedKeyFormats/PKCS#8|X.509]
Provider: Set BCFIPS provider property [Signature.SHA512(224)WITHECDDSA SupportedKeyClasses/java.security.interfaces.ECPublicKey|java.security.interfaces.ECPrivateKey]
Provider: Set BCFIPS provider property [Signature.SHA512(224)WITHECDDSA/org.bouncycastle.jcajce.provider.ProvEC.SignatureSpi$ecDetDSA512_224]
Provider: Set BCFIPS provider property [Signature.SHA512(256)WITHECDDSA ImplementedIn/Software]
Provider: Set BCFIPS provider property [Signature.SHA512(256)WITHECDDSA SupportedKeyFormats/PKCS#8|X.509]
Provider: Set BCFIPS provider property [Signature.SHA512(256)WITHECDDSA SupportedKeyClasses/java.security.interfaces.ECPublicKey|java.security.interfaces.ECPrivateKey]
Provider: Set BCFIPS provider property [Signature.SHA512(256)WITHECDDSA/org.bouncycastle.jcajce.provider.ProvEC.SignatureSpi$ecDetDSA512_256]
Provider: Set BCFIPS provider property [Signature.SHA3-224WITHECDDSA ImplementedIn/Software]
Provider: Set BCFIPS provider property [Signature.SHA3-224WITHECDDSA SupportedKeyFormats/PKCS#8|X.509]
Provider: Set BCFIPS provider property [Signature.SHA3-224WITHECDDSA SupportedKeyClasses/java.security.interfaces.ECPublicKey|java.security.interfaces.ECPrivateKey]
Provider: Set BCFIPS provider property [Signature.SHA3-224WITHECDDSA/org.bouncycastle.jcajce.provider.ProvEC.SignatureSpi$ecDetDSA3_224]
Provider: Set BCFIPS provider property [Signature.SHA3-256WITHECDDSA ImplementedIn/Software]
Provider: Set BCFIPS provider property [Signature.SHA3-256WITHECDDSA SupportedKeyFormats/PKCS#8|X.509]
Provider: Set BCFIPS provider property [Signature.SHA3-256WITHECDDSA SupportedKeyClasses/java.security.interfaces.ECPublicKey|java.security.interfaces.ECPrivateKey]
Provider: Set BCFIPS provider property [Signature.SHA3-256WITHECDDSA/org.bouncycastle.jcajce.provider.ProvEC.SignatureSpi$ecDetDSA3_256]
Provider: Set BCFIPS provider property [Signature.SHA3-384WITHECDDSA ImplementedIn/Software]
Provider: Set BCFIPS provider property [Signature.SHA3-384WITHECDDSA SupportedKeyFormats/PKCS#8|X.509]
Provider: Set BCFIPS provider property [Signature.SHA3-384WITHECDDSA SupportedKeyClasses/java.security.interfaces.ECPublicKey|java.security.interfaces.ECPrivateKey]
Provider: Set BCFIPS provider property [Signature.SHA3-384WITHECDDSA/org.bouncycastle.jcajce.provider.ProvEC.SignatureSpi$ecDetDSA3_384]
Provider: Set BCFIPS provider property [Signature.SHA3-512WITHECDDSA ImplementedIn/Software]
Provider: Set BCFIPS provider property [Signature.SHA3-512WITHECDDSA SupportedKeyFormats/PKCS#8|X.509]
Provider: Set BCFIPS provider property [Signature.SHA3-512WITHECDDSA SupportedKeyClasses/java.security.interfaces.ECPublicKey|java.security.interfaces.ECPrivateKey]
Provider: Set BCFIPS provider property [Signature.SHA3-512WITHECDDSA/org.bouncycastle.jcajce.provider.ProvEC.SignatureSpi$ecDetDSA3_512]
Provider: Set BCFIPS provider property [Alg.Alias.Signature.ECDDSA/SHA1WITHECDDSA]
Provider: Set BCFIPS provider property [Alg.Alias.Signature.DETECDSA/SHA1WITHECDDSA]
Provider: Set BCFIPS provider property [Alg.Alias.Signature.SHA1WITHDETECDSA/SHA1WITHECDDSA]
Provider: Set BCFIPS provider property [Alg.Alias.Signature.SHA224WITHDETECDSA/SHA224WITHECDDSA]
Provider: Set BCFIPS provider property [Alg.Alias.Signature.SHA256WITHDETECDSA/SHA256WITHECDDSA]
Provider: Set BCFIPS provider property [Alg.Alias.Signature.SHA384WITHDETECDSA/SHA384WITHECDDSA]
Provider: Set BCFIPS provider property [Alg.Alias.Signature.SHA512WITHDETECDSA/SHA512WITHECDDSA]
Provider: Set BCFIPS provider property [Alg.Alias.Signature.SHA512(224)WITHDETECDSA/SHA512(224)WITHECDDSA]
Provider: Set BCFIPS provider property [Alg.Alias.Signature.SHA512(256)WITHDETECDSA/SHA512(256)WITHECDDSA]
Provider: Set BCFIPS provider property [Alg.Alias.Signature.SHA3-224WITHDETECDSA/SHA3-224WITHECDDSA]
Provider: Set BCFIPS provider property [Alg.Alias.Signature.SHA3-256WITHDETECDSA/SHA3-256WITHECDDSA]
Provider: Set BCFIPS provider property [Alg.Alias.Signature.SHA3-384WITHDETECDSA/SHA3-384WITHECDDSA]
Provider: Set BCFIPS provider property [Alg.Alias.Signature.SHA3-512WITHDETECDSA/SHA3-512WITHECDDSA]
Provider: Set BCFIPS provider property [Signature.SHA1WITHECDSA ImplementedIn/Software]
Provider: Set BCFIPS provider property [Signature.SHA1WITHECDSA/org.bouncycastle.jcajce.provider.ProvEC.SignatureSpi$ecDSA1]
Provider: Set BCFIPS provider property [Alg.Alias.Signature.SHA1/ECDSA/SHA1WITHECDSA]
Provider: Set BCFIPS provider property [Alg.Alias.Signature.1.2.840.10045.4.1/SHA1WITHECDSA]
Provider: Set BCFIPS provider property [Alg.Alias.Signature.OID.1.2.840.10045.4.1/SHA1WITHECDSA]
Provider: Set BCFIPS provider property [Signature.SHA1WITHECDSA SupportedKeyFormats/PKCS#8|X.509]
Provider: Set BCFIPS provider property [Signature.SHA1WITHECDSA SupportedKeyClasses/java.security.interfaces.ECPublicKey|java.security.interfaces.ECPrivateKey]
Provider: Set BCFIPS provider property [Alg.Alias.Signature.ECDSA/SHA1WITHECDSA]
Provider: Set BCFIPS provider property [Alg.Alias.Signature.1.3.36.3.3.2.1/SHA1WITHECDSA]
Provider: Set BCFIPS provider property [Alg.Alias.Signature.OID.1.3.36.3.3.2.1/SHA1WITHECDSA]
Provider: Set BCFIPS provider property [Signature.SHA224WITHECDSA ImplementedIn/Software]
Provider: Set BCFIPS provider property [Signature.SHA224WITHECDSA/org.bouncycastle.jcajce.provider.ProvEC.SignatureSpi$ecDSA224]
Provider: Set BCFIPS provider property [Alg.Alias.Signature.SHA224/ECDSA/SHA224WITHECDSA]
Provider: Set BCFIPS provider property [Alg.Alias.Signature.1.2.840.10045.4.3.1/SHA224WITHECDSA]
Provider: Set BCFIPS provider property [Alg.Alias.Signature.OID.1.2.840.10045.4.3.1/SHA224WITHECDSA]
Provider: Set BCFIPS provider property [Signature.SHA224WITHECDSA SupportedKeyFormats/PKCS#8|X.509]
Provider: Set BCFIPS provider property [Signature.SHA224WITHECDSA SupportedKeyClasses/java.security.interfaces.ECPublicKey|java.security.interfaces.ECPrivateKey]
Provider: Set BCFIPS provider property [Signature.SHA256WITHECDSA ImplementedIn/Software]
Provider: Set BCFIPS provider property [Signature.SHA256WITHECDSA/org.bouncycastle.jcajce.provider.ProvEC.SignatureSpi$ecDSA256]
Provider: Set BCFIPS provider property [Alg.Alias.Signature.SHA256/ECDSA/SHA256WITHECDSA]
Provider: Set BCFIPS provider property [Alg.Alias.Signature.1.2.840.10045.4.3.2/SHA256WITHECDSA]
Provider: Set BCFIPS provider property [Alg.Alias.Signature.OID.1.2.840.10045.4.3.2/SHA256WITHECDSA]
Provider: Set BCFIPS provider property [Signature.SHA256WITHECDSA SupportedKeyFormats/PKCS#8|X.509]
Provider: Set BCFIPS provider property [Signature.SHA256WITHECDSA SupportedKeyClasses/java.security.interfaces.ECPublicKey|java.security.interfaces.ECPrivateKey]
Provider: Set BCFIPS provider property [Signature.SHA384WITHECDSA ImplementedIn/Software]
Provider: Set BCFIPS provider property [Signature.SHA384WITHECDSA/org.bouncycastle.jcajce.provider.ProvEC.SignatureSpi$ecDSA384]
Provider: Set BCFIPS provider property [Alg.Alias.Signature.SHA384/ECDSA/SHA384WITHECDSA]
Provider: Set BCFIPS provider property [Alg.Alias.Signature.1.2.840.10045.4.3.3/SHA384WITHECDSA]
Provider: Set BCFIPS provider property [Alg.Alias.Signature.OID.1.2.840.10045.4.3.3/SHA384WITHECDSA]
Provider: Set BCFIPS provider property [Signature.SHA384WITHECDSA SupportedKeyFormats/PKCS#8|X.509]
Provider: Set BCFIPS provider property [Signature.SHA384WITHECDSA SupportedKeyClasses/java.security.interfaces.ECPublicKey|java.security.interfaces.ECPrivateKey]
Provider: Set BCFIPS provider property [Signature.SHA512WITHECDSA ImplementedIn/Software]
Provider: Set BCFIPS provider property [Signature.SHA512WITHECDSA/org.bouncycastle.jcajce.provider.ProvEC.SignatureSpi$ecDSA512]
Provider: Set BCFIPS provider property [Alg.Alias.Signature.SHA512/ECDSA/SHA512WITHECDSA]
Provider: Set BCFIPS provider property [Alg.Alias.Signature.1.2.840.10045.4.3.4/SHA512WITHECDSA]
Provider: Set BCFIPS provider property [Alg.Alias.Signature.OID.1.2.840.10045.4.3.4/SHA512WITHECDSA]
Provider: Set BCFIPS provider property [Signature.SHA512WITHECDSA SupportedKeyFormats/PKCS#8|X.509]
Provider: Set BCFIPS provider property [Signature.SHA512WITHECDSA SupportedKeyClasses/java.security.interfaces.ECPublicKey|java.security.interfaces.ECPrivateKey]
Provider: Set BCFIPS provider property [Signature.SHA512(224)WITHECDSA ImplementedIn/Software]
Provider: Set BCFIPS provider property [Signature.SHA512(224)WITHECDSA/org.bouncycastle.jcajce.provider.ProvEC.SignatureSpi$ecDSA512_224]
Provider: Set BCFIPS provider property [Alg.Alias.Signature.SHA512(224)/ECDSA/SHA512(224)WITHECDSA]
Provider: Set BCFIPS provider property [Signature.SHA512(224)WITHECDSA SupportedKeyFormats/PKCS#8|X.509]
Provider: Set BCFIPS provider property [Signature.SHA512(224)WITHECDSA SupportedKeyClasses/java.security.interfaces.ECPublicKey|java.security.interfaces.ECPrivateKey]
Provider: Set BCFIPS provider property [Signature.SHA512(256)WITHECDSA ImplementedIn/Software]
Provider: Set BCFIPS provider property [Signature.SHA512(256)WITHECDSA/org.bouncycastle.jcajce.provider.ProvEC.SignatureSpi$ecDSA512_256]
Provider: Set BCFIPS provider property [Alg.Alias.Signature.SHA512(256)/ECDSA/SHA512(256)WITHECDSA]
Provider: Set BCFIPS provider property [Signature.SHA512(256)WITHECDSA SupportedKeyFormats/PKCS#8|X.509]
Provider: Set BCFIPS provider property [Signature.SHA512(256)WITHECDSA SupportedKeyClasses/java.security.interfaces.ECPublicKey|java.security.interfaces.ECPrivateKey]
Provider: Set BCFIPS provider property [Signature.SHA3-224WITHECDSA ImplementedIn/Software]
Provider: Set BCFIPS provider property [Signature.SHA3-224WITHECDSA/org.bouncycastle.jcajce.provider.ProvEC.SignatureSpi$ecDSA3_224]
Provider: Set BCFIPS provider property [Alg.Alias.Signature.SHA3-224/ECDSA/SHA3-224WITHECDSA]
Provider: Set BCFIPS provider property [Alg.Alias.Signature.2.16.840.1.101.3.4.3.9/SHA3-224WITHECDSA]
Provider: Set BCFIPS provider property [Alg.Alias.Signature.OID.2.16.840.1.101.3.4.3.9/SHA3-224WITHECDSA]
Provider: Set BCFIPS provider property [Signature.SHA3-224WITHECDSA SupportedKeyFormats/PKCS#8|X.509]
Provider: Set BCFIPS provider property [Signature.SHA3-224WITHECDSA SupportedKeyClasses/java.security.interfaces.ECPublicKey|java.security.interfaces.ECPrivateKey]
Provider: Set BCFIPS provider property [Signature.SHA3-256WITHECDSA ImplementedIn/Software]
Provider: Set BCFIPS provider property [Signature.SHA3-256WITHECDSA/org.bouncycastle.jcajce.provider.ProvEC.SignatureSpi$ecDSA3_256]
Provider: Set BCFIPS provider property [Alg.Alias.Signature.SHA3-256/ECDSA/SHA3-256WITHECDSA]
Provider: Set BCFIPS provider property [Alg.Alias.Signature.2.16.840.1.101.3.4.3.10/SHA3-256WITHECDSA]
Provider: Set BCFIPS provider property [Alg.Alias.Signature.OID.2.16.840.1.101.3.4.3.10/SHA3-256WITHECDSA]
Provider: Set BCFIPS provider property [Signature.SHA3-256WITHECDSA SupportedKeyFormats/PKCS#8|X.509]
Provider: Set BCFIPS provider property [Signature.SHA3-256WITHECDSA SupportedKeyClasses/java.security.interfaces.ECPublicKey|java.security.interfaces.ECPrivateKey]
Provider: Set BCFIPS provider property [Signature.SHA3-384WITHECDSA ImplementedIn/Software]
Provider: Set BCFIPS provider property [Signature.SHA3-384WITHECDSA/org.bouncycastle.jcajce.provider.ProvEC.SignatureSpi$ecDSA3_384]
Provider: Set BCFIPS provider property [Alg.Alias.Signature.SHA3-384/ECDSA/SHA3-384WITHECDSA]
Provider: Set BCFIPS provider property [Alg.Alias.Signature.2.16.840.1.101.3.4.3.11/SHA3-384WITHECDSA]
Provider: Set BCFIPS provider property [Alg.Alias.Signature.OID.2.16.840.1.101.3.4.3.11/SHA3-384WITHECDSA]
Provider: Set BCFIPS provider property [Signature.SHA3-384WITHECDSA SupportedKeyFormats/PKCS#8|X.509]
Provider: Set BCFIPS provider property [Signature.SHA3-384WITHECDSA SupportedKeyClasses/java.security.interfaces.ECPublicKey|java.security.interfaces.ECPrivateKey]
Provider: Set BCFIPS provider property [Signature.SHA3-512WITHECDSA ImplementedIn/Software]
Provider: Set BCFIPS provider property [Signature.SHA3-512WITHECDSA/org.bouncycastle.jcajce.provider.ProvEC.SignatureSpi$ecDSA3_512]
Provider: Set BCFIPS provider property [Alg.Alias.Signature.SHA3-512/ECDSA/SHA3-512WITHECDSA]
Provider: Set BCFIPS provider property [Alg.Alias.Signature.2.16.840.1.101.3.4.3.12/SHA3-512WITHECDSA]
Provider: Set BCFIPS provider property [Alg.Alias.Signature.OID.2.16.840.1.101.3.4.3.12/SHA3-512WITHECDSA]
Provider: Set BCFIPS provider property [Signature.SHA3-512WITHECDSA SupportedKeyFormats/PKCS#8|X.509]
Provider: Set BCFIPS provider property [Signature.SHA3-512WITHECDSA SupportedKeyClasses/java.security.interfaces.ECPublicKey|java.security.interfaces.ECPrivateKey]
Provider: Set BCFIPS provider property [KeyAgreement.ECMQV ImplementedIn/Software]
Provider: Set BCFIPS provider property [KeyAgreement.ECMQV/org.bouncycastle.jcajce.provider.ProvEC.KeyAgreementSpi$ECMQV]
Provider: Set BCFIPS provider property [KeyAgreement.ECMQV SupportedKeyFormats/PKCS#8|X.509]
Provider: Set BCFIPS provider property [KeyAgreement.ECMQV SupportedKeyClasses/java.security.interfaces.ECPublicKey|java.security.interfaces.ECPrivateKey]
Provider: Set BCFIPS provider property [KeyAgreement.ECMQVWITHSHA1KDF ImplementedIn/Software]
Provider: Set BCFIPS provider property [KeyAgreement.ECMQVWITHSHA1KDF/org.bouncycastle.jcajce.provider.ProvEC.KeyAgreementSpi$ECMQVWITHSHA1KDF]
Provider: Set BCFIPS provider property [KeyAgreement.ECMQVWITHSHA1KDF SupportedKeyFormats/PKCS#8|X.509]
Provider: Set BCFIPS provider property [KeyAgreement.ECMQVWITHSHA1KDF SupportedKeyClasses/java.security.interfaces.ECPublicKey|java.security.interfaces.ECPrivateKey]
Provider: Set BCFIPS provider property [Alg.Alias.KeyAgreement.1.3.133.16.840.63.0.16/ECMQVWITHSHA1KDF]
Provider: Set BCFIPS provider property [Alg.Alias.KeyAgreement.OID.1.3.133.16.840.63.0.16/ECMQVWITHSHA1KDF]
Provider: Set BCFIPS provider property [Alg.Alias.KeyFactory.1.3.133.16.840.63.0.16/EC]
Provider: Set BCFIPS provider property [Alg.Alias.KeyFactory.OID.1.3.133.16.840.63.0.16/EC]
Provider: Set BCFIPS provider property [Alg.Alias.KeyPairGenerator.1.3.133.16.840.63.0.16/EC]
Provider: Set BCFIPS provider property [Alg.Alias.KeyPairGenerator.OID.1.3.133.16.840.63.0.16/EC]
Provider: Set BCFIPS provider property [Alg.Alias.AlgorithmParameters.1.3.133.16.840.63.0.16/EC]
Provider: Set BCFIPS provider property [Alg.Alias.AlgorithmParameters.OID.1.3.133.16.840.63.0.16/EC]
Provider: Set BCFIPS provider property [KeyAgreement.ECMQVWITHSHA224KDF ImplementedIn/Software]
Provider: Set BCFIPS provider property [KeyAgreement.ECMQVWITHSHA224KDF/org.bouncycastle.jcajce.provider.ProvEC.KeyAgreementSpi$ECMQVWITHSHA224KDF]
Provider: Set BCFIPS provider property [KeyAgreement.ECMQVWITHSHA224KDF SupportedKeyFormats/PKCS#8|X.509]
Provider: Set BCFIPS provider property [KeyAgreement.ECMQVWITHSHA224KDF SupportedKeyClasses/java.security.interfaces.ECPublicKey|java.security.interfaces.ECPrivateKey]
Provider: Set BCFIPS provider property [Alg.Alias.KeyAgreement.1.3.132.1.15.0/ECMQVWITHSHA224KDF]
Provider: Set BCFIPS provider property [Alg.Alias.KeyAgreement.OID.1.3.132.1.15.0/ECMQVWITHSHA224KDF]
Provider: Set BCFIPS provider property [Alg.Alias.KeyFactory.1.3.132.1.15.0/EC]
Provider: Set BCFIPS provider property [Alg.Alias.KeyFactory.OID.1.3.132.1.15.0/EC]
Provider: Set BCFIPS provider property [Alg.Alias.KeyPairGenerator.1.3.132.1.15.0/EC]
Provider: Set BCFIPS provider property [Alg.Alias.KeyPairGenerator.OID.1.3.132.1.15.0/EC]
Provider: Set BCFIPS provider property [Alg.Alias.AlgorithmParameters.1.3.132.1.15.0/EC]
Provider: Set BCFIPS provider property [Alg.Alias.AlgorithmParameters.OID.1.3.132.1.15.0/EC]
Provider: Set BCFIPS provider property [KeyAgreement.ECMQVWITHSHA256KDF ImplementedIn/Software]
Provider: Set BCFIPS provider property [KeyAgreement.ECMQVWITHSHA256KDF/org.bouncycastle.jcajce.provider.ProvEC.KeyAgreementSpi$ECMQVWITHSHA256KDF]
Provider: Set BCFIPS provider property [KeyAgreement.ECMQVWITHSHA256KDF SupportedKeyFormats/PKCS#8|X.509]
Provider: Set BCFIPS provider property [KeyAgreement.ECMQVWITHSHA256KDF SupportedKeyClasses/java.security.interfaces.ECPublicKey|java.security.interfaces.ECPrivateKey]
Provider: Set BCFIPS provider property [Alg.Alias.KeyAgreement.1.3.132.1.15.1/ECMQVWITHSHA256KDF]
Provider: Set BCFIPS provider property [Alg.Alias.KeyAgreement.OID.1.3.132.1.15.1/ECMQVWITHSHA256KDF]
Provider: Set BCFIPS provider property [Alg.Alias.KeyFactory.1.3.132.1.15.1/EC]
Provider: Set BCFIPS provider property [Alg.Alias.KeyFactory.OID.1.3.132.1.15.1/EC]
Provider: Set BCFIPS provider property [Alg.Alias.KeyPairGenerator.1.3.132.1.15.1/EC]
Provider: Set BCFIPS provider property [Alg.Alias.KeyPairGenerator.OID.1.3.132.1.15.1/EC]
Provider: Set BCFIPS provider property [Alg.Alias.AlgorithmParameters.1.3.132.1.15.1/EC]
Provider: Set BCFIPS provider property [Alg.Alias.AlgorithmParameters.OID.1.3.132.1.15.1/EC]
Provider: Set BCFIPS provider property [KeyAgreement.ECMQVWITHSHA384KDF ImplementedIn/Software]
Provider: Set BCFIPS provider property [KeyAgreement.ECMQVWITHSHA384KDF/org.bouncycastle.jcajce.provider.ProvEC.KeyAgreementSpi$ECMQVWITHSHA384KDF]
Provider: Set BCFIPS provider property [KeyAgreement.ECMQVWITHSHA384KDF SupportedKeyFormats/PKCS#8|X.509]
Provider: Set BCFIPS provider property [KeyAgreement.ECMQVWITHSHA384KDF SupportedKeyClasses/java.security.interfaces.ECPublicKey|java.security.interfaces.ECPrivateKey]
Provider: Set BCFIPS provider property [Alg.Alias.KeyAgreement.1.3.132.1.15.2/ECMQVWITHSHA384KDF]
Provider: Set BCFIPS provider property [Alg.Alias.KeyAgreement.OID.1.3.132.1.15.2/ECMQVWITHSHA384KDF]
Provider: Set BCFIPS provider property [Alg.Alias.KeyFactory.1.3.132.1.15.2/EC]
Provider: Set BCFIPS provider property [Alg.Alias.KeyFactory.OID.1.3.132.1.15.2/EC]
Provider: Set BCFIPS provider property [Alg.Alias.KeyPairGenerator.1.3.132.1.15.2/EC]
Provider: Set BCFIPS provider property [Alg.Alias.KeyPairGenerator.OID.1.3.132.1.15.2/EC]
Provider: Set BCFIPS provider property [Alg.Alias.AlgorithmParameters.1.3.132.1.15.2/EC]
Provider: Set BCFIPS provider property [Alg.Alias.AlgorithmParameters.OID.1.3.132.1.15.2/EC]
Provider: Set BCFIPS provider property [KeyAgreement.ECMQVWITHSHA512KDF ImplementedIn/Software]
Provider: Set BCFIPS provider property [KeyAgreement.ECMQVWITHSHA512KDF/org.bouncycastle.jcajce.provider.ProvEC.KeyAgreementSpi$ECMQVWITHSHA512KDF]
Provider: Set BCFIPS provider property [KeyAgreement.ECMQVWITHSHA512KDF SupportedKeyFormats/PKCS#8|X.509]
Provider: Set BCFIPS provider property [KeyAgreement.ECMQVWITHSHA512KDF SupportedKeyClasses/java.security.interfaces.ECPublicKey|java.security.interfaces.ECPrivateKey]
Provider: Set BCFIPS provider property [Alg.Alias.KeyAgreement.1.3.132.1.15.3/ECMQVWITHSHA512KDF]
Provider: Set BCFIPS provider property [Alg.Alias.KeyAgreement.OID.1.3.132.1.15.3/ECMQVWITHSHA512KDF]
Provider: Set BCFIPS provider property [Alg.Alias.KeyFactory.1.3.132.1.15.3/EC]
Provider: Set BCFIPS provider property [Alg.Alias.KeyFactory.OID.1.3.132.1.15.3/EC]
Provider: Set BCFIPS provider property [Alg.Alias.KeyPairGenerator.1.3.132.1.15.3/EC]
Provider: Set BCFIPS provider property [Alg.Alias.KeyPairGenerator.OID.1.3.132.1.15.3/EC]
Provider: Set BCFIPS provider property [Alg.Alias.AlgorithmParameters.1.3.132.1.15.3/EC]
Provider: Set BCFIPS provider property [Alg.Alias.AlgorithmParameters.OID.1.3.132.1.15.3/EC]
Provider: Set BCFIPS provider property [KeyAgreement.ECMQVWITHSHA512(224)KDF ImplementedIn/Software]
Provider: Set BCFIPS provider property [KeyAgreement.ECMQVWITHSHA512(224)KDF/org.bouncycastle.jcajce.provider.ProvEC.KeyAgreementSpi$ECMQVWITHSHA512(224)KDF]
Provider: Set BCFIPS provider property [KeyAgreement.ECMQVWITHSHA512(224)KDF SupportedKeyFormats/PKCS#8|X.509]
Provider: Set BCFIPS provider property [KeyAgreement.ECMQVWITHSHA512(224)KDF SupportedKeyClasses/java.security.interfaces.ECPublicKey|java.security.interfaces.ECPrivateKey]
Provider: Set BCFIPS provider property [KeyAgreement.ECMQVWITHSHA512(256)KDF ImplementedIn/Software]
Provider: Set BCFIPS provider property [KeyAgreement.ECMQVWITHSHA512(256)KDF/org.bouncycastle.jcajce.provider.ProvEC.KeyAgreementSpi$ECMQVWITHSHA512(256)KDF]
Provider: Set BCFIPS provider property [KeyAgreement.ECMQVWITHSHA512(256)KDF SupportedKeyFormats/PKCS#8|X.509]
Provider: Set BCFIPS provider property [KeyAgreement.ECMQVWITHSHA512(256)KDF SupportedKeyClasses/java.security.interfaces.ECPublicKey|java.security.interfaces.ECPrivateKey]
Provider: Set BCFIPS provider property [KeyAgreement.ECMQVWITHSHA1CKDF ImplementedIn/Software]
Provider: Set BCFIPS provider property [KeyAgreement.ECMQVWITHSHA1CKDF/org.bouncycastle.jcajce.provider.ProvEC.KeyAgreementSpi$ECMQVWITHSHA1CKDF]
Provider: Set BCFIPS provider property [KeyAgreement.ECMQVWITHSHA1CKDF SupportedKeyFormats/PKCS#8|X.509]
Provider: Set BCFIPS provider property [KeyAgreement.ECMQVWITHSHA1CKDF SupportedKeyClasses/java.security.interfaces.ECPublicKey|java.security.interfaces.ECPrivateKey]
Provider: Set BCFIPS provider property [KeyAgreement.ECMQVWITHSHA224CKDF ImplementedIn/Software]
Provider: Set BCFIPS provider property [KeyAgreement.ECMQVWITHSHA224CKDF/org.bouncycastle.jcajce.provider.ProvEC.KeyAgreementSpi$ECMQVWITHSHA224CKDF]
Provider: Set BCFIPS provider property [KeyAgreement.ECMQVWITHSHA224CKDF SupportedKeyFormats/PKCS#8|X.509]
Provider: Set BCFIPS provider property [KeyAgreement.ECMQVWITHSHA224CKDF SupportedKeyClasses/java.security.interfaces.ECPublicKey|java.security.interfaces.ECPrivateKey]
Provider: Set BCFIPS provider property [KeyAgreement.ECMQVWITHSHA256CKDF ImplementedIn/Software]
Provider: Set BCFIPS provider property [KeyAgreement.ECMQVWITHSHA256CKDF/org.bouncycastle.jcajce.provider.ProvEC.KeyAgreementSpi$ECMQVWITHSHA256CKDF]
Provider: Set BCFIPS provider property [KeyAgreement.ECMQVWITHSHA256CKDF SupportedKeyFormats/PKCS#8|X.509]
Provider: Set BCFIPS provider property [KeyAgreement.ECMQVWITHSHA256CKDF SupportedKeyClasses/java.security.interfaces.ECPublicKey|java.security.interfaces.ECPrivateKey]
Provider: Set BCFIPS provider property [KeyAgreement.ECMQVWITHSHA384CKDF ImplementedIn/Software]
Provider: Set BCFIPS provider property [KeyAgreement.ECMQVWITHSHA384CKDF/org.bouncycastle.jcajce.provider.ProvEC.KeyAgreementSpi$ECMQVWITHSHA384CKDF]
Provider: Set BCFIPS provider property [KeyAgreement.ECMQVWITHSHA384CKDF SupportedKeyFormats/PKCS#8|X.509]
Provider: Set BCFIPS provider property [KeyAgreement.ECMQVWITHSHA384CKDF SupportedKeyClasses/java.security.interfaces.ECPublicKey|java.security.interfaces.ECPrivateKey]
Provider: Set BCFIPS provider property [KeyAgreement.ECMQVWITHSHA512CKDF ImplementedIn/Software]
Provider: Set BCFIPS provider property [KeyAgreement.ECMQVWITHSHA512CKDF/org.bouncycastle.jcajce.provider.ProvEC.KeyAgreementSpi$ECMQVWITHSHA512CKDF]
Provider: Set BCFIPS provider property [KeyAgreement.ECMQVWITHSHA512CKDF SupportedKeyFormats/PKCS#8|X.509]
Provider: Set BCFIPS provider property [KeyAgreement.ECMQVWITHSHA512CKDF SupportedKeyClasses/java.security.interfaces.ECPublicKey|java.security.interfaces.ECPrivateKey]
Provider: Set BCFIPS provider property [KeyAgreement.ECMQVWITHSHA512(224)CKDF ImplementedIn/Software]
Provider: Set BCFIPS provider property [KeyAgreement.ECMQVWITHSHA512(224)CKDF/org.bouncycastle.jcajce.provider.ProvEC.KeyAgreementSpi$ECMQVWITHSHA512(224)CKDF]
Provider: Set BCFIPS provider property [KeyAgreement.ECMQVWITHSHA512(224)CKDF SupportedKeyFormats/PKCS#8|X.509]
Provider: Set BCFIPS provider property [KeyAgreement.ECMQVWITHSHA512(224)CKDF SupportedKeyClasses/java.security.interfaces.ECPublicKey|java.security.interfaces.ECPrivateKey]
Provider: Set BCFIPS provider property [KeyAgreement.ECMQVWITHSHA512(256)CKDF ImplementedIn/Software]
Provider: Set BCFIPS provider property [KeyAgreement.ECMQVWITHSHA512(256)CKDF/org.bouncycastle.jcajce.provider.ProvEC.KeyAgreementSpi$ECMQVWITHSHA512(256)CKDF]
Provider: Set BCFIPS provider property [KeyAgreement.ECMQVWITHSHA512(256)CKDF SupportedKeyFormats/PKCS#8|X.509]
Provider: Set BCFIPS provider property [KeyAgreement.ECMQVWITHSHA512(256)CKDF SupportedKeyClasses/java.security.interfaces.ECPublicKey|java.security.interfaces.ECPrivateKey]
Provider: Set BCFIPS provider property [KeyAgreement.ECMQVWITHHMACSHA224CKDF ImplementedIn/Software]
Provider: Set BCFIPS provider property [KeyAgreement.ECMQVWITHHMACSHA224CKDF/org.bouncycastle.jcajce.provider.ProvEC.KeyAgreementSpi$ECMQVWITHHMACSHA224CKDF]
Provider: Set BCFIPS provider property [KeyAgreement.ECMQVWITHHMACSHA224CKDF SupportedKeyFormats/PKCS#8|X.509]
Provider: Set BCFIPS provider property [KeyAgreement.ECMQVWITHHMACSHA224CKDF SupportedKeyClasses/java.security.interfaces.ECPublicKey|java.security.interfaces.ECPrivateKey]
Provider: Set BCFIPS provider property [KeyAgreement.ECMQVWITHHMACSHA256CKDF ImplementedIn/Software]
Provider: Set BCFIPS provider property [KeyAgreement.ECMQVWITHHMACSHA256CKDF/org.bouncycastle.jcajce.provider.ProvEC.KeyAgreementSpi$ECMQVWITHHMACSHA256CKDF]
Provider: Set BCFIPS provider property [KeyAgreement.ECMQVWITHHMACSHA256CKDF SupportedKeyFormats/PKCS#8|X.509]
Provider: Set BCFIPS provider property [KeyAgreement.ECMQVWITHHMACSHA256CKDF SupportedKeyClasses/java.security.interfaces.ECPublicKey|java.security.interfaces.ECPrivateKey]
Provider: Set BCFIPS provider property [KeyAgreement.ECMQVWITHHMACSHA384CKDF ImplementedIn/Software]
Provider: Set BCFIPS provider property [KeyAgreement.ECMQVWITHHMACSHA384CKDF/org.bouncycastle.jcajce.provider.ProvEC.KeyAgreementSpi$ECMQVWITHHMACSHA384CKDF]
Provider: Set BCFIPS provider property [KeyAgreement.ECMQVWITHHMACSHA384CKDF SupportedKeyFormats/PKCS#8|X.509]
Provider: Set BCFIPS provider property [KeyAgreement.ECMQVWITHHMACSHA384CKDF SupportedKeyClasses/java.security.interfaces.ECPublicKey|java.security.interfaces.ECPrivateKey]
Provider: Set BCFIPS provider property [KeyAgreement.ECMQVWITHHMACSHA512CKDF ImplementedIn/Software]
Provider: Set BCFIPS provider property [KeyAgreement.ECMQVWITHHMACSHA512CKDF/org.bouncycastle.jcajce.provider.ProvEC.KeyAgreementSpi$ECMQVWITHHMACSHA512CKDF]
Provider: Set BCFIPS provider property [KeyAgreement.ECMQVWITHHMACSHA512CKDF SupportedKeyFormats/PKCS#8|X.509]
Provider: Set BCFIPS provider property [KeyAgreement.ECMQVWITHHMACSHA512CKDF SupportedKeyClasses/java.security.interfaces.ECPublicKey|java.security.interfaces.ECPrivateKey]
Provider: Set BCFIPS provider property [KeyAgreement.ECMQVWITHHMACSHA512(224)CKDF ImplementedIn/Software]
Provider: Set BCFIPS provider property [KeyAgreement.ECMQVWITHHMACSHA512(224)CKDF/org.bouncycastle.jcajce.provider.ProvEC.KeyAgreementSpi$ECMQVWITHHMACSHA512(224)CKDF]
Provider: Set BCFIPS provider property [KeyAgreement.ECMQVWITHHMACSHA512(224)CKDF SupportedKeyFormats/PKCS#8|X.509]
Provider: Set BCFIPS provider property [KeyAgreement.ECMQVWITHHMACSHA512(224)CKDF SupportedKeyClasses/java.security.interfaces.ECPublicKey|java.security.interfaces.ECPrivateKey]
Provider: Set BCFIPS provider property [KeyAgreement.ECMQVWITHHMACSHA512(256)CKDF ImplementedIn/Software]
Provider: Set BCFIPS provider property [KeyAgreement.ECMQVWITHHMACSHA512(256)CKDF/org.bouncycastle.jcajce.provider.ProvEC.KeyAgreementSpi$ECMQVWITHHMACSHA512(256)CKDF]
Provider: Set BCFIPS provider property [KeyAgreement.ECMQVWITHHMACSHA512(256)CKDF SupportedKeyFormats/PKCS#8|X.509]
Provider: Set BCFIPS provider property [KeyAgreement.ECMQVWITHHMACSHA512(256)CKDF SupportedKeyClasses/java.security.interfaces.ECPublicKey|java.security.interfaces.ECPrivateKey]
Provider: Set BCFIPS provider property [KeyAgreement.ECMQVWITHSHA3-224CKDF ImplementedIn/Software]
Provider: Set BCFIPS provider property [KeyAgreement.ECMQVWITHSHA3-224CKDF/org.bouncycastle.jcajce.provider.ProvEC.KeyAgreementSpi$ECMQVWITHSHA3-224CKDF]
Provider: Set BCFIPS provider property [KeyAgreement.ECMQVWITHSHA3-224CKDF SupportedKeyFormats/PKCS#8|X.509]
Provider: Set BCFIPS provider property [KeyAgreement.ECMQVWITHSHA3-224CKDF SupportedKeyClasses/java.security.interfaces.ECPublicKey|java.security.interfaces.ECPrivateKey]
Provider: Set BCFIPS provider property [KeyAgreement.ECMQVWITHSHA3-256CKDF ImplementedIn/Software]
Provider: Set BCFIPS provider property [KeyAgreement.ECMQVWITHSHA3-256CKDF/org.bouncycastle.jcajce.provider.ProvEC.KeyAgreementSpi$ECMQVWITHSHA3-256CKDF]
Provider: Set BCFIPS provider property [KeyAgreement.ECMQVWITHSHA3-256CKDF SupportedKeyFormats/PKCS#8|X.509]
Provider: Set BCFIPS provider property [KeyAgreement.ECMQVWITHSHA3-256CKDF SupportedKeyClasses/java.security.interfaces.ECPublicKey|java.security.interfaces.ECPrivateKey]
Provider: Set BCFIPS provider property [KeyAgreement.ECMQVWITHSHA3-384CKDF ImplementedIn/Software]
Provider: Set BCFIPS provider property [KeyAgreement.ECMQVWITHSHA3-384CKDF/org.bouncycastle.jcajce.provider.ProvEC.KeyAgreementSpi$ECMQVWITHSHA3-384CKDF]
Provider: Set BCFIPS provider property [KeyAgreement.ECMQVWITHSHA3-384CKDF SupportedKeyFormats/PKCS#8|X.509]
Provider: Set BCFIPS provider property [KeyAgreement.ECMQVWITHSHA3-384CKDF SupportedKeyClasses/java.security.interfaces.ECPublicKey|java.security.interfaces.ECPrivateKey]
Provider: Set BCFIPS provider property [KeyAgreement.ECMQVWITHSHA3-512CKDF ImplementedIn/Software]
Provider: Set BCFIPS provider property [KeyAgreement.ECMQVWITHSHA3-512CKDF/org.bouncycastle.jcajce.provider.ProvEC.KeyAgreementSpi$ECMQVWITHSHA3-512CKDF]
Provider: Set BCFIPS provider property [KeyAgreement.ECMQVWITHSHA3-512CKDF SupportedKeyFormats/PKCS#8|X.509]
Provider: Set BCFIPS provider property [KeyAgreement.ECMQVWITHSHA3-512CKDF SupportedKeyClasses/java.security.interfaces.ECPublicKey|java.security.interfaces.ECPrivateKey]
Provider: Set BCFIPS provider property [KeyAgreement.ECMQVWITHHMACSHA3-224CKDF ImplementedIn/Software]
Provider: Set BCFIPS provider property [KeyAgreement.ECMQVWITHHMACSHA3-224CKDF/org.bouncycastle.jcajce.provider.ProvEC.KeyAgreementSpi$ECMQVWITHHMACSHA3-224CKDF]
Provider: Set BCFIPS provider property [KeyAgreement.ECMQVWITHHMACSHA3-224CKDF SupportedKeyFormats/PKCS#8|X.509]
Provider: Set BCFIPS provider property [KeyAgreement.ECMQVWITHHMACSHA3-224CKDF SupportedKeyClasses/java.security.interfaces.ECPublicKey|java.security.interfaces.ECPrivateKey]
Provider: Set BCFIPS provider property [KeyAgreement.ECMQVWITHHMACSHA3-256CKDF ImplementedIn/Software]
Provider: Set BCFIPS provider property [KeyAgreement.ECMQVWITHHMACSHA3-256CKDF/org.bouncycastle.jcajce.provider.ProvEC.KeyAgreementSpi$ECMQVWITHHMACSHA3-256CKDF]
Provider: Set BCFIPS provider property [KeyAgreement.ECMQVWITHHMACSHA3-256CKDF SupportedKeyFormats/PKCS#8|X.509]
Provider: Set BCFIPS provider property [KeyAgreement.ECMQVWITHHMACSHA3-256CKDF SupportedKeyClasses/java.security.interfaces.ECPublicKey|java.security.interfaces.ECPrivateKey]
Provider: Set BCFIPS provider property [KeyAgreement.ECMQVWITHHMACSHA3-384CKDF ImplementedIn/Software]
Provider: Set BCFIPS provider property [KeyAgreement.ECMQVWITHHMACSHA3-384CKDF/org.bouncycastle.jcajce.provider.ProvEC.KeyAgreementSpi$ECMQVWITHHMACSHA3-384CKDF]
Provider: Set BCFIPS provider property [KeyAgreement.ECMQVWITHHMACSHA3-384CKDF SupportedKeyFormats/PKCS#8|X.509]
Provider: Set BCFIPS provider property [KeyAgreement.ECMQVWITHHMACSHA3-384CKDF SupportedKeyClasses/java.security.interfaces.ECPublicKey|java.security.interfaces.ECPrivateKey]
Provider: Set BCFIPS provider property [KeyAgreement.ECMQVWITHHMACSHA3-512CKDF ImplementedIn/Software]
Provider: Set BCFIPS provider property [KeyAgreement.ECMQVWITHHMACSHA3-512CKDF/org.bouncycastle.jcajce.provider.ProvEC.KeyAgreementSpi$ECMQVWITHHMACSHA3-512CKDF]
Provider: Set BCFIPS provider property [KeyAgreement.ECMQVWITHHMACSHA3-512CKDF SupportedKeyFormats/PKCS#8|X.509]
Provider: Set BCFIPS provider property [KeyAgreement.ECMQVWITHHMACSHA3-512CKDF SupportedKeyClasses/java.security.interfaces.ECPublicKey|java.security.interfaces.ECPrivateKey]
Provider: Set BCFIPS provider property [KeyAgreement.ECMQVWITHKMAC-128CKDF ImplementedIn/Software]
Provider: Set BCFIPS provider property [KeyAgreement.ECMQVWITHKMAC-128CKDF/org.bouncycastle.jcajce.provider.ProvEC.KeyAgreementSpi$ECMQVWITHKMAC-128CKDF]
Provider: Set BCFIPS provider property [KeyAgreement.ECMQVWITHKMAC-128CKDF SupportedKeyFormats/PKCS#8|X.509]
Provider: Set BCFIPS provider property [KeyAgreement.ECMQVWITHKMAC-128CKDF SupportedKeyClasses/java.security.interfaces.ECPublicKey|java.security.interfaces.ECPrivateKey]
Provider: Set BCFIPS provider property [KeyAgreement.ECMQVWITHKMAC-256CKDF ImplementedIn/Software]
Provider: Set BCFIPS provider property [KeyAgreement.ECMQVWITHKMAC-256CKDF/org.bouncycastle.jcajce.provider.ProvEC.KeyAgreementSpi$ECMQVWITHKMAC-256CKDF]
Provider: Set BCFIPS provider property [KeyAgreement.ECMQVWITHKMAC-256CKDF SupportedKeyFormats/PKCS#8|X.509]
Provider: Set BCFIPS provider property [KeyAgreement.ECMQVWITHKMAC-256CKDF SupportedKeyClasses/java.security.interfaces.ECPublicKey|java.security.interfaces.ECPrivateKey]
Provider: Set BCFIPS provider property [KeyAgreement.ECMQVWITHCMACTSKDF ImplementedIn/Software]
Provider: Set BCFIPS provider property [KeyAgreement.ECMQVWITHCMACTSKDF/org.bouncycastle.jcajce.provider.ProvEC.KeyAgreementSpi$ECMQVWITHCMACTSKDF]
Provider: Set BCFIPS provider property [KeyAgreement.ECMQVWITHCMACTSKDF SupportedKeyFormats/PKCS#8|X.509]
Provider: Set BCFIPS provider property [KeyAgreement.ECMQVWITHCMACTSKDF SupportedKeyClasses/java.security.interfaces.ECPublicKey|java.security.interfaces.ECPrivateKey]
Provider: Set BCFIPS provider property [KeyAgreement.ECMQVWITHHMACSHA1TSKDF ImplementedIn/Software]
Provider: Set BCFIPS provider property [KeyAgreement.ECMQVWITHHMACSHA1TSKDF/org.bouncycastle.jcajce.provider.ProvEC.KeyAgreementSpi$ECMQVWITHHMACSHA1TSKDF]
Provider: Set BCFIPS provider property [KeyAgreement.ECMQVWITHHMACSHA1TSKDF SupportedKeyFormats/PKCS#8|X.509]
Provider: Set BCFIPS provider property [KeyAgreement.ECMQVWITHHMACSHA1TSKDF SupportedKeyClasses/java.security.interfaces.ECPublicKey|java.security.interfaces.ECPrivateKey]
Provider: Set BCFIPS provider property [KeyAgreement.ECMQVWITHHMACSHA224TSKDF ImplementedIn/Software]
Provider: Set BCFIPS provider property [KeyAgreement.ECMQVWITHHMACSHA224TSKDF/org.bouncycastle.jcajce.provider.ProvEC.KeyAgreementSpi$ECMQVWITHHMACSHA224TSKDF]
Provider: Set BCFIPS provider property [KeyAgreement.ECMQVWITHHMACSHA224TSKDF SupportedKeyFormats/PKCS#8|X.509]
Provider: Set BCFIPS provider property [KeyAgreement.ECMQVWITHHMACSHA224TSKDF SupportedKeyClasses/java.security.interfaces.ECPublicKey|java.security.interfaces.ECPrivateKey]
Provider: Set BCFIPS provider property [KeyAgreement.ECMQVWITHHMACSHA256TSKDF ImplementedIn/Software]
Provider: Set BCFIPS provider property [KeyAgreement.ECMQVWITHHMACSHA256TSKDF/org.bouncycastle.jcajce.provider.ProvEC.KeyAgreementSpi$ECMQVWITHHMACSHA256TSKDF]
Provider: Set BCFIPS provider property [KeyAgreement.ECMQVWITHHMACSHA256TSKDF SupportedKeyFormats/PKCS#8|X.509]
Provider: Set BCFIPS provider property [KeyAgreement.ECMQVWITHHMACSHA256TSKDF SupportedKeyClasses/java.security.interfaces.ECPublicKey|java.security.interfaces.ECPrivateKey]
Provider: Set BCFIPS provider property [KeyAgreement.ECMQVWITHHMACSHA384TSKDF ImplementedIn/Software]
Provider: Set BCFIPS provider property [KeyAgreement.ECMQVWITHHMACSHA384TSKDF/org.bouncycastle.jcajce.provider.ProvEC.KeyAgreementSpi$ECMQVWITHHMACSHA384TSKDF]
Provider: Set BCFIPS provider property [KeyAgreement.ECMQVWITHHMACSHA384TSKDF SupportedKeyFormats/PKCS#8|X.509]
Provider: Set BCFIPS provider property [KeyAgreement.ECMQVWITHHMACSHA384TSKDF SupportedKeyClasses/java.security.interfaces.ECPublicKey|java.security.interfaces.ECPrivateKey]
Provider: Set BCFIPS provider property [KeyAgreement.ECMQVWITHHMACSHA512TSKDF ImplementedIn/Software]
Provider: Set BCFIPS provider property [KeyAgreement.ECMQVWITHHMACSHA512TSKDF/org.bouncycastle.jcajce.provider.ProvEC.KeyAgreementSpi$ECMQVWITHHMACSHA512TSKDF]
Provider: Set BCFIPS provider property [KeyAgreement.ECMQVWITHHMACSHA512TSKDF SupportedKeyFormats/PKCS#8|X.509]
Provider: Set BCFIPS provider property [KeyAgreement.ECMQVWITHHMACSHA512TSKDF SupportedKeyClasses/java.security.interfaces.ECPublicKey|java.security.interfaces.ECPrivateKey]
Provider: Set BCFIPS provider property [KeyAgreement.ECMQVWITHHMACSHA512(224)TSKDF ImplementedIn/Software]
Provider: Set BCFIPS provider property [KeyAgreement.ECMQVWITHHMACSHA512(224)TSKDF/org.bouncycastle.jcajce.provider.ProvEC.KeyAgreementSpi$ECMQVWITHHMACSHA512(224)TSKDF]
Provider: Set BCFIPS provider property [KeyAgreement.ECMQVWITHHMACSHA512(224)TSKDF SupportedKeyFormats/PKCS#8|X.509]
Provider: Set BCFIPS provider property [KeyAgreement.ECMQVWITHHMACSHA512(224)TSKDF SupportedKeyClasses/java.security.interfaces.ECPublicKey|java.security.interfaces.ECPrivateKey]
Provider: Set BCFIPS provider property [KeyAgreement.ECMQVWITHHMACSHA512(256)TSKDF ImplementedIn/Software]
Provider: Set BCFIPS provider property [KeyAgreement.ECMQVWITHHMACSHA512(256)TSKDF/org.bouncycastle.jcajce.provider.ProvEC.KeyAgreementSpi$ECMQVWITHHMACSHA512(256)TSKDF]
Provider: Set BCFIPS provider property [KeyAgreement.ECMQVWITHHMACSHA512(256)TSKDF SupportedKeyFormats/PKCS#8|X.509]
Provider: Set BCFIPS provider property [KeyAgreement.ECMQVWITHHMACSHA512(256)TSKDF SupportedKeyClasses/java.security.interfaces.ECPublicKey|java.security.interfaces.ECPrivateKey]
Provider: Set BCFIPS provider property [KeyAgreement.ECMQVWITHHMACSHA3-224TSKDF ImplementedIn/Software]
Provider: Set BCFIPS provider property [KeyAgreement.ECMQVWITHHMACSHA3-224TSKDF/org.bouncycastle.jcajce.provider.ProvEC.KeyAgreementSpi$ECMQVWITHHMACSHA3-224TSKDF]
Provider: Set BCFIPS provider property [KeyAgreement.ECMQVWITHHMACSHA3-224TSKDF SupportedKeyFormats/PKCS#8|X.509]
Provider: Set BCFIPS provider property [KeyAgreement.ECMQVWITHHMACSHA3-224TSKDF SupportedKeyClasses/java.security.interfaces.ECPublicKey|java.security.interfaces.ECPrivateKey]
Provider: Set BCFIPS provider property [KeyAgreement.ECMQVWITHHMACSHA3-256TSKDF ImplementedIn/Software]
Provider: Set BCFIPS provider property [KeyAgreement.ECMQVWITHHMACSHA3-256TSKDF/org.bouncycastle.jcajce.provider.ProvEC.KeyAgreementSpi$ECMQVWITHHMACSHA3-256TSKDF]
Provider: Set BCFIPS provider property [KeyAgreement.ECMQVWITHHMACSHA3-256TSKDF SupportedKeyFormats/PKCS#8|X.509]
Provider: Set BCFIPS provider property [KeyAgreement.ECMQVWITHHMACSHA3-256TSKDF SupportedKeyClasses/java.security.interfaces.ECPublicKey|java.security.interfaces.ECPrivateKey]
Provider: Set BCFIPS provider property [KeyAgreement.ECMQVWITHHMACSHA3-384TSKDF ImplementedIn/Software]
Provider: Set BCFIPS provider property [KeyAgreement.ECMQVWITHHMACSHA3-384TSKDF/org.bouncycastle.jcajce.provider.ProvEC.KeyAgreementSpi$ECMQVWITHHMACSHA3-384TSKDF]
Provider: Set BCFIPS provider property [KeyAgreement.ECMQVWITHHMACSHA3-384TSKDF SupportedKeyFormats/PKCS#8|X.509]
Provider: Set BCFIPS provider property [KeyAgreement.ECMQVWITHHMACSHA3-384TSKDF SupportedKeyClasses/java.security.interfaces.ECPublicKey|java.security.interfaces.ECPrivateKey]
Provider: Set BCFIPS provider property [KeyAgreement.ECMQVWITHHMACSHA3-512TSKDF ImplementedIn/Software]
Provider: Set BCFIPS provider property [KeyAgreement.ECMQVWITHHMACSHA3-512TSKDF/org.bouncycastle.jcajce.provider.ProvEC.KeyAgreementSpi$ECMQVWITHHMACSHA3-512TSKDF]
Provider: Set BCFIPS provider property [KeyAgreement.ECMQVWITHHMACSHA3-512TSKDF SupportedKeyFormats/PKCS#8|X.509]
Provider: Set BCFIPS provider property [KeyAgreement.ECMQVWITHHMACSHA3-512TSKDF SupportedKeyClasses/java.security.interfaces.ECPublicKey|java.security.interfaces.ECPrivateKey]
Provider: SecureRandom.null algorithm from: BCFIPS_FIXED_RNG
Provider: SecureRandom.null algorithm from: BCFIPS_FIXED_RNG
Provider: SecureRandom.null algorithm from: BCFIPS_FIXED_RNG
Provider: SecureRandom.null algorithm from: BCFIPS_FIXED_RNG
Provider: SecureRandom.null algorithm from: FipsRSA_TEST_RNG
Provider: Set BCFIPS provider property [AlgorithmParameters.OAEP ImplementedIn/Software]
Provider: Set BCFIPS provider property [AlgorithmParameters.OAEP/org.bouncycastle.jcajce.provider.asymmetric.rsa.AlgorithmParametersSpi$OAEP]
Provider: Set BCFIPS provider property [Alg.Alias.AlgorithmParameters.1.2.840.113549.1.1.7/OAEP]
Provider: Set BCFIPS provider property [Alg.Alias.AlgorithmParameters.OID.1.2.840.113549.1.1.7/OAEP]
Provider: Set BCFIPS provider property [AlgorithmParameters.PSS ImplementedIn/Software]
Provider: Set BCFIPS provider property [AlgorithmParameters.PSS/org.bouncycastle.jcajce.provider.asymmetric.rsa.AlgorithmParametersSpi$PSS]
Provider: Set BCFIPS provider property [Alg.Alias.AlgorithmParameters.RSAPSS/PSS]
Provider: Set BCFIPS provider property [Alg.Alias.AlgorithmParameters.RSA-PSS/PSS]
Provider: Set BCFIPS provider property [Alg.Alias.AlgorithmParameters.RSASSA-PSS/PSS]
Provider: Set BCFIPS provider property [Alg.Alias.AlgorithmParameters.1.2.840.113549.1.1.10/PSS]
Provider: Set BCFIPS provider property [Alg.Alias.AlgorithmParameters.OID.1.2.840.113549.1.1.10/PSS]
Provider: Set BCFIPS provider property [Cipher.RSA ImplementedIn/Software]
Provider: Set BCFIPS provider property [Cipher.RSA/org.bouncycastle.jcajce.provider.asymmetric.rsa.CipherSpi$NoPadding]
Provider: Set BCFIPS provider property [Cipher.RSA SupportedKeyFormats/PKCS#8|X.509]
Provider: Set BCFIPS provider property [Cipher.RSA SupportedKeyClasses/java.security.interfaces.RSAPublicKey|java.security.interfaces.RSAPrivateKey]
Provider: Set BCFIPS provider property [Cipher.1.2.840.113549.1.1.7 ImplementedIn/Software]
Provider: Set BCFIPS provider property [Cipher.1.2.840.113549.1.1.7/org.bouncycastle.jcajce.provider.asymmetric.rsa.CipherSpi$OAEPPadding]
Provider: Set BCFIPS provider property [Alg.Alias.Cipher.OID.1.2.840.113549.1.1.7/1.2.840.113549.1.1.7]
Provider: Set BCFIPS provider property [Cipher.1.2.840.113549.1.1.7 SupportedKeyFormats/PKCS#8|X.509]
Provider: Set BCFIPS provider property [Cipher.1.2.840.113549.1.1.7 SupportedKeyClasses/java.security.interfaces.RSAPublicKey|java.security.interfaces.RSAPrivateKey]
Provider: Set BCFIPS provider property [KeyFactory.RSA ImplementedIn/Software]
Provider: Set BCFIPS provider property [KeyFactory.RSA/org.bouncycastle.jcajce.provider.asymmetric.rsa.KeyFactorySpi]
Provider: Set BCFIPS provider property [KeyPairGenerator.RSA ImplementedIn/Software]
Provider: Set BCFIPS provider property [KeyPairGenerator.RSA/org.bouncycastle.jcajce.provider.asymmetric.rsa.KeyPairGeneratorSpi]
Provider: Set BCFIPS provider property [KeyFactory.RSASSA-PSS ImplementedIn/Software]
Provider: Set BCFIPS provider property [KeyFactory.RSASSA-PSS/org.bouncycastle.jcajce.provider.asymmetric.rsa.KeyFactoryPSSSpi]
Provider: Set BCFIPS provider property [KeyPairGenerator.RSASSA-PSS ImplementedIn/Software]
Provider: Set BCFIPS provider property [KeyPairGenerator.RSASSA-PSS/org.bouncycastle.jcajce.provider.asymmetric.rsa.KeyPairGeneratorPSSSpi]
Provider: Set BCFIPS provider property [Alg.Alias.KeyFactory.1.2.840.113549.1.1.1/RSA]
Provider: Set BCFIPS provider property [Alg.Alias.KeyFactory.OID.1.2.840.113549.1.1.1/RSA]
Provider: Set BCFIPS provider property [Alg.Alias.KeyPairGenerator.1.2.840.113549.1.1.1/RSA]
Provider: Set BCFIPS provider property [Alg.Alias.KeyPairGenerator.OID.1.2.840.113549.1.1.1/RSA]
Provider: Set BCFIPS provider property [Alg.Alias.KeyFactory.2.5.8.1.1/RSA]
Provider: Set BCFIPS provider property [Alg.Alias.KeyFactory.OID.2.5.8.1.1/RSA]
Provider: Set BCFIPS provider property [Alg.Alias.KeyPairGenerator.2.5.8.1.1/RSA]
Provider: Set BCFIPS provider property [Alg.Alias.KeyPairGenerator.OID.2.5.8.1.1/RSA]
Provider: Set BCFIPS provider property [Alg.Alias.KeyFactory.1.2.840.113549.1.1.7/RSA]
Provider: Set BCFIPS provider property [Alg.Alias.KeyFactory.OID.1.2.840.113549.1.1.7/RSA]
Provider: Set BCFIPS provider property [Alg.Alias.KeyPairGenerator.1.2.840.113549.1.1.7/RSA]
Provider: Set BCFIPS provider property [Alg.Alias.KeyPairGenerator.OID.1.2.840.113549.1.1.7/RSA]
Provider: Set BCFIPS provider property [Alg.Alias.KeyFactory.1.2.840.113549.1.1.10/RSA]
Provider: Set BCFIPS provider property [Alg.Alias.KeyFactory.OID.1.2.840.113549.1.1.10/RSA]
Provider: Set BCFIPS provider property [Alg.Alias.KeyPairGenerator.1.2.840.113549.1.1.10/RSA]
Provider: Set BCFIPS provider property [Alg.Alias.KeyPairGenerator.OID.1.2.840.113549.1.1.10/RSA]
Provider: Set BCFIPS provider property [Alg.Alias.KeyFactory.1.2.840.113549.1.9.16.3.14/RSA]
Provider: Set BCFIPS provider property [Alg.Alias.KeyFactory.OID.1.2.840.113549.1.9.16.3.14/RSA]
Provider: Set BCFIPS provider property [Alg.Alias.KeyPairGenerator.1.2.840.113549.1.9.16.3.14/RSA]
Provider: Set BCFIPS provider property [Alg.Alias.KeyPairGenerator.OID.1.2.840.113549.1.9.16.3.14/RSA]
Provider: Set BCFIPS provider property [SecretKeyFactory.RSA-KAS-KEM ImplementedIn/Software]
Provider: Set BCFIPS provider property [SecretKeyFactory.RSA-KAS-KEM/org.bouncycastle.jcajce.provider.asymmetric.rsa.RSAKTSKEM]
Provider: Set BCFIPS provider property [SecretKeyFactory.RSA-KTS-KEM-KWS ImplementedIn/Software]
Provider: Set BCFIPS provider property [SecretKeyFactory.RSA-KTS-KEM-KWS/org.bouncycastle.jcajce.provider.asymmetric.rsa.RSAKTSKEMKWS]
Provider: Set BCFIPS provider property [Cipher.RSA-KTS-KEM-KWS ImplementedIn/Software]
Provider: Set BCFIPS provider property [Cipher.RSA-KTS-KEM-KWS/org.bouncycastle.jcajce.provider.asymmetric.rsa.CipherRSAKTSKEM]
Provider: Set BCFIPS provider property [Cipher.RSA-KTS-KEM-KWS SupportedKeyFormats/PKCS#8|X.509]
Provider: Set BCFIPS provider property [Cipher.RSA-KTS-KEM-KWS SupportedKeyClasses/java.security.interfaces.RSAPublicKey|java.security.interfaces.RSAPrivateKey]
Provider: Set BCFIPS provider property [Alg.Alias.Cipher.1.2.840.113549.1.9.16.3.14/RSA-KTS-KEM-KWS]
Provider: Set BCFIPS provider property [Alg.Alias.Cipher.OID.1.2.840.113549.1.9.16.3.14/RSA-KTS-KEM-KWS]
Provider: Set BCFIPS provider property [AlgorithmParameters.RSA-KTS-KEM-KWS ImplementedIn/Software]
Provider: Set BCFIPS provider property [AlgorithmParameters.RSA-KTS-KEM-KWS/org.bouncycastle.jcajce.provider.asymmetric.rsa.AlgParamsRSAKTSKEM]
Provider: Set BCFIPS provider property [Alg.Alias.AlgorithmParameters.1.2.840.113549.1.9.16.3.14/RSA-KTS-KEM-KWS]
Provider: Set BCFIPS provider property [Alg.Alias.AlgorithmParameters.OID.1.2.840.113549.1.9.16.3.14/RSA-KTS-KEM-KWS]
Provider: Set BCFIPS provider property [SecretKeyFactory.RSA-KTS-OAEP ImplementedIn/Software]
Provider: Set BCFIPS provider property [SecretKeyFactory.RSA-KTS-OAEP/org.bouncycastle.jcajce.provider.asymmetric.rsa.RSAKTSOEAP]
Provider: Set BCFIPS provider property [Signature.PSS ImplementedIn/Software]
Provider: Set BCFIPS provider property [Signature.PSS/org.bouncycastle.jcajce.provider.asymmetric.rsa.PSSSignatureSpi$PSSwithRSA]
Provider: Set BCFIPS provider property [Signature.PSS SupportedKeyFormats/PKCS#8|X.509]
Provider: Set BCFIPS provider property [Signature.PSS SupportedKeyClasses/java.security.interfaces.RSAPublicKey|java.security.interfaces.RSAPrivateKey]
Provider: Set BCFIPS provider property [Alg.Alias.Signature.1.2.840.113549.1.1.10/PSS]
Provider: Set BCFIPS provider property [Alg.Alias.Signature.OID.1.2.840.113549.1.1.10/PSS]
Provider: Set BCFIPS provider property [Alg.Alias.Signature.RSAPSS/PSS]
Provider: Set BCFIPS provider property [Alg.Alias.Signature.RSA-PSS/PSS]
Provider: Set BCFIPS provider property [Alg.Alias.Signature.RSASSA-PSS/PSS]
Provider: Set BCFIPS provider property [Signature.NONEWITHRSA ImplementedIn/Software]
Provider: Set BCFIPS provider property [Signature.NONEWITHRSA/org.bouncycastle.jcajce.provider.asymmetric.rsa.SignatureSpi$NONEwithRSA]
Provider: Set BCFIPS provider property [Signature.NONEWITHRSA SupportedKeyFormats/PKCS#8|X.509]
Provider: Set BCFIPS provider property [Signature.NONEWITHRSA SupportedKeyClasses/java.security.interfaces.RSAPublicKey|java.security.interfaces.RSAPrivateKey]
Provider: Set BCFIPS provider property [Alg.Alias.Signature.RAWRSA/NONEWITHRSA]
Provider: Set BCFIPS provider property [Signature.SHA1WITHRSA/PSS ImplementedIn/Software]
Provider: Set BCFIPS provider property [Signature.SHA1WITHRSA/PSS/org.bouncycastle.jcajce.provider.asymmetric.rsa.PSSSignatureSpi$SHA1]
Provider: Set BCFIPS provider property [Signature.SHA1WITHRSA/PSS SupportedKeyFormats/PKCS#8|X.509]
Provider: Set BCFIPS provider property [Signature.SHA1WITHRSA/PSS SupportedKeyClasses/java.security.interfaces.RSAPublicKey|java.security.interfaces.RSAPrivateKey]
Provider: Set BCFIPS provider property [Alg.Alias.Signature.SHA1WITHRSAANDMGF1/SHA1WITHRSA/PSS]
Provider: Set BCFIPS provider property [Alg.Alias.Signature.SHA1WITHRSASSA-PSS/SHA1WITHRSA/PSS]
Provider: Set BCFIPS provider property [Alg.Alias.AlgorithmParameters.SHA1WITHRSA/PSS/PSS]
Provider: Set BCFIPS provider property [Alg.Alias.AlgorithmParameters.SHA1WITHRSAANDMGF1/PSS]
Provider: Set BCFIPS provider property [Alg.Alias.AlgorithmParameters.SHA1WITHRSASSA-PSS/PSS]
Provider: Set BCFIPS provider property [Signature.SHA224WITHRSA/PSS ImplementedIn/Software]
Provider: Set BCFIPS provider property [Signature.SHA224WITHRSA/PSS/org.bouncycastle.jcajce.provider.asymmetric.rsa.PSSSignatureSpi$SHA224]
Provider: Set BCFIPS provider property [Signature.SHA224WITHRSA/PSS SupportedKeyFormats/PKCS#8|X.509]
Provider: Set BCFIPS provider property [Signature.SHA224WITHRSA/PSS SupportedKeyClasses/java.security.interfaces.RSAPublicKey|java.security.interfaces.RSAPrivateKey]
Provider: Set BCFIPS provider property [Alg.Alias.Signature.SHA224WITHRSAANDMGF1/SHA224WITHRSA/PSS]
Provider: Set BCFIPS provider property [Alg.Alias.Signature.SHA224WITHRSASSA-PSS/SHA224WITHRSA/PSS]
Provider: Set BCFIPS provider property [Alg.Alias.AlgorithmParameters.SHA224WITHRSA/PSS/PSS]
Provider: Set BCFIPS provider property [Alg.Alias.AlgorithmParameters.SHA224WITHRSAANDMGF1/PSS]
Provider: Set BCFIPS provider property [Alg.Alias.AlgorithmParameters.SHA224WITHRSASSA-PSS/PSS]
Provider: Set BCFIPS provider property [Signature.SHA256WITHRSA/PSS ImplementedIn/Software]
Provider: Set BCFIPS provider property [Signature.SHA256WITHRSA/PSS/org.bouncycastle.jcajce.provider.asymmetric.rsa.PSSSignatureSpi$SHA256]
Provider: Set BCFIPS provider property [Signature.SHA256WITHRSA/PSS SupportedKeyFormats/PKCS#8|X.509]
Provider: Set BCFIPS provider property [Signature.SHA256WITHRSA/PSS SupportedKeyClasses/java.security.interfaces.RSAPublicKey|java.security.interfaces.RSAPrivateKey]
Provider: Set BCFIPS provider property [Alg.Alias.Signature.SHA256WITHRSAANDMGF1/SHA256WITHRSA/PSS]
Provider: Set BCFIPS provider property [Alg.Alias.Signature.SHA256WITHRSASSA-PSS/SHA256WITHRSA/PSS]
Provider: Set BCFIPS provider property [Alg.Alias.AlgorithmParameters.SHA256WITHRSA/PSS/PSS]
Provider: Set BCFIPS provider property [Alg.Alias.AlgorithmParameters.SHA256WITHRSAANDMGF1/PSS]
Provider: Set BCFIPS provider property [Alg.Alias.AlgorithmParameters.SHA256WITHRSASSA-PSS/PSS]
Provider: Set BCFIPS provider property [Signature.SHA384WITHRSA/PSS ImplementedIn/Software]
Provider: Set BCFIPS provider property [Signature.SHA384WITHRSA/PSS/org.bouncycastle.jcajce.provider.asymmetric.rsa.PSSSignatureSpi$SHA384]
Provider: Set BCFIPS provider property [Signature.SHA384WITHRSA/PSS SupportedKeyFormats/PKCS#8|X.509]
Provider: Set BCFIPS provider property [Signature.SHA384WITHRSA/PSS SupportedKeyClasses/java.security.interfaces.RSAPublicKey|java.security.interfaces.RSAPrivateKey]
Provider: Set BCFIPS provider property [Alg.Alias.Signature.SHA384WITHRSAANDMGF1/SHA384WITHRSA/PSS]
Provider: Set BCFIPS provider property [Alg.Alias.Signature.SHA384WITHRSASSA-PSS/SHA384WITHRSA/PSS]
Provider: Set BCFIPS provider property [Alg.Alias.AlgorithmParameters.SHA384WITHRSA/PSS/PSS]
Provider: Set BCFIPS provider property [Alg.Alias.AlgorithmParameters.SHA384WITHRSAANDMGF1/PSS]
Provider: Set BCFIPS provider property [Alg.Alias.AlgorithmParameters.SHA384WITHRSASSA-PSS/PSS]
Provider: Set BCFIPS provider property [Signature.SHA512WITHRSA/PSS ImplementedIn/Software]
Provider: Set BCFIPS provider property [Signature.SHA512WITHRSA/PSS/org.bouncycastle.jcajce.provider.asymmetric.rsa.PSSSignatureSpi$SHA512]
Provider: Set BCFIPS provider property [Signature.SHA512WITHRSA/PSS SupportedKeyFormats/PKCS#8|X.509]
Provider: Set BCFIPS provider property [Signature.SHA512WITHRSA/PSS SupportedKeyClasses/java.security.interfaces.RSAPublicKey|java.security.interfaces.RSAPrivateKey]
Provider: Set BCFIPS provider property [Alg.Alias.Signature.SHA512WITHRSAANDMGF1/SHA512WITHRSA/PSS]
Provider: Set BCFIPS provider property [Alg.Alias.Signature.SHA512WITHRSASSA-PSS/SHA512WITHRSA/PSS]
Provider: Set BCFIPS provider property [Alg.Alias.AlgorithmParameters.SHA512WITHRSA/PSS/PSS]
Provider: Set BCFIPS provider property [Alg.Alias.AlgorithmParameters.SHA512WITHRSAANDMGF1/PSS]
Provider: Set BCFIPS provider property [Alg.Alias.AlgorithmParameters.SHA512WITHRSASSA-PSS/PSS]
Provider: Set BCFIPS provider property [Signature.SHA512(224)WITHRSA/PSS ImplementedIn/Software]
Provider: Set BCFIPS provider property [Signature.SHA512(224)WITHRSA/PSS/org.bouncycastle.jcajce.provider.asymmetric.rsa.PSSSignatureSpi$SHA512(224)]
Provider: Set BCFIPS provider property [Signature.SHA512(224)WITHRSA/PSS SupportedKeyFormats/PKCS#8|X.509]
Provider: Set BCFIPS provider property [Signature.SHA512(224)WITHRSA/PSS SupportedKeyClasses/java.security.interfaces.RSAPublicKey|java.security.interfaces.RSAPrivateKey]
Provider: Set BCFIPS provider property [Alg.Alias.Signature.SHA512(224)WITHRSAANDMGF1/SHA512(224)WITHRSA/PSS]
Provider: Set BCFIPS provider property [Alg.Alias.Signature.SHA512(224)WITHRSASSA-PSS/SHA512(224)WITHRSA/PSS]
Provider: Set BCFIPS provider property [Alg.Alias.AlgorithmParameters.SHA512(224)WITHRSA/PSS/PSS]
Provider: Set BCFIPS provider property [Alg.Alias.AlgorithmParameters.SHA512(224)WITHRSAANDMGF1/PSS]
Provider: Set BCFIPS provider property [Alg.Alias.AlgorithmParameters.SHA512(224)WITHRSASSA-PSS/PSS]
Provider: Set BCFIPS provider property [Signature.SHA512(256)WITHRSA/PSS ImplementedIn/Software]
Provider: Set BCFIPS provider property [Signature.SHA512(256)WITHRSA/PSS/org.bouncycastle.jcajce.provider.asymmetric.rsa.PSSSignatureSpi$SHA512(256)]
Provider: Set BCFIPS provider property [Signature.SHA512(256)WITHRSA/PSS SupportedKeyFormats/PKCS#8|X.509]
Provider: Set BCFIPS provider property [Signature.SHA512(256)WITHRSA/PSS SupportedKeyClasses/java.security.interfaces.RSAPublicKey|java.security.interfaces.RSAPrivateKey]
Provider: Set BCFIPS provider property [Alg.Alias.Signature.SHA512(256)WITHRSAANDMGF1/SHA512(256)WITHRSA/PSS]
Provider: Set BCFIPS provider property [Alg.Alias.Signature.SHA512(256)WITHRSASSA-PSS/SHA512(256)WITHRSA/PSS]
Provider: Set BCFIPS provider property [Alg.Alias.AlgorithmParameters.SHA512(256)WITHRSA/PSS/PSS]
Provider: Set BCFIPS provider property [Alg.Alias.AlgorithmParameters.SHA512(256)WITHRSAANDMGF1/PSS]
Provider: Set BCFIPS provider property [Alg.Alias.AlgorithmParameters.SHA512(256)WITHRSASSA-PSS/PSS]
Provider: Set BCFIPS provider property [Signature.SHA3-224WITHRSA/PSS ImplementedIn/Software]
Provider: Set BCFIPS provider property [Signature.SHA3-224WITHRSA/PSS/org.bouncycastle.jcajce.provider.asymmetric.rsa.PSSSignatureSpi$SHA3-224]
Provider: Set BCFIPS provider property [Signature.SHA3-224WITHRSA/PSS SupportedKeyFormats/PKCS#8|X.509]
Provider: Set BCFIPS provider property [Signature.SHA3-224WITHRSA/PSS SupportedKeyClasses/java.security.interfaces.RSAPublicKey|java.security.interfaces.RSAPrivateKey]
Provider: Set BCFIPS provider property [Alg.Alias.Signature.SHA3-224WITHRSAANDMGF1/SHA3-224WITHRSA/PSS]
Provider: Set BCFIPS provider property [Alg.Alias.Signature.SHA3-224WITHRSASSA-PSS/SHA3-224WITHRSA/PSS]
Provider: Set BCFIPS provider property [Alg.Alias.AlgorithmParameters.SHA3-224WITHRSA/PSS/PSS]
Provider: Set BCFIPS provider property [Alg.Alias.AlgorithmParameters.SHA3-224WITHRSAANDMGF1/PSS]
Provider: Set BCFIPS provider property [Alg.Alias.AlgorithmParameters.SHA3-224WITHRSASSA-PSS/PSS]
Provider: Set BCFIPS provider property [Signature.SHA3-256WITHRSA/PSS ImplementedIn/Software]
Provider: Set BCFIPS provider property [Signature.SHA3-256WITHRSA/PSS/org.bouncycastle.jcajce.provider.asymmetric.rsa.PSSSignatureSpi$SHA3-256]
Provider: Set BCFIPS provider property [Signature.SHA3-256WITHRSA/PSS SupportedKeyFormats/PKCS#8|X.509]
Provider: Set BCFIPS provider property [Signature.SHA3-256WITHRSA/PSS SupportedKeyClasses/java.security.interfaces.RSAPublicKey|java.security.interfaces.RSAPrivateKey]
Provider: Set BCFIPS provider property [Alg.Alias.Signature.SHA3-256WITHRSAANDMGF1/SHA3-256WITHRSA/PSS]
Provider: Set BCFIPS provider property [Alg.Alias.Signature.SHA3-256WITHRSASSA-PSS/SHA3-256WITHRSA/PSS]
Provider: Set BCFIPS provider property [Alg.Alias.AlgorithmParameters.SHA3-256WITHRSA/PSS/PSS]
Provider: Set BCFIPS provider property [Alg.Alias.AlgorithmParameters.SHA3-256WITHRSAANDMGF1/PSS]
Provider: Set BCFIPS provider property [Alg.Alias.AlgorithmParameters.SHA3-256WITHRSASSA-PSS/PSS]
Provider: Set BCFIPS provider property [Signature.SHA3-384WITHRSA/PSS ImplementedIn/Software]
Provider: Set BCFIPS provider property [Signature.SHA3-384WITHRSA/PSS/org.bouncycastle.jcajce.provider.asymmetric.rsa.PSSSignatureSpi$SHA3-384]
Provider: Set BCFIPS provider property [Signature.SHA3-384WITHRSA/PSS SupportedKeyFormats/PKCS#8|X.509]
Provider: Set BCFIPS provider property [Signature.SHA3-384WITHRSA/PSS SupportedKeyClasses/java.security.interfaces.RSAPublicKey|java.security.interfaces.RSAPrivateKey]
Provider: Set BCFIPS provider property [Alg.Alias.Signature.SHA3-384WITHRSAANDMGF1/SHA3-384WITHRSA/PSS]
Provider: Set BCFIPS provider property [Alg.Alias.Signature.SHA3-384WITHRSASSA-PSS/SHA3-384WITHRSA/PSS]
Provider: Set BCFIPS provider property [Alg.Alias.AlgorithmParameters.SHA3-384WITHRSA/PSS/PSS]
Provider: Set BCFIPS provider property [Alg.Alias.AlgorithmParameters.SHA3-384WITHRSAANDMGF1/PSS]
Provider: Set BCFIPS provider property [Alg.Alias.AlgorithmParameters.SHA3-384WITHRSASSA-PSS/PSS]
Provider: Set BCFIPS provider property [Signature.SHA3-512WITHRSA/PSS ImplementedIn/Software]
Provider: Set BCFIPS provider property [Signature.SHA3-512WITHRSA/PSS/org.bouncycastle.jcajce.provider.asymmetric.rsa.PSSSignatureSpi$SHA3-512]
Provider: Set BCFIPS provider property [Signature.SHA3-512WITHRSA/PSS SupportedKeyFormats/PKCS#8|X.509]
Provider: Set BCFIPS provider property [Signature.SHA3-512WITHRSA/PSS SupportedKeyClasses/java.security.interfaces.RSAPublicKey|java.security.interfaces.RSAPrivateKey]
Provider: Set BCFIPS provider property [Alg.Alias.Signature.SHA3-512WITHRSAANDMGF1/SHA3-512WITHRSA/PSS]
Provider: Set BCFIPS provider property [Alg.Alias.Signature.SHA3-512WITHRSASSA-PSS/SHA3-512WITHRSA/PSS]
Provider: Set BCFIPS provider property [Alg.Alias.AlgorithmParameters.SHA3-512WITHRSA/PSS/PSS]
Provider: Set BCFIPS provider property [Alg.Alias.AlgorithmParameters.SHA3-512WITHRSAANDMGF1/PSS]
Provider: Set BCFIPS provider property [Alg.Alias.AlgorithmParameters.SHA3-512WITHRSASSA-PSS/PSS]
Provider: Set BCFIPS provider property [Signature.SHAKE128WITHRSA/PSS ImplementedIn/Software]
Provider: Set BCFIPS provider property [Signature.SHAKE128WITHRSA/PSS/org.bouncycastle.jcajce.provider.asymmetric.rsa.PSSSignatureSpi$SHAKE128]
Provider: Set BCFIPS provider property [Signature.SHAKE128WITHRSA/PSS SupportedKeyFormats/PKCS#8|X.509]
Provider: Set BCFIPS provider property [Signature.SHAKE128WITHRSA/PSS SupportedKeyClasses/java.security.interfaces.RSAPublicKey|java.security.interfaces.RSAPrivateKey]
Provider: Set BCFIPS provider property [Alg.Alias.Signature.SHAKE128WITHRSASSA-PSS/SHAKE128WITHRSA/PSS]
Provider: Set BCFIPS provider property [Alg.Alias.AlgorithmParameters.SHAKE128WITHRSA/PSS/PSS]
Provider: Set BCFIPS provider property [Alg.Alias.AlgorithmParameters.SHAKE128WITHRSASSA-PSS/PSS]
Provider: Set BCFIPS provider property [Signature.SHAKE256WITHRSA/PSS ImplementedIn/Software]
Provider: Set BCFIPS provider property [Signature.SHAKE256WITHRSA/PSS/org.bouncycastle.jcajce.provider.asymmetric.rsa.PSSSignatureSpi$SHAKE256]
Provider: Set BCFIPS provider property [Signature.SHAKE256WITHRSA/PSS SupportedKeyFormats/PKCS#8|X.509]
Provider: Set BCFIPS provider property [Signature.SHAKE256WITHRSA/PSS SupportedKeyClasses/java.security.interfaces.RSAPublicKey|java.security.interfaces.RSAPrivateKey]
Provider: Set BCFIPS provider property [Alg.Alias.Signature.SHAKE256WITHRSASSA-PSS/SHAKE256WITHRSA/PSS]
Provider: Set BCFIPS provider property [Alg.Alias.AlgorithmParameters.SHAKE256WITHRSA/PSS/PSS]
Provider: Set BCFIPS provider property [Alg.Alias.AlgorithmParameters.SHAKE256WITHRSASSA-PSS/PSS]
Provider: Set BCFIPS provider property [Signature.SHA1WITHRSAANDSHAKE128 ImplementedIn/Software]
Provider: Set BCFIPS provider property [Signature.SHA1WITHRSAANDSHAKE128/org.bouncycastle.jcajce.provider.asymmetric.rsa.PSSSignatureSpi$SHA1SHAKE128]
Provider: Set BCFIPS provider property [Signature.SHA1WITHRSAANDSHAKE128 SupportedKeyFormats/PKCS#8|X.509]
Provider: Set BCFIPS provider property [Signature.SHA1WITHRSAANDSHAKE128 SupportedKeyClasses/java.security.interfaces.RSAPublicKey|java.security.interfaces.RSAPrivateKey]
Provider: Set BCFIPS provider property [Alg.Alias.AlgorithmParameters.SHA1WITHRSAANDSHAKE128/PSS]
Provider: Set BCFIPS provider property [Signature.SHA224WITHRSAANDSHAKE128 ImplementedIn/Software]
Provider: Set BCFIPS provider property [Signature.SHA224WITHRSAANDSHAKE128/org.bouncycastle.jcajce.provider.asymmetric.rsa.PSSSignatureSpi$SHA224SHAKE128]
Provider: Set BCFIPS provider property [Signature.SHA224WITHRSAANDSHAKE128 SupportedKeyFormats/PKCS#8|X.509]
Provider: Set BCFIPS provider property [Signature.SHA224WITHRSAANDSHAKE128 SupportedKeyClasses/java.security.interfaces.RSAPublicKey|java.security.interfaces.RSAPrivateKey]
Provider: Set BCFIPS provider property [Alg.Alias.AlgorithmParameters.SHA224WITHRSAANDSHAKE128/PSS]
Provider: Set BCFIPS provider property [Signature.SHA256WITHRSAANDSHAKE128 ImplementedIn/Software]
Provider: Set BCFIPS provider property [Signature.SHA256WITHRSAANDSHAKE128/org.bouncycastle.jcajce.provider.asymmetric.rsa.PSSSignatureSpi$SHA256SHAKE128]
Provider: Set BCFIPS provider property [Signature.SHA256WITHRSAANDSHAKE128 SupportedKeyFormats/PKCS#8|X.509]
Provider: Set BCFIPS provider property [Signature.SHA256WITHRSAANDSHAKE128 SupportedKeyClasses/java.security.interfaces.RSAPublicKey|java.security.interfaces.RSAPrivateKey]
Provider: Set BCFIPS provider property [Alg.Alias.AlgorithmParameters.SHA256WITHRSAANDSHAKE128/PSS]
Provider: Set BCFIPS provider property [Signature.SHA384WITHRSAANDSHAKE128 ImplementedIn/Software]
Provider: Set BCFIPS provider property [Signature.SHA384WITHRSAANDSHAKE128/org.bouncycastle.jcajce.provider.asymmetric.rsa.PSSSignatureSpi$SHA384SHAKE128]
Provider: Set BCFIPS provider property [Signature.SHA384WITHRSAANDSHAKE128 SupportedKeyFormats/PKCS#8|X.509]
Provider: Set BCFIPS provider property [Signature.SHA384WITHRSAANDSHAKE128 SupportedKeyClasses/java.security.interfaces.RSAPublicKey|java.security.interfaces.RSAPrivateKey]
Provider: Set BCFIPS provider property [Alg.Alias.AlgorithmParameters.SHA384WITHRSAANDSHAKE128/PSS]
Provider: Set BCFIPS provider property [Signature.SHA512WITHRSAANDSHAKE128 ImplementedIn/Software]
Provider: Set BCFIPS provider property [Signature.SHA512WITHRSAANDSHAKE128/org.bouncycastle.jcajce.provider.asymmetric.rsa.PSSSignatureSpi$SHA512SHAKE128]
Provider: Set BCFIPS provider property [Signature.SHA512WITHRSAANDSHAKE128 SupportedKeyFormats/PKCS#8|X.509]
Provider: Set BCFIPS provider property [Signature.SHA512WITHRSAANDSHAKE128 SupportedKeyClasses/java.security.interfaces.RSAPublicKey|java.security.interfaces.RSAPrivateKey]
Provider: Set BCFIPS provider property [Alg.Alias.AlgorithmParameters.SHA512WITHRSAANDSHAKE128/PSS]
Provider: Set BCFIPS provider property [Signature.SHA512(224)WITHRSAANDSHAKE128 ImplementedIn/Software]
Provider: Set BCFIPS provider property [Signature.SHA512(224)WITHRSAANDSHAKE128/org.bouncycastle.jcajce.provider.asymmetric.rsa.PSSSignatureSpi$SHA512(224)SHAKE128]
Provider: Set BCFIPS provider property [Signature.SHA512(224)WITHRSAANDSHAKE128 SupportedKeyFormats/PKCS#8|X.509]
Provider: Set BCFIPS provider property [Signature.SHA512(224)WITHRSAANDSHAKE128 SupportedKeyClasses/java.security.interfaces.RSAPublicKey|java.security.interfaces.RSAPrivateKey]
Provider: Set BCFIPS provider property [Alg.Alias.AlgorithmParameters.SHA512(224)WITHRSAANDSHAKE128/PSS]
Provider: Set BCFIPS provider property [Signature.SHA512(256)WITHRSAANDSHAKE128 ImplementedIn/Software]
Provider: Set BCFIPS provider property [Signature.SHA512(256)WITHRSAANDSHAKE128/org.bouncycastle.jcajce.provider.asymmetric.rsa.PSSSignatureSpi$SHA512(256)SHAKE128]
Provider: Set BCFIPS provider property [Signature.SHA512(256)WITHRSAANDSHAKE128 SupportedKeyFormats/PKCS#8|X.509]
Provider: Set BCFIPS provider property [Signature.SHA512(256)WITHRSAANDSHAKE128 SupportedKeyClasses/java.security.interfaces.RSAPublicKey|java.security.interfaces.RSAPrivateKey]
Provider: Set BCFIPS provider property [Alg.Alias.AlgorithmParameters.SHA512(256)WITHRSAANDSHAKE128/PSS]
Provider: Set BCFIPS provider property [Signature.SHA3-224WITHRSAANDSHAKE128 ImplementedIn/Software]
Provider: Set BCFIPS provider property [Signature.SHA3-224WITHRSAANDSHAKE128/org.bouncycastle.jcajce.provider.asymmetric.rsa.PSSSignatureSpi$SHA3-224SHAKE128]
Provider: Set BCFIPS provider property [Signature.SHA3-224WITHRSAANDSHAKE128 SupportedKeyFormats/PKCS#8|X.509]
Provider: Set BCFIPS provider property [Signature.SHA3-224WITHRSAANDSHAKE128 SupportedKeyClasses/java.security.interfaces.RSAPublicKey|java.security.interfaces.RSAPrivateKey]
Provider: Set BCFIPS provider property [Alg.Alias.AlgorithmParameters.SHA3-224WITHRSAANDSHAKE128/PSS]
Provider: Set BCFIPS provider property [Signature.SHA3-256WITHRSAANDSHAKE128 ImplementedIn/Software]
Provider: Set BCFIPS provider property [Signature.SHA3-256WITHRSAANDSHAKE128/org.bouncycastle.jcajce.provider.asymmetric.rsa.PSSSignatureSpi$SHA3-256SHAKE128]
Provider: Set BCFIPS provider property [Signature.SHA3-256WITHRSAANDSHAKE128 SupportedKeyFormats/PKCS#8|X.509]
Provider: Set BCFIPS provider property [Signature.SHA3-256WITHRSAANDSHAKE128 SupportedKeyClasses/java.security.interfaces.RSAPublicKey|java.security.interfaces.RSAPrivateKey]
Provider: Set BCFIPS provider property [Alg.Alias.AlgorithmParameters.SHA3-256WITHRSAANDSHAKE128/PSS]
Provider: Set BCFIPS provider property [Signature.SHA3-384WITHRSAANDSHAKE128 ImplementedIn/Software]
Provider: Set BCFIPS provider property [Signature.SHA3-384WITHRSAANDSHAKE128/org.bouncycastle.jcajce.provider.asymmetric.rsa.PSSSignatureSpi$SHA3-384SHAKE128]
Provider: Set BCFIPS provider property [Signature.SHA3-384WITHRSAANDSHAKE128 SupportedKeyFormats/PKCS#8|X.509]
Provider: Set BCFIPS provider property [Signature.SHA3-384WITHRSAANDSHAKE128 SupportedKeyClasses/java.security.interfaces.RSAPublicKey|java.security.interfaces.RSAPrivateKey]
Provider: Set BCFIPS provider property [Alg.Alias.AlgorithmParameters.SHA3-384WITHRSAANDSHAKE128/PSS]
Provider: Set BCFIPS provider property [Signature.SHA3-512WITHRSAANDSHAKE128 ImplementedIn/Software]
Provider: Set BCFIPS provider property [Signature.SHA3-512WITHRSAANDSHAKE128/org.bouncycastle.jcajce.provider.asymmetric.rsa.PSSSignatureSpi$SHA3-512SHAKE128]
Provider: Set BCFIPS provider property [Signature.SHA3-512WITHRSAANDSHAKE128 SupportedKeyFormats/PKCS#8|X.509]
Provider: Set BCFIPS provider property [Signature.SHA3-512WITHRSAANDSHAKE128 SupportedKeyClasses/java.security.interfaces.RSAPublicKey|java.security.interfaces.RSAPrivateKey]
Provider: Set BCFIPS provider property [Alg.Alias.AlgorithmParameters.SHA3-512WITHRSAANDSHAKE128/PSS]
Provider: Set BCFIPS provider property [Signature.SHA1WITHRSAANDSHAKE256 ImplementedIn/Software]
Provider: Set BCFIPS provider property [Signature.SHA1WITHRSAANDSHAKE256/org.bouncycastle.jcajce.provider.asymmetric.rsa.PSSSignatureSpi$SHA1SHAKE256]
Provider: Set BCFIPS provider property [Signature.SHA1WITHRSAANDSHAKE256 SupportedKeyFormats/PKCS#8|X.509]
Provider: Set BCFIPS provider property [Signature.SHA1WITHRSAANDSHAKE256 SupportedKeyClasses/java.security.interfaces.RSAPublicKey|java.security.interfaces.RSAPrivateKey]
Provider: Set BCFIPS provider property [Alg.Alias.AlgorithmParameters.SHA1WITHRSAANDSHAKE256/PSS]
Provider: Set BCFIPS provider property [Signature.SHA224WITHRSAANDSHAKE256 ImplementedIn/Software]
Provider: Set BCFIPS provider property [Signature.SHA224WITHRSAANDSHAKE256/org.bouncycastle.jcajce.provider.asymmetric.rsa.PSSSignatureSpi$SHA224SHAKE256]
Provider: Set BCFIPS provider property [Signature.SHA224WITHRSAANDSHAKE256 SupportedKeyFormats/PKCS#8|X.509]
Provider: Set BCFIPS provider property [Signature.SHA224WITHRSAANDSHAKE256 SupportedKeyClasses/java.security.interfaces.RSAPublicKey|java.security.interfaces.RSAPrivateKey]
Provider: Set BCFIPS provider property [Alg.Alias.AlgorithmParameters.SHA224WITHRSAANDSHAKE256/PSS]
Provider: Set BCFIPS provider property [Signature.SHA256WITHRSAANDSHAKE256 ImplementedIn/Software]
Provider: Set BCFIPS provider property [Signature.SHA256WITHRSAANDSHAKE256/org.bouncycastle.jcajce.provider.asymmetric.rsa.PSSSignatureSpi$SHA256SHAKE256]
Provider: Set BCFIPS provider property [Signature.SHA256WITHRSAANDSHAKE256 SupportedKeyFormats/PKCS#8|X.509]
Provider: Set BCFIPS provider property [Signature.SHA256WITHRSAANDSHAKE256 SupportedKeyClasses/java.security.interfaces.RSAPublicKey|java.security.interfaces.RSAPrivateKey]
Provider: Set BCFIPS provider property [Alg.Alias.AlgorithmParameters.SHA256WITHRSAANDSHAKE256/PSS]
Provider: Set BCFIPS provider property [Signature.SHA384WITHRSAANDSHAKE256 ImplementedIn/Software]
Provider: Set BCFIPS provider property [Signature.SHA384WITHRSAANDSHAKE256/org.bouncycastle.jcajce.provider.asymmetric.rsa.PSSSignatureSpi$SHA384SHAKE256]
Provider: Set BCFIPS provider property [Signature.SHA384WITHRSAANDSHAKE256 SupportedKeyFormats/PKCS#8|X.509]
Provider: Set BCFIPS provider property [Signature.SHA384WITHRSAANDSHAKE256 SupportedKeyClasses/java.security.interfaces.RSAPublicKey|java.security.interfaces.RSAPrivateKey]
Provider: Set BCFIPS provider property [Alg.Alias.AlgorithmParameters.SHA384WITHRSAANDSHAKE256/PSS]
Provider: Set BCFIPS provider property [Signature.SHA512WITHRSAANDSHAKE256 ImplementedIn/Software]
Provider: Set BCFIPS provider property [Signature.SHA512WITHRSAANDSHAKE256/org.bouncycastle.jcajce.provider.asymmetric.rsa.PSSSignatureSpi$SHA512SHAKE256]
Provider: Set BCFIPS provider property [Signature.SHA512WITHRSAANDSHAKE256 SupportedKeyFormats/PKCS#8|X.509]
Provider: Set BCFIPS provider property [Signature.SHA512WITHRSAANDSHAKE256 SupportedKeyClasses/java.security.interfaces.RSAPublicKey|java.security.interfaces.RSAPrivateKey]
Provider: Set BCFIPS provider property [Alg.Alias.AlgorithmParameters.SHA512WITHRSAANDSHAKE256/PSS]
Provider: Set BCFIPS provider property [Signature.SHA512(224)WITHRSAANDSHAKE256 ImplementedIn/Software]
Provider: Set BCFIPS provider property [Signature.SHA512(224)WITHRSAANDSHAKE256/org.bouncycastle.jcajce.provider.asymmetric.rsa.PSSSignatureSpi$SHA512(224)SHAKE256]
Provider: Set BCFIPS provider property [Signature.SHA512(224)WITHRSAANDSHAKE256 SupportedKeyFormats/PKCS#8|X.509]
Provider: Set BCFIPS provider property [Signature.SHA512(224)WITHRSAANDSHAKE256 SupportedKeyClasses/java.security.interfaces.RSAPublicKey|java.security.interfaces.RSAPrivateKey]
Provider: Set BCFIPS provider property [Alg.Alias.AlgorithmParameters.SHA512(224)WITHRSAANDSHAKE256/PSS]
Provider: Set BCFIPS provider property [Signature.SHA512(256)WITHRSAANDSHAKE256 ImplementedIn/Software]
Provider: Set BCFIPS provider property [Signature.SHA512(256)WITHRSAANDSHAKE256/org.bouncycastle.jcajce.provider.asymmetric.rsa.PSSSignatureSpi$SHA512(256)SHAKE256]
Provider: Set BCFIPS provider property [Signature.SHA512(256)WITHRSAANDSHAKE256 SupportedKeyFormats/PKCS#8|X.509]
Provider: Set BCFIPS provider property [Signature.SHA512(256)WITHRSAANDSHAKE256 SupportedKeyClasses/java.security.interfaces.RSAPublicKey|java.security.interfaces.RSAPrivateKey]
Provider: Set BCFIPS provider property [Alg.Alias.AlgorithmParameters.SHA512(256)WITHRSAANDSHAKE256/PSS]
Provider: Set BCFIPS provider property [Signature.SHA3-224WITHRSAANDSHAKE256 ImplementedIn/Software]
Provider: Set BCFIPS provider property [Signature.SHA3-224WITHRSAANDSHAKE256/org.bouncycastle.jcajce.provider.asymmetric.rsa.PSSSignatureSpi$SHA3-224SHAKE256]
Provider: Set BCFIPS provider property [Signature.SHA3-224WITHRSAANDSHAKE256 SupportedKeyFormats/PKCS#8|X.509]
Provider: Set BCFIPS provider property [Signature.SHA3-224WITHRSAANDSHAKE256 SupportedKeyClasses/java.security.interfaces.RSAPublicKey|java.security.interfaces.RSAPrivateKey]
Provider: Set BCFIPS provider property [Alg.Alias.AlgorithmParameters.SHA3-224WITHRSAANDSHAKE256/PSS]
Provider: Set BCFIPS provider property [Signature.SHA3-256WITHRSAANDSHAKE256 ImplementedIn/Software]
Provider: Set BCFIPS provider property [Signature.SHA3-256WITHRSAANDSHAKE256/org.bouncycastle.jcajce.provider.asymmetric.rsa.PSSSignatureSpi$SHA3-256SHAKE256]
Provider: Set BCFIPS provider property [Signature.SHA3-256WITHRSAANDSHAKE256 SupportedKeyFormats/PKCS#8|X.509]
Provider: Set BCFIPS provider property [Signature.SHA3-256WITHRSAANDSHAKE256 SupportedKeyClasses/java.security.interfaces.RSAPublicKey|java.security.interfaces.RSAPrivateKey]
Provider: Set BCFIPS provider property [Alg.Alias.AlgorithmParameters.SHA3-256WITHRSAANDSHAKE256/PSS]
Provider: Set BCFIPS provider property [Signature.SHA3-384WITHRSAANDSHAKE256 ImplementedIn/Software]
Provider: Set BCFIPS provider property [Signature.SHA3-384WITHRSAANDSHAKE256/org.bouncycastle.jcajce.provider.asymmetric.rsa.PSSSignatureSpi$SHA3-384SHAKE256]
Provider: Set BCFIPS provider property [Signature.SHA3-384WITHRSAANDSHAKE256 SupportedKeyFormats/PKCS#8|X.509]
Provider: Set BCFIPS provider property [Signature.SHA3-384WITHRSAANDSHAKE256 SupportedKeyClasses/java.security.interfaces.RSAPublicKey|java.security.interfaces.RSAPrivateKey]
Provider: Set BCFIPS provider property [Alg.Alias.AlgorithmParameters.SHA3-384WITHRSAANDSHAKE256/PSS]
Provider: Set BCFIPS provider property [Signature.SHA3-512WITHRSAANDSHAKE256 ImplementedIn/Software]
Provider: Set BCFIPS provider property [Signature.SHA3-512WITHRSAANDSHAKE256/org.bouncycastle.jcajce.provider.asymmetric.rsa.PSSSignatureSpi$SHA3-512SHAKE256]
Provider: Set BCFIPS provider property [Signature.SHA3-512WITHRSAANDSHAKE256 SupportedKeyFormats/PKCS#8|X.509]
Provider: Set BCFIPS provider property [Signature.SHA3-512WITHRSAANDSHAKE256 SupportedKeyClasses/java.security.interfaces.RSAPublicKey|java.security.interfaces.RSAPrivateKey]
Provider: Set BCFIPS provider property [Alg.Alias.AlgorithmParameters.SHA3-512WITHRSAANDSHAKE256/PSS]
Provider: Set BCFIPS provider property [Signature.SHA1WITHRSA/X9.31 ImplementedIn/Software]
Provider: Set BCFIPS provider property [Signature.SHA1WITHRSA/X9.31/org.bouncycastle.jcajce.provider.asymmetric.rsa.X931SignatureSpi$SHA1]
Provider: Set BCFIPS provider property [Signature.SHA1WITHRSA/X9.31 SupportedKeyFormats/PKCS#8|X.509]
Provider: Set BCFIPS provider property [Signature.SHA1WITHRSA/X9.31 SupportedKeyClasses/java.security.interfaces.RSAPublicKey|java.security.interfaces.RSAPrivateKey]
Provider: Set BCFIPS provider property [Signature.SHA224WITHRSA/X9.31 ImplementedIn/Software]
Provider: Set BCFIPS provider property [Signature.SHA224WITHRSA/X9.31/org.bouncycastle.jcajce.provider.asymmetric.rsa.X931SignatureSpi$SHA224]
Provider: Set BCFIPS provider property [Signature.SHA224WITHRSA/X9.31 SupportedKeyFormats/PKCS#8|X.509]
Provider: Set BCFIPS provider property [Signature.SHA224WITHRSA/X9.31 SupportedKeyClasses/java.security.interfaces.RSAPublicKey|java.security.interfaces.RSAPrivateKey]
Provider: Set BCFIPS provider property [Signature.SHA256WITHRSA/X9.31 ImplementedIn/Software]
Provider: Set BCFIPS provider property [Signature.SHA256WITHRSA/X9.31/org.bouncycastle.jcajce.provider.asymmetric.rsa.X931SignatureSpi$SHA256]
Provider: Set BCFIPS provider property [Signature.SHA256WITHRSA/X9.31 SupportedKeyFormats/PKCS#8|X.509]
Provider: Set BCFIPS provider property [Signature.SHA256WITHRSA/X9.31 SupportedKeyClasses/java.security.interfaces.RSAPublicKey|java.security.interfaces.RSAPrivateKey]
Provider: Set BCFIPS provider property [Signature.SHA384WITHRSA/X9.31 ImplementedIn/Software]
Provider: Set BCFIPS provider property [Signature.SHA384WITHRSA/X9.31/org.bouncycastle.jcajce.provider.asymmetric.rsa.X931SignatureSpi$SHA384]
Provider: Set BCFIPS provider property [Signature.SHA384WITHRSA/X9.31 SupportedKeyFormats/PKCS#8|X.509]
Provider: Set BCFIPS provider property [Signature.SHA384WITHRSA/X9.31 SupportedKeyClasses/java.security.interfaces.RSAPublicKey|java.security.interfaces.RSAPrivateKey]
Provider: Set BCFIPS provider property [Signature.SHA512WITHRSA/X9.31 ImplementedIn/Software]
Provider: Set BCFIPS provider property [Signature.SHA512WITHRSA/X9.31/org.bouncycastle.jcajce.provider.asymmetric.rsa.X931SignatureSpi$SHA512]
Provider: Set BCFIPS provider property [Signature.SHA512WITHRSA/X9.31 SupportedKeyFormats/PKCS#8|X.509]
Provider: Set BCFIPS provider property [Signature.SHA512WITHRSA/X9.31 SupportedKeyClasses/java.security.interfaces.RSAPublicKey|java.security.interfaces.RSAPrivateKey]
Provider: Set BCFIPS provider property [Signature.SHA512(224)WITHRSA/X9.31 ImplementedIn/Software]
Provider: Set BCFIPS provider property [Signature.SHA512(224)WITHRSA/X9.31/org.bouncycastle.jcajce.provider.asymmetric.rsa.X931SignatureSpi$SHA512(224)]
Provider: Set BCFIPS provider property [Signature.SHA512(224)WITHRSA/X9.31 SupportedKeyFormats/PKCS#8|X.509]
Provider: Set BCFIPS provider property [Signature.SHA512(224)WITHRSA/X9.31 SupportedKeyClasses/java.security.interfaces.RSAPublicKey|java.security.interfaces.RSAPrivateKey]
Provider: Set BCFIPS provider property [Signature.SHA512(256)WITHRSA/X9.31 ImplementedIn/Software]
Provider: Set BCFIPS provider property [Signature.SHA512(256)WITHRSA/X9.31/org.bouncycastle.jcajce.provider.asymmetric.rsa.X931SignatureSpi$SHA512(256)]
Provider: Set BCFIPS provider property [Signature.SHA512(256)WITHRSA/X9.31 SupportedKeyFormats/PKCS#8|X.509]
Provider: Set BCFIPS provider property [Signature.SHA512(256)WITHRSA/X9.31 SupportedKeyClasses/java.security.interfaces.RSAPublicKey|java.security.interfaces.RSAPrivateKey]
Provider: Set BCFIPS provider property [Signature.SHA1WITHRSA ImplementedIn/Software]
Provider: Set BCFIPS provider property [Signature.SHA1WITHRSA/org.bouncycastle.jcajce.provider.asymmetric.rsa.DigestSignatureSpi$SHA1]
Provider: Set BCFIPS provider property [Signature.SHA1WITHRSA SupportedKeyFormats/PKCS#8|X.509]
Provider: Set BCFIPS provider property [Signature.SHA1WITHRSA SupportedKeyClasses/java.security.interfaces.RSAPublicKey|java.security.interfaces.RSAPrivateKey]
Provider: Set BCFIPS provider property [Alg.Alias.Signature.SHA1/RSA/SHA1WITHRSA]
Provider: Set BCFIPS provider property [Alg.Alias.Signature.SHA1WITHRSAENCRYPTION/SHA1WITHRSA]
Provider: Set BCFIPS provider property [Alg.Alias.Signature.1.2.840.113549.1.1.5/SHA1WITHRSA]
Provider: Set BCFIPS provider property [Alg.Alias.Signature.OID.1.2.840.113549.1.1.5/SHA1WITHRSA]
Provider: Set BCFIPS provider property [Alg.Alias.Signature.1.3.14.3.2.29/SHA1WITHRSA]
Provider: Set BCFIPS provider property [Alg.Alias.Signature.OID.1.3.14.3.2.29/SHA1WITHRSA]
Provider: Set BCFIPS provider property [Signature.SHA224WITHRSA ImplementedIn/Software]
Provider: Set BCFIPS provider property [Signature.SHA224WITHRSA/org.bouncycastle.jcajce.provider.asymmetric.rsa.DigestSignatureSpi$SHA224]
Provider: Set BCFIPS provider property [Signature.SHA224WITHRSA SupportedKeyFormats/PKCS#8|X.509]
Provider: Set BCFIPS provider property [Signature.SHA224WITHRSA SupportedKeyClasses/java.security.interfaces.RSAPublicKey|java.security.interfaces.RSAPrivateKey]
Provider: Set BCFIPS provider property [Alg.Alias.Signature.SHA224/RSA/SHA224WITHRSA]
Provider: Set BCFIPS provider property [Alg.Alias.Signature.SHA224WITHRSAENCRYPTION/SHA224WITHRSA]
Provider: Set BCFIPS provider property [Alg.Alias.Signature.1.2.840.113549.1.1.14/SHA224WITHRSA]
Provider: Set BCFIPS provider property [Alg.Alias.Signature.OID.1.2.840.113549.1.1.14/SHA224WITHRSA]
Provider: Set BCFIPS provider property [Signature.SHA256WITHRSA ImplementedIn/Software]
Provider: Set BCFIPS provider property [Signature.SHA256WITHRSA/org.bouncycastle.jcajce.provider.asymmetric.rsa.DigestSignatureSpi$SHA256]
Provider: Set BCFIPS provider property [Signature.SHA256WITHRSA SupportedKeyFormats/PKCS#8|X.509]
Provider: Set BCFIPS provider property [Signature.SHA256WITHRSA SupportedKeyClasses/java.security.interfaces.RSAPublicKey|java.security.interfaces.RSAPrivateKey]
Provider: Set BCFIPS provider property [Alg.Alias.Signature.SHA256/RSA/SHA256WITHRSA]
Provider: Set BCFIPS provider property [Alg.Alias.Signature.SHA256WITHRSAENCRYPTION/SHA256WITHRSA]
Provider: Set BCFIPS provider property [Alg.Alias.Signature.1.2.840.113549.1.1.11/SHA256WITHRSA]
Provider: Set BCFIPS provider property [Alg.Alias.Signature.OID.1.2.840.113549.1.1.11/SHA256WITHRSA]
Provider: Set BCFIPS provider property [Signature.SHA384WITHRSA ImplementedIn/Software]
Provider: Set BCFIPS provider property [Signature.SHA384WITHRSA/org.bouncycastle.jcajce.provider.asymmetric.rsa.DigestSignatureSpi$SHA384]
Provider: Set BCFIPS provider property [Signature.SHA384WITHRSA SupportedKeyFormats/PKCS#8|X.509]
Provider: Set BCFIPS provider property [Signature.SHA384WITHRSA SupportedKeyClasses/java.security.interfaces.RSAPublicKey|java.security.interfaces.RSAPrivateKey]
Provider: Set BCFIPS provider property [Alg.Alias.Signature.SHA384/RSA/SHA384WITHRSA]
Provider: Set BCFIPS provider property [Alg.Alias.Signature.SHA384WITHRSAENCRYPTION/SHA384WITHRSA]
Provider: Set BCFIPS provider property [Alg.Alias.Signature.1.2.840.113549.1.1.12/SHA384WITHRSA]
Provider: Set BCFIPS provider property [Alg.Alias.Signature.OID.1.2.840.113549.1.1.12/SHA384WITHRSA]
Provider: Set BCFIPS provider property [Signature.SHA512WITHRSA ImplementedIn/Software]
Provider: Set BCFIPS provider property [Signature.SHA512WITHRSA/org.bouncycastle.jcajce.provider.asymmetric.rsa.DigestSignatureSpi$SHA512]
Provider: Set BCFIPS provider property [Signature.SHA512WITHRSA SupportedKeyFormats/PKCS#8|X.509]
Provider: Set BCFIPS provider property [Signature.SHA512WITHRSA SupportedKeyClasses/java.security.interfaces.RSAPublicKey|java.security.interfaces.RSAPrivateKey]
Provider: Set BCFIPS provider property [Alg.Alias.Signature.SHA512/RSA/SHA512WITHRSA]
Provider: Set BCFIPS provider property [Alg.Alias.Signature.SHA512WITHRSAENCRYPTION/SHA512WITHRSA]
Provider: Set BCFIPS provider property [Alg.Alias.Signature.1.2.840.113549.1.1.13/SHA512WITHRSA]
Provider: Set BCFIPS provider property [Alg.Alias.Signature.OID.1.2.840.113549.1.1.13/SHA512WITHRSA]
Provider: Set BCFIPS provider property [Signature.SHA512(224)WITHRSA ImplementedIn/Software]
Provider: Set BCFIPS provider property [Signature.SHA512(224)WITHRSA/org.bouncycastle.jcajce.provider.asymmetric.rsa.DigestSignatureSpi$SHA512_224]
Provider: Set BCFIPS provider property [Signature.SHA512(224)WITHRSA SupportedKeyFormats/PKCS#8|X.509]
Provider: Set BCFIPS provider property [Signature.SHA512(224)WITHRSA SupportedKeyClasses/java.security.interfaces.RSAPublicKey|java.security.interfaces.RSAPrivateKey]
Provider: Set BCFIPS provider property [Alg.Alias.Signature.SHA512(224)/RSA/SHA512(224)WITHRSA]
Provider: Set BCFIPS provider property [Alg.Alias.Signature.SHA512(224)WITHRSAENCRYPTION/SHA512(224)WITHRSA]
Provider: Set BCFIPS provider property [Alg.Alias.Signature.1.2.840.113549.1.1.15/SHA512(224)WITHRSA]
Provider: Set BCFIPS provider property [Alg.Alias.Signature.OID.1.2.840.113549.1.1.15/SHA512(224)WITHRSA]
Provider: Set BCFIPS provider property [Signature.SHA512(256)WITHRSA ImplementedIn/Software]
Provider: Set BCFIPS provider property [Signature.SHA512(256)WITHRSA/org.bouncycastle.jcajce.provider.asymmetric.rsa.DigestSignatureSpi$SHA512_256]
Provider: Set BCFIPS provider property [Signature.SHA512(256)WITHRSA SupportedKeyFormats/PKCS#8|X.509]
Provider: Set BCFIPS provider property [Signature.SHA512(256)WITHRSA SupportedKeyClasses/java.security.interfaces.RSAPublicKey|java.security.interfaces.RSAPrivateKey]
Provider: Set BCFIPS provider property [Alg.Alias.Signature.SHA512(256)/RSA/SHA512(256)WITHRSA]
Provider: Set BCFIPS provider property [Alg.Alias.Signature.SHA512(256)WITHRSAENCRYPTION/SHA512(256)WITHRSA]
Provider: Set BCFIPS provider property [Alg.Alias.Signature.1.2.840.113549.1.1.16/SHA512(256)WITHRSA]
Provider: Set BCFIPS provider property [Alg.Alias.Signature.OID.1.2.840.113549.1.1.16/SHA512(256)WITHRSA]
Provider: Set BCFIPS provider property [Signature.SHA3-224WITHRSA ImplementedIn/Software]
Provider: Set BCFIPS provider property [Signature.SHA3-224WITHRSA/org.bouncycastle.jcajce.provider.asymmetric.rsa.DigestSignatureSpi$SHA3_224]
Provider: Set BCFIPS provider property [Signature.SHA3-224WITHRSA SupportedKeyFormats/PKCS#8|X.509]
Provider: Set BCFIPS provider property [Signature.SHA3-224WITHRSA SupportedKeyClasses/java.security.interfaces.RSAPublicKey|java.security.interfaces.RSAPrivateKey]
Provider: Set BCFIPS provider property [Alg.Alias.Signature.SHA3-224/RSA/SHA3-224WITHRSA]
Provider: Set BCFIPS provider property [Alg.Alias.Signature.SHA3-224WITHRSAENCRYPTION/SHA3-224WITHRSA]
Provider: Set BCFIPS provider property [Alg.Alias.Signature.2.16.840.1.101.3.4.3.13/SHA3-224WITHRSA]
Provider: Set BCFIPS provider property [Alg.Alias.Signature.OID.2.16.840.1.101.3.4.3.13/SHA3-224WITHRSA]
Provider: Set BCFIPS provider property [Signature.SHA3-256WITHRSA ImplementedIn/Software]
Provider: Set BCFIPS provider property [Signature.SHA3-256WITHRSA/org.bouncycastle.jcajce.provider.asymmetric.rsa.DigestSignatureSpi$SHA3_256]
Provider: Set BCFIPS provider property [Signature.SHA3-256WITHRSA SupportedKeyFormats/PKCS#8|X.509]
Provider: Set BCFIPS provider property [Signature.SHA3-256WITHRSA SupportedKeyClasses/java.security.interfaces.RSAPublicKey|java.security.interfaces.RSAPrivateKey]
Provider: Set BCFIPS provider property [Alg.Alias.Signature.SHA3-256/RSA/SHA3-256WITHRSA]
Provider: Set BCFIPS provider property [Alg.Alias.Signature.SHA3-256WITHRSAENCRYPTION/SHA3-256WITHRSA]
Provider: Set BCFIPS provider property [Alg.Alias.Signature.2.16.840.1.101.3.4.3.14/SHA3-256WITHRSA]
Provider: Set BCFIPS provider property [Alg.Alias.Signature.OID.2.16.840.1.101.3.4.3.14/SHA3-256WITHRSA]
Provider: Set BCFIPS provider property [Signature.SHA3-384WITHRSA ImplementedIn/Software]
Provider: Set BCFIPS provider property [Signature.SHA3-384WITHRSA/org.bouncycastle.jcajce.provider.asymmetric.rsa.DigestSignatureSpi$SHA3_384]
Provider: Set BCFIPS provider property [Signature.SHA3-384WITHRSA SupportedKeyFormats/PKCS#8|X.509]
Provider: Set BCFIPS provider property [Signature.SHA3-384WITHRSA SupportedKeyClasses/java.security.interfaces.RSAPublicKey|java.security.interfaces.RSAPrivateKey]
Provider: Set BCFIPS provider property [Alg.Alias.Signature.SHA3-384/RSA/SHA3-384WITHRSA]
Provider: Set BCFIPS provider property [Alg.Alias.Signature.SHA3-384WITHRSAENCRYPTION/SHA3-384WITHRSA]
Provider: Set BCFIPS provider property [Alg.Alias.Signature.2.16.840.1.101.3.4.3.15/SHA3-384WITHRSA]
Provider: Set BCFIPS provider property [Alg.Alias.Signature.OID.2.16.840.1.101.3.4.3.15/SHA3-384WITHRSA]
Provider: Set BCFIPS provider property [Signature.SHA3-512WITHRSA ImplementedIn/Software]
Provider: Set BCFIPS provider property [Signature.SHA3-512WITHRSA/org.bouncycastle.jcajce.provider.asymmetric.rsa.DigestSignatureSpi$SHA3_512]
Provider: Set BCFIPS provider property [Signature.SHA3-512WITHRSA SupportedKeyFormats/PKCS#8|X.509]
Provider: Set BCFIPS provider property [Signature.SHA3-512WITHRSA SupportedKeyClasses/java.security.interfaces.RSAPublicKey|java.security.interfaces.RSAPrivateKey]
Provider: Set BCFIPS provider property [Alg.Alias.Signature.SHA3-512/RSA/SHA3-512WITHRSA]
Provider: Set BCFIPS provider property [Alg.Alias.Signature.SHA3-512WITHRSAENCRYPTION/SHA3-512WITHRSA]
Provider: Set BCFIPS provider property [Alg.Alias.Signature.2.16.840.1.101.3.4.3.16/SHA3-512WITHRSA]
Provider: Set BCFIPS provider property [Alg.Alias.Signature.OID.2.16.840.1.101.3.4.3.16/SHA3-512WITHRSA]
Provider: Set BCFIPS provider property [AlgorithmParameters.PBKDF2 ImplementedIn/Software]
Provider: Set BCFIPS provider property [AlgorithmParameters.PBKDF2/org.bouncycastle.jcajce.provider.ProvPBEPBKDF2$AlgParams]
Provider: Set BCFIPS provider property [Alg.Alias.AlgorithmParameters.PBKDF2WITHUTF8/PBKDF2]
Provider: Set BCFIPS provider property [Alg.Alias.AlgorithmParameters.PBKDF2WITHASCII/PBKDF2]
Provider: Set BCFIPS provider property [Alg.Alias.AlgorithmParameters.PBKDF2WITH8BIT/PBKDF2]
Provider: Set BCFIPS provider property [Alg.Alias.AlgorithmParameters.1.2.840.113549.1.5.12/PBKDF2]
Provider: Set BCFIPS provider property [Alg.Alias.AlgorithmParameters.OID.1.2.840.113549.1.5.12/PBKDF2]
Provider: Set BCFIPS provider property [SecretKeyFactory.PBKDF2 ImplementedIn/Software]
Provider: Set BCFIPS provider property [SecretKeyFactory.PBKDF2/org.bouncycastle.jcajce.provider.ProvPBEPBKDF2$PBKDF2withUTF8]
Provider: Set BCFIPS provider property [Alg.Alias.SecretKeyFactory.PBKDF2WITHUTF8/PBKDF2]
Provider: Set BCFIPS provider property [Alg.Alias.SecretKeyFactory.1.2.840.113549.1.5.12/PBKDF2]
Provider: Set BCFIPS provider property [Alg.Alias.SecretKeyFactory.OID.1.2.840.113549.1.5.12/PBKDF2]
Provider: Set BCFIPS provider property [SecretKeyFactory.PBKDF2WITHHMACSHA1 ImplementedIn/Software]
Provider: Set BCFIPS provider property [SecretKeyFactory.PBKDF2WITHHMACSHA1/org.bouncycastle.jcajce.provider.ProvPBEPBKDF2$PBKDF2withHMACSHA1andUTF8]
Provider: Set BCFIPS provider property [SecretKeyFactory.PBKDF2WITHHMACSHA224 ImplementedIn/Software]
Provider: Set BCFIPS provider property [SecretKeyFactory.PBKDF2WITHHMACSHA224/org.bouncycastle.jcajce.provider.ProvPBEPBKDF2$PBKDF2withHMACSHA224andUTF8]
Provider: Set BCFIPS provider property [SecretKeyFactory.PBKDF2WITHHMACSHA256 ImplementedIn/Software]
Provider: Set BCFIPS provider property [SecretKeyFactory.PBKDF2WITHHMACSHA256/org.bouncycastle.jcajce.provider.ProvPBEPBKDF2$PBKDF2withHMACSHA256andUTF8]
Provider: Set BCFIPS provider property [SecretKeyFactory.PBKDF2WITHHMACSHA384 ImplementedIn/Software]
Provider: Set BCFIPS provider property [SecretKeyFactory.PBKDF2WITHHMACSHA384/org.bouncycastle.jcajce.provider.ProvPBEPBKDF2$PBKDF2withHMACSHA384andUTF8]
Provider: Set BCFIPS provider property [SecretKeyFactory.PBKDF2WITHHMACSHA512 ImplementedIn/Software]
Provider: Set BCFIPS provider property [SecretKeyFactory.PBKDF2WITHHMACSHA512/org.bouncycastle.jcajce.provider.ProvPBEPBKDF2$PBKDF2withHMACSHA512andUTF8]
Provider: Set BCFIPS provider property [SecretKeyFactory.PBKDF2WITHHMACSHA3-224 ImplementedIn/Software]
Provider: Set BCFIPS provider property [SecretKeyFactory.PBKDF2WITHHMACSHA3-224/org.bouncycastle.jcajce.provider.ProvPBEPBKDF2$PBKDF2withHMACSHA3-224andUTF8]
Provider: Set BCFIPS provider property [SecretKeyFactory.PBKDF2WITHHMACSHA3-256 ImplementedIn/Software]
Provider: Set BCFIPS provider property [SecretKeyFactory.PBKDF2WITHHMACSHA3-256/org.bouncycastle.jcajce.provider.ProvPBEPBKDF2$PBKDF2withHMACSHA3-256andUTF8]
Provider: Set BCFIPS provider property [SecretKeyFactory.PBKDF2WITHHMACSHA3-384 ImplementedIn/Software]
Provider: Set BCFIPS provider property [SecretKeyFactory.PBKDF2WITHHMACSHA3-384/org.bouncycastle.jcajce.provider.ProvPBEPBKDF2$PBKDF2withHMACSHA3-384andUTF8]
Provider: Set BCFIPS provider property [SecretKeyFactory.PBKDF2WITHHMACSHA3-512 ImplementedIn/Software]
Provider: Set BCFIPS provider property [SecretKeyFactory.PBKDF2WITHHMACSHA3-512/org.bouncycastle.jcajce.provider.ProvPBEPBKDF2$PBKDF2withHMACSHA3-512andUTF8]
Provider: Set BCFIPS provider property [SecretKeyFactory.PBKDF2WITHASCII ImplementedIn/Software]
Provider: Set BCFIPS provider property [SecretKeyFactory.PBKDF2WITHASCII/org.bouncycastle.jcajce.provider.ProvPBEPBKDF2$PBKDF2withASCII]
Provider: Set BCFIPS provider property [Alg.Alias.SecretKeyFactory.PBKDF2WITH8BIT/PBKDF2WITHASCII]
Provider: Set BCFIPS provider property [AlgorithmParameters.AES ImplementedIn/Software]
Provider: Set BCFIPS provider property [AlgorithmParameters.AES/org.bouncycastle.jcajce.provider.ProvAES$AlgParams]
Provider: Set BCFIPS provider property [Alg.Alias.AlgorithmParameters.2.16.840.1.101.3.4.1.2/AES]
Provider: Set BCFIPS provider property [Alg.Alias.AlgorithmParameters.OID.2.16.840.1.101.3.4.1.2/AES]
Provider: Set BCFIPS provider property [Alg.Alias.AlgorithmParameters.2.16.840.1.101.3.4.1.22/AES]
Provider: Set BCFIPS provider property [Alg.Alias.AlgorithmParameters.OID.2.16.840.1.101.3.4.1.22/AES]
Provider: Set BCFIPS provider property [Alg.Alias.AlgorithmParameters.2.16.840.1.101.3.4.1.42/AES]
Provider: Set BCFIPS provider property [Alg.Alias.AlgorithmParameters.OID.2.16.840.1.101.3.4.1.42/AES]
Provider: Set BCFIPS provider property [Alg.Alias.AlgorithmParameters.2.16.840.1.101.3.4.1.4/AES]
Provider: Set BCFIPS provider property [Alg.Alias.AlgorithmParameters.OID.2.16.840.1.101.3.4.1.4/AES]
Provider: Set BCFIPS provider property [Alg.Alias.AlgorithmParameters.2.16.840.1.101.3.4.1.24/AES]
Provider: Set BCFIPS provider property [Alg.Alias.AlgorithmParameters.OID.2.16.840.1.101.3.4.1.24/AES]
Provider: Set BCFIPS provider property [Alg.Alias.AlgorithmParameters.2.16.840.1.101.3.4.1.44/AES]
Provider: Set BCFIPS provider property [Alg.Alias.AlgorithmParameters.OID.2.16.840.1.101.3.4.1.44/AES]
Provider: Set BCFIPS provider property [Alg.Alias.AlgorithmParameters.2.16.840.1.101.3.4.1.3/AES]
Provider: Set BCFIPS provider property [Alg.Alias.AlgorithmParameters.OID.2.16.840.1.101.3.4.1.3/AES]
Provider: Set BCFIPS provider property [Alg.Alias.AlgorithmParameters.2.16.840.1.101.3.4.1.23/AES]
Provider: Set BCFIPS provider property [Alg.Alias.AlgorithmParameters.OID.2.16.840.1.101.3.4.1.23/AES]
Provider: Set BCFIPS provider property [Alg.Alias.AlgorithmParameters.2.16.840.1.101.3.4.1.43/AES]
Provider: Set BCFIPS provider property [Alg.Alias.AlgorithmParameters.OID.2.16.840.1.101.3.4.1.43/AES]
Provider: Set BCFIPS provider property [AlgorithmParameters.GCM ImplementedIn/Software]
Provider: Set BCFIPS provider property [AlgorithmParameters.GCM/org.bouncycastle.jcajce.provider.ProvAES$AlgParamsGCM]
Provider: Set BCFIPS provider property [Alg.Alias.AlgorithmParameters.2.16.840.1.101.3.4.1.6/GCM]
Provider: Set BCFIPS provider property [Alg.Alias.AlgorithmParameters.OID.2.16.840.1.101.3.4.1.6/GCM]
Provider: Set BCFIPS provider property [Alg.Alias.AlgorithmParameters.2.16.840.1.101.3.4.1.26/GCM]
Provider: Set BCFIPS provider property [Alg.Alias.AlgorithmParameters.OID.2.16.840.1.101.3.4.1.26/GCM]
Provider: Set BCFIPS provider property [Alg.Alias.AlgorithmParameters.2.16.840.1.101.3.4.1.46/GCM]
Provider: Set BCFIPS provider property [Alg.Alias.AlgorithmParameters.OID.2.16.840.1.101.3.4.1.46/GCM]
Provider: Set BCFIPS provider property [AlgorithmParameters.CCM ImplementedIn/Software]
Provider: Set BCFIPS provider property [AlgorithmParameters.CCM/org.bouncycastle.jcajce.provider.ProvAES$AlgParamsCCM]
Provider: Set BCFIPS provider property [Alg.Alias.AlgorithmParameters.2.16.840.1.101.3.4.1.7/CCM]
Provider: Set BCFIPS provider property [Alg.Alias.AlgorithmParameters.OID.2.16.840.1.101.3.4.1.7/CCM]
Provider: Set BCFIPS provider property [Alg.Alias.AlgorithmParameters.2.16.840.1.101.3.4.1.27/CCM]
Provider: Set BCFIPS provider property [Alg.Alias.AlgorithmParameters.OID.2.16.840.1.101.3.4.1.27/CCM]
Provider: Set BCFIPS provider property [Alg.Alias.AlgorithmParameters.2.16.840.1.101.3.4.1.47/CCM]
Provider: Set BCFIPS provider property [Alg.Alias.AlgorithmParameters.OID.2.16.840.1.101.3.4.1.47/CCM]
Provider: Set BCFIPS provider property [AlgorithmParameterGenerator.2.16.840.1.101.3.4.1.2 ImplementedIn/Software]
Provider: Set BCFIPS provider property [AlgorithmParameterGenerator.2.16.840.1.101.3.4.1.2/org.bouncycastle.jcajce.provider.ProvAES$AlgParamGen]
Provider: Set BCFIPS provider property [Alg.Alias.AlgorithmParameterGenerator.OID.2.16.840.1.101.3.4.1.2/2.16.840.1.101.3.4.1.2]
Provider: Set BCFIPS provider property [Alg.Alias.AlgorithmParameterGenerator.2.16.840.1.101.3.4.1.22/2.16.840.1.101.3.4.1.2]
Provider: Set BCFIPS provider property [Alg.Alias.AlgorithmParameterGenerator.OID.2.16.840.1.101.3.4.1.22/2.16.840.1.101.3.4.1.2]
Provider: Set BCFIPS provider property [Alg.Alias.AlgorithmParameterGenerator.2.16.840.1.101.3.4.1.42/2.16.840.1.101.3.4.1.2]
Provider: Set BCFIPS provider property [Alg.Alias.AlgorithmParameterGenerator.OID.2.16.840.1.101.3.4.1.42/2.16.840.1.101.3.4.1.2]
Provider: Set BCFIPS provider property [Alg.Alias.AlgorithmParameterGenerator.2.16.840.1.101.3.4.1.4/2.16.840.1.101.3.4.1.2]
Provider: Set BCFIPS provider property [Alg.Alias.AlgorithmParameterGenerator.OID.2.16.840.1.101.3.4.1.4/2.16.840.1.101.3.4.1.2]
Provider: Set BCFIPS provider property [Alg.Alias.AlgorithmParameterGenerator.2.16.840.1.101.3.4.1.24/2.16.840.1.101.3.4.1.2]
Provider: Set BCFIPS provider property [Alg.Alias.AlgorithmParameterGenerator.OID.2.16.840.1.101.3.4.1.24/2.16.840.1.101.3.4.1.2]
Provider: Set BCFIPS provider property [Alg.Alias.AlgorithmParameterGenerator.2.16.840.1.101.3.4.1.44/2.16.840.1.101.3.4.1.2]
Provider: Set BCFIPS provider property [Alg.Alias.AlgorithmParameterGenerator.OID.2.16.840.1.101.3.4.1.44/2.16.840.1.101.3.4.1.2]
Provider: Set BCFIPS provider property [Alg.Alias.AlgorithmParameterGenerator.2.16.840.1.101.3.4.1.3/2.16.840.1.101.3.4.1.2]
Provider: Set BCFIPS provider property [Alg.Alias.AlgorithmParameterGenerator.OID.2.16.840.1.101.3.4.1.3/2.16.840.1.101.3.4.1.2]
Provider: Set BCFIPS provider property [Alg.Alias.AlgorithmParameterGenerator.2.16.840.1.101.3.4.1.23/2.16.840.1.101.3.4.1.2]
Provider: Set BCFIPS provider property [Alg.Alias.AlgorithmParameterGenerator.OID.2.16.840.1.101.3.4.1.23/2.16.840.1.101.3.4.1.2]
Provider: Set BCFIPS provider property [Alg.Alias.AlgorithmParameterGenerator.2.16.840.1.101.3.4.1.43/2.16.840.1.101.3.4.1.2]
Provider: Set BCFIPS provider property [Alg.Alias.AlgorithmParameterGenerator.OID.2.16.840.1.101.3.4.1.43/2.16.840.1.101.3.4.1.2]
Provider: Set BCFIPS provider property [AlgorithmParameterGenerator.GCM ImplementedIn/Software]
Provider: Set BCFIPS provider property [AlgorithmParameterGenerator.GCM/org.bouncycastle.jcajce.provider.ProvAES$AlgParamGenGCM]
Provider: Set BCFIPS provider property [Alg.Alias.AlgorithmParameterGenerator.2.16.840.1.101.3.4.1.6/GCM]
Provider: Set BCFIPS provider property [Alg.Alias.AlgorithmParameterGenerator.OID.2.16.840.1.101.3.4.1.6/GCM]
Provider: Set BCFIPS provider property [Alg.Alias.AlgorithmParameterGenerator.2.16.840.1.101.3.4.1.26/GCM]
Provider: Set BCFIPS provider property [Alg.Alias.AlgorithmParameterGenerator.OID.2.16.840.1.101.3.4.1.26/GCM]
Provider: Set BCFIPS provider property [Alg.Alias.AlgorithmParameterGenerator.2.16.840.1.101.3.4.1.46/GCM]
Provider: Set BCFIPS provider property [Alg.Alias.AlgorithmParameterGenerator.OID.2.16.840.1.101.3.4.1.46/GCM]
Provider: Set BCFIPS provider property [AlgorithmParameterGenerator.CCM ImplementedIn/Software]
Provider: Set BCFIPS provider property [AlgorithmParameterGenerator.CCM/org.bouncycastle.jcajce.provider.ProvAES$AlgParamGenCCM]
Provider: Set BCFIPS provider property [Alg.Alias.AlgorithmParameterGenerator.2.16.840.1.101.3.4.1.7/CCM]
Provider: Set BCFIPS provider property [Alg.Alias.AlgorithmParameterGenerator.OID.2.16.840.1.101.3.4.1.7/CCM]
Provider: Set BCFIPS provider property [Alg.Alias.AlgorithmParameterGenerator.2.16.840.1.101.3.4.1.27/CCM]
Provider: Set BCFIPS provider property [Alg.Alias.AlgorithmParameterGenerator.OID.2.16.840.1.101.3.4.1.27/CCM]
Provider: Set BCFIPS provider property [Alg.Alias.AlgorithmParameterGenerator.2.16.840.1.101.3.4.1.47/CCM]
Provider: Set BCFIPS provider property [Alg.Alias.AlgorithmParameterGenerator.OID.2.16.840.1.101.3.4.1.47/CCM]
Provider: Set BCFIPS provider property [Cipher.AES ImplementedIn/Software]
Provider: Set BCFIPS provider property [Cipher.AES SupportedKeyFormats/RAW]
Provider: Set BCFIPS provider property [Cipher.AES SupportedKeyClasses/javax.crypto.SecretKey]
Provider: Set BCFIPS provider property [Cipher.AES/org.bouncycastle.jcajce.provider.ProvAES$ECB]
Provider: Set BCFIPS provider property [Cipher.2.16.840.1.101.3.4.1.1 SupportedKeyFormats/RAW]
Provider: Set BCFIPS provider property [Cipher.2.16.840.1.101.3.4.1.1 SupportedKeyClasses/javax.crypto.SecretKey]
Provider: Set BCFIPS provider property [Cipher.2.16.840.1.101.3.4.1.1 ImplementedIn/Software]
Provider: Set BCFIPS provider property [Cipher.2.16.840.1.101.3.4.1.1/org.bouncycastle.jcajce.provider.ProvAESECB128]
Provider: Set BCFIPS provider property [Alg.Alias.Cipher.OID.2.16.840.1.101.3.4.1.1/2.16.840.1.101.3.4.1.1]
Provider: Set BCFIPS provider property [Cipher.2.16.840.1.101.3.4.1.21 SupportedKeyFormats/RAW]
Provider: Set BCFIPS provider property [Cipher.2.16.840.1.101.3.4.1.21 SupportedKeyClasses/javax.crypto.SecretKey]
Provider: Set BCFIPS provider property [Cipher.2.16.840.1.101.3.4.1.21 ImplementedIn/Software]
Provider: Set BCFIPS provider property [Cipher.2.16.840.1.101.3.4.1.21/org.bouncycastle.jcajce.provider.ProvAESECB192]
Provider: Set BCFIPS provider property [Alg.Alias.Cipher.OID.2.16.840.1.101.3.4.1.21/2.16.840.1.101.3.4.1.21]
Provider: Set BCFIPS provider property [Cipher.2.16.840.1.101.3.4.1.41 SupportedKeyFormats/RAW]
Provider: Set BCFIPS provider property [Cipher.2.16.840.1.101.3.4.1.41 SupportedKeyClasses/javax.crypto.SecretKey]
Provider: Set BCFIPS provider property [Cipher.2.16.840.1.101.3.4.1.41 ImplementedIn/Software]
Provider: Set BCFIPS provider property [Cipher.2.16.840.1.101.3.4.1.41/org.bouncycastle.jcajce.provider.ProvAESECB256]
Provider: Set BCFIPS provider property [Alg.Alias.Cipher.OID.2.16.840.1.101.3.4.1.41/2.16.840.1.101.3.4.1.41]
Provider: Set BCFIPS provider property [Cipher.2.16.840.1.101.3.4.1.2 SupportedKeyFormats/RAW]
Provider: Set BCFIPS provider property [Cipher.2.16.840.1.101.3.4.1.2 SupportedKeyClasses/javax.crypto.SecretKey]
Provider: Set BCFIPS provider property [Cipher.2.16.840.1.101.3.4.1.2 ImplementedIn/Software]
Provider: Set BCFIPS provider property [Cipher.2.16.840.1.101.3.4.1.2/org.bouncycastle.jcajce.provider.ProvAESCBC128]
Provider: Set BCFIPS provider property [Alg.Alias.Cipher.OID.2.16.840.1.101.3.4.1.2/2.16.840.1.101.3.4.1.2]
Provider: Set BCFIPS provider property [Cipher.2.16.840.1.101.3.4.1.22 SupportedKeyFormats/RAW]
Provider: Set BCFIPS provider property [Cipher.2.16.840.1.101.3.4.1.22 SupportedKeyClasses/javax.crypto.SecretKey]
Provider: Set BCFIPS provider property [Cipher.2.16.840.1.101.3.4.1.22 ImplementedIn/Software]
Provider: Set BCFIPS provider property [Cipher.2.16.840.1.101.3.4.1.22/org.bouncycastle.jcajce.provider.ProvAESCBC192]
Provider: Set BCFIPS provider property [Alg.Alias.Cipher.OID.2.16.840.1.101.3.4.1.22/2.16.840.1.101.3.4.1.22]
Provider: Set BCFIPS provider property [Cipher.2.16.840.1.101.3.4.1.42 SupportedKeyFormats/RAW]
Provider: Set BCFIPS provider property [Cipher.2.16.840.1.101.3.4.1.42 SupportedKeyClasses/javax.crypto.SecretKey]
Provider: Set BCFIPS provider property [Cipher.2.16.840.1.101.3.4.1.42 ImplementedIn/Software]
Provider: Set BCFIPS provider property [Cipher.2.16.840.1.101.3.4.1.42/org.bouncycastle.jcajce.provider.ProvAESCBC256]
Provider: Set BCFIPS provider property [Alg.Alias.Cipher.OID.2.16.840.1.101.3.4.1.42/2.16.840.1.101.3.4.1.42]
Provider: Set BCFIPS provider property [Cipher.2.16.840.1.101.3.4.1.3 SupportedKeyFormats/RAW]
Provider: Set BCFIPS provider property [Cipher.2.16.840.1.101.3.4.1.3 SupportedKeyClasses/javax.crypto.SecretKey]
Provider: Set BCFIPS provider property [Cipher.2.16.840.1.101.3.4.1.3 ImplementedIn/Software]
Provider: Set BCFIPS provider property [Cipher.2.16.840.1.101.3.4.1.3/org.bouncycastle.jcajce.provider.ProvAESOFB128]
Provider: Set BCFIPS provider property [Alg.Alias.Cipher.OID.2.16.840.1.101.3.4.1.3/2.16.840.1.101.3.4.1.3]
Provider: Set BCFIPS provider property [Cipher.2.16.840.1.101.3.4.1.23 SupportedKeyFormats/RAW]
Provider: Set BCFIPS provider property [Cipher.2.16.840.1.101.3.4.1.23 SupportedKeyClasses/javax.crypto.SecretKey]
Provider: Set BCFIPS provider property [Cipher.2.16.840.1.101.3.4.1.23 ImplementedIn/Software]
Provider: Set BCFIPS provider property [Cipher.2.16.840.1.101.3.4.1.23/org.bouncycastle.jcajce.provider.ProvAESOFB192]
Provider: Set BCFIPS provider property [Alg.Alias.Cipher.OID.2.16.840.1.101.3.4.1.23/2.16.840.1.101.3.4.1.23]
Provider: Set BCFIPS provider property [Cipher.2.16.840.1.101.3.4.1.43 SupportedKeyFormats/RAW]
Provider: Set BCFIPS provider property [Cipher.2.16.840.1.101.3.4.1.43 SupportedKeyClasses/javax.crypto.SecretKey]
Provider: Set BCFIPS provider property [Cipher.2.16.840.1.101.3.4.1.43 ImplementedIn/Software]
Provider: Set BCFIPS provider property [Cipher.2.16.840.1.101.3.4.1.43/org.bouncycastle.jcajce.provider.ProvAESOFB256]
Provider: Set BCFIPS provider property [Alg.Alias.Cipher.OID.2.16.840.1.101.3.4.1.43/2.16.840.1.101.3.4.1.43]
Provider: Set BCFIPS provider property [Cipher.2.16.840.1.101.3.4.1.4 SupportedKeyFormats/RAW]
Provider: Set BCFIPS provider property [Cipher.2.16.840.1.101.3.4.1.4 SupportedKeyClasses/javax.crypto.SecretKey]
Provider: Set BCFIPS provider property [Cipher.2.16.840.1.101.3.4.1.4 ImplementedIn/Software]
Provider: Set BCFIPS provider property [Cipher.2.16.840.1.101.3.4.1.4/org.bouncycastle.jcajce.provider.ProvAESCFB128]
Provider: Set BCFIPS provider property [Alg.Alias.Cipher.OID.2.16.840.1.101.3.4.1.4/2.16.840.1.101.3.4.1.4]
Provider: Set BCFIPS provider property [Cipher.2.16.840.1.101.3.4.1.24 SupportedKeyFormats/RAW]
Provider: Set BCFIPS provider property [Cipher.2.16.840.1.101.3.4.1.24 SupportedKeyClasses/javax.crypto.SecretKey]
Provider: Set BCFIPS provider property [Cipher.2.16.840.1.101.3.4.1.24 ImplementedIn/Software]
Provider: Set BCFIPS provider property [Cipher.2.16.840.1.101.3.4.1.24/org.bouncycastle.jcajce.provider.ProvAESCFB192]
Provider: Set BCFIPS provider property [Alg.Alias.Cipher.OID.2.16.840.1.101.3.4.1.24/2.16.840.1.101.3.4.1.24]
Provider: Set BCFIPS provider property [Cipher.2.16.840.1.101.3.4.1.44 SupportedKeyFormats/RAW]
Provider: Set BCFIPS provider property [Cipher.2.16.840.1.101.3.4.1.44 SupportedKeyClasses/javax.crypto.SecretKey]
Provider: Set BCFIPS provider property [Cipher.2.16.840.1.101.3.4.1.44 ImplementedIn/Software]
Provider: Set BCFIPS provider property [Cipher.2.16.840.1.101.3.4.1.44/org.bouncycastle.jcajce.provider.ProvAESCFB256]
Provider: Set BCFIPS provider property [Alg.Alias.Cipher.OID.2.16.840.1.101.3.4.1.44/2.16.840.1.101.3.4.1.44]
Provider: Set BCFIPS provider property [Cipher.AESWRAP ImplementedIn/Software]
Provider: Set BCFIPS provider property [Cipher.AESWRAP SupportedKeyFormats/RAW]
Provider: Set BCFIPS provider property [Cipher.AESWRAP SupportedKeyClasses/javax.crypto.SecretKey]
Provider: Set BCFIPS provider property [Cipher.AESWRAP/org.bouncycastle.jcajce.provider.ProvAES$Wrap]
Provider: Set BCFIPS provider property [Alg.Alias.Cipher.AESKW/AESWRAP]
Provider: Set BCFIPS provider property [Cipher.2.16.840.1.101.3.4.1.5 SupportedKeyFormats/RAW]
Provider: Set BCFIPS provider property [Cipher.2.16.840.1.101.3.4.1.5 SupportedKeyClasses/javax.crypto.SecretKey]
Provider: Set BCFIPS provider property [Cipher.2.16.840.1.101.3.4.1.5 ImplementedIn/Software]
Provider: Set BCFIPS provider property [Cipher.2.16.840.1.101.3.4.1.5/org.bouncycastle.jcajce.provider.ProvAES$WRAP128]
Provider: Set BCFIPS provider property [Alg.Alias.Cipher.OID.2.16.840.1.101.3.4.1.5/2.16.840.1.101.3.4.1.5]
Provider: Set BCFIPS provider property [Cipher.2.16.840.1.101.3.4.1.25 SupportedKeyFormats/RAW]
Provider: Set BCFIPS provider property [Cipher.2.16.840.1.101.3.4.1.25 SupportedKeyClasses/javax.crypto.SecretKey]
Provider: Set BCFIPS provider property [Cipher.2.16.840.1.101.3.4.1.25 ImplementedIn/Software]
Provider: Set BCFIPS provider property [Cipher.2.16.840.1.101.3.4.1.25/org.bouncycastle.jcajce.provider.ProvAES$WRAP192]
Provider: Set BCFIPS provider property [Alg.Alias.Cipher.OID.2.16.840.1.101.3.4.1.25/2.16.840.1.101.3.4.1.25]
Provider: Set BCFIPS provider property [Cipher.2.16.840.1.101.3.4.1.45 SupportedKeyFormats/RAW]
Provider: Set BCFIPS provider property [Cipher.2.16.840.1.101.3.4.1.45 SupportedKeyClasses/javax.crypto.SecretKey]
Provider: Set BCFIPS provider property [Cipher.2.16.840.1.101.3.4.1.45 ImplementedIn/Software]
Provider: Set BCFIPS provider property [Cipher.2.16.840.1.101.3.4.1.45/org.bouncycastle.jcajce.provider.ProvAES$WRAP256]
Provider: Set BCFIPS provider property [Alg.Alias.Cipher.OID.2.16.840.1.101.3.4.1.45/2.16.840.1.101.3.4.1.45]
Provider: Set BCFIPS provider property [Cipher.2.16.840.1.101.3.4.1.8 SupportedKeyFormats/RAW]
Provider: Set BCFIPS provider property [Cipher.2.16.840.1.101.3.4.1.8 SupportedKeyClasses/javax.crypto.SecretKey]
Provider: Set BCFIPS provider property [Cipher.2.16.840.1.101.3.4.1.8 ImplementedIn/Software]
Provider: Set BCFIPS provider property [Cipher.2.16.840.1.101.3.4.1.8/org.bouncycastle.jcajce.provider.ProvAES$WRAPPAD128]
Provider: Set BCFIPS provider property [Alg.Alias.Cipher.OID.2.16.840.1.101.3.4.1.8/2.16.840.1.101.3.4.1.8]
Provider: Set BCFIPS provider property [Cipher.2.16.840.1.101.3.4.1.28 SupportedKeyFormats/RAW]
Provider: Set BCFIPS provider property [Cipher.2.16.840.1.101.3.4.1.28 SupportedKeyClasses/javax.crypto.SecretKey]
Provider: Set BCFIPS provider property [Cipher.2.16.840.1.101.3.4.1.28 ImplementedIn/Software]
Provider: Set BCFIPS provider property [Cipher.2.16.840.1.101.3.4.1.28/org.bouncycastle.jcajce.provider.ProvAES$WRAPPAD192]
Provider: Set BCFIPS provider property [Alg.Alias.Cipher.OID.2.16.840.1.101.3.4.1.28/2.16.840.1.101.3.4.1.28]
Provider: Set BCFIPS provider property [Cipher.2.16.840.1.101.3.4.1.48 SupportedKeyFormats/RAW]
Provider: Set BCFIPS provider property [Cipher.2.16.840.1.101.3.4.1.48 SupportedKeyClasses/javax.crypto.SecretKey]
Provider: Set BCFIPS provider property [Cipher.2.16.840.1.101.3.4.1.48 ImplementedIn/Software]
Provider: Set BCFIPS provider property [Cipher.2.16.840.1.101.3.4.1.48/org.bouncycastle.jcajce.provider.ProvAES$WRAPPAD256]
Provider: Set BCFIPS provider property [Alg.Alias.Cipher.OID.2.16.840.1.101.3.4.1.48/2.16.840.1.101.3.4.1.48]
Provider: Set BCFIPS provider property [Cipher.AESWRAPPAD ImplementedIn/Software]
Provider: Set BCFIPS provider property [Cipher.AESWRAPPAD SupportedKeyFormats/RAW]
Provider: Set BCFIPS provider property [Cipher.AESWRAPPAD SupportedKeyClasses/javax.crypto.SecretKey]
Provider: Set BCFIPS provider property [Cipher.AESWRAPPAD/org.bouncycastle.jcajce.provider.ProvAES$WrapWithPad]
Provider: Set BCFIPS provider property [Alg.Alias.Cipher.AESKWP/AESWRAPPAD]
Provider: Set BCFIPS provider property [Cipher.GCM ImplementedIn/Software]
Provider: Set BCFIPS provider property [Cipher.GCM SupportedKeyFormats/RAW]
Provider: Set BCFIPS provider property [Cipher.GCM SupportedKeyClasses/javax.crypto.SecretKey]
Provider: Set BCFIPS provider property [Cipher.GCM/org.bouncycastle.jcajce.provider.ProvAES$GCM]
Provider: Set BCFIPS provider property [Cipher.2.16.840.1.101.3.4.1.6 SupportedKeyFormats/RAW]
Provider: Set BCFIPS provider property [Cipher.2.16.840.1.101.3.4.1.6 SupportedKeyClasses/javax.crypto.SecretKey]
Provider: Set BCFIPS provider property [Cipher.2.16.840.1.101.3.4.1.6 ImplementedIn/Software]
Provider: Set BCFIPS provider property [Cipher.2.16.840.1.101.3.4.1.6/org.bouncycastle.jcajce.provider.ProvAES$GCM128]
Provider: Set BCFIPS provider property [Alg.Alias.Cipher.OID.2.16.840.1.101.3.4.1.6/2.16.840.1.101.3.4.1.6]
Provider: Set BCFIPS provider property [Cipher.2.16.840.1.101.3.4.1.26 SupportedKeyFormats/RAW]
Provider: Set BCFIPS provider property [Cipher.2.16.840.1.101.3.4.1.26 SupportedKeyClasses/javax.crypto.SecretKey]
Provider: Set BCFIPS provider property [Cipher.2.16.840.1.101.3.4.1.26 ImplementedIn/Software]
Provider: Set BCFIPS provider property [Cipher.2.16.840.1.101.3.4.1.26/org.bouncycastle.jcajce.provider.ProvAES$GCM192]
Provider: Set BCFIPS provider property [Alg.Alias.Cipher.OID.2.16.840.1.101.3.4.1.26/2.16.840.1.101.3.4.1.26]
Provider: Set BCFIPS provider property [Cipher.2.16.840.1.101.3.4.1.46 SupportedKeyFormats/RAW]
Provider: Set BCFIPS provider property [Cipher.2.16.840.1.101.3.4.1.46 SupportedKeyClasses/javax.crypto.SecretKey]
Provider: Set BCFIPS provider property [Cipher.2.16.840.1.101.3.4.1.46 ImplementedIn/Software]
Provider: Set BCFIPS provider property [Cipher.2.16.840.1.101.3.4.1.46/org.bouncycastle.jcajce.provider.ProvAES$GCM256]
Provider: Set BCFIPS provider property [Alg.Alias.Cipher.OID.2.16.840.1.101.3.4.1.46/2.16.840.1.101.3.4.1.46]
Provider: Set BCFIPS provider property [Cipher.CCM ImplementedIn/Software]
Provider: Set BCFIPS provider property [Cipher.CCM SupportedKeyFormats/RAW]
Provider: Set BCFIPS provider property [Cipher.CCM SupportedKeyClasses/javax.crypto.SecretKey]
Provider: Set BCFIPS provider property [Cipher.CCM/org.bouncycastle.jcajce.provider.ProvAES$CCM]
Provider: Set BCFIPS provider property [Cipher.2.16.840.1.101.3.4.1.7 SupportedKeyFormats/RAW]
Provider: Set BCFIPS provider property [Cipher.2.16.840.1.101.3.4.1.7 SupportedKeyClasses/javax.crypto.SecretKey]
Provider: Set BCFIPS provider property [Cipher.2.16.840.1.101.3.4.1.7 ImplementedIn/Software]
Provider: Set BCFIPS provider property [Cipher.2.16.840.1.101.3.4.1.7/org.bouncycastle.jcajce.provider.ProvAES$CCM128]
Provider: Set BCFIPS provider property [Alg.Alias.Cipher.OID.2.16.840.1.101.3.4.1.7/2.16.840.1.101.3.4.1.7]
Provider: Set BCFIPS provider property [Cipher.2.16.840.1.101.3.4.1.27 SupportedKeyFormats/RAW]
Provider: Set BCFIPS provider property [Cipher.2.16.840.1.101.3.4.1.27 SupportedKeyClasses/javax.crypto.SecretKey]
Provider: Set BCFIPS provider property [Cipher.2.16.840.1.101.3.4.1.27 ImplementedIn/Software]
Provider: Set BCFIPS provider property [Cipher.2.16.840.1.101.3.4.1.27/org.bouncycastle.jcajce.provider.ProvAES$CCM192]
Provider: Set BCFIPS provider property [Alg.Alias.Cipher.OID.2.16.840.1.101.3.4.1.27/2.16.840.1.101.3.4.1.27]
Provider: Set BCFIPS provider property [Cipher.2.16.840.1.101.3.4.1.47 SupportedKeyFormats/RAW]
Provider: Set BCFIPS provider property [Cipher.2.16.840.1.101.3.4.1.47 SupportedKeyClasses/javax.crypto.SecretKey]
Provider: Set BCFIPS provider property [Cipher.2.16.840.1.101.3.4.1.47 ImplementedIn/Software]
Provider: Set BCFIPS provider property [Cipher.2.16.840.1.101.3.4.1.47/org.bouncycastle.jcajce.provider.ProvAES$CCM256]
Provider: Set BCFIPS provider property [Alg.Alias.Cipher.OID.2.16.840.1.101.3.4.1.47/2.16.840.1.101.3.4.1.47]
Provider: Set BCFIPS provider property [KeyGenerator.AES ImplementedIn/Software]
Provider: Set BCFIPS provider property [KeyGenerator.AES/org.bouncycastle.jcajce.provider.ProvAES$KeyGen]
Provider: Set BCFIPS provider property [Alg.Alias.KeyGenerator.2.16.840.1.101.3.4.1/AES]
Provider: Set BCFIPS provider property [Alg.Alias.KeyGenerator.OID.2.16.840.1.101.3.4.1/AES]
Provider: Set BCFIPS provider property [KeyGenerator.2.16.840.1.101.3.4.1.1 ImplementedIn/Software]
Provider: Set BCFIPS provider property [KeyGenerator.2.16.840.1.101.3.4.1.1/org.bouncycastle.jcajce.provider.ProvAES$2.16.840.1.101.3.4.1.1]
Provider: Set BCFIPS provider property [Alg.Alias.KeyGenerator.OID.2.16.840.1.101.3.4.1.1/2.16.840.1.101.3.4.1.1]
Provider: Set BCFIPS provider property [KeyGenerator.2.16.840.1.101.3.4.1.2 ImplementedIn/Software]
Provider: Set BCFIPS provider property [KeyGenerator.2.16.840.1.101.3.4.1.2/org.bouncycastle.jcajce.provider.ProvAES$2.16.840.1.101.3.4.1.2]
Provider: Set BCFIPS provider property [Alg.Alias.KeyGenerator.OID.2.16.840.1.101.3.4.1.2/2.16.840.1.101.3.4.1.2]
Provider: Set BCFIPS provider property [KeyGenerator.2.16.840.1.101.3.4.1.3 ImplementedIn/Software]
Provider: Set BCFIPS provider property [KeyGenerator.2.16.840.1.101.3.4.1.3/org.bouncycastle.jcajce.provider.ProvAES$2.16.840.1.101.3.4.1.3]
Provider: Set BCFIPS provider property [Alg.Alias.KeyGenerator.OID.2.16.840.1.101.3.4.1.3/2.16.840.1.101.3.4.1.3]
Provider: Set BCFIPS provider property [KeyGenerator.2.16.840.1.101.3.4.1.4 ImplementedIn/Software]
Provider: Set BCFIPS provider property [KeyGenerator.2.16.840.1.101.3.4.1.4/org.bouncycastle.jcajce.provider.ProvAES$2.16.840.1.101.3.4.1.4]
Provider: Set BCFIPS provider property [Alg.Alias.KeyGenerator.OID.2.16.840.1.101.3.4.1.4/2.16.840.1.101.3.4.1.4]
Provider: Set BCFIPS provider property [KeyGenerator.2.16.840.1.101.3.4.1.6 ImplementedIn/Software]
Provider: Set BCFIPS provider property [KeyGenerator.2.16.840.1.101.3.4.1.6/org.bouncycastle.jcajce.provider.ProvAES$2.16.840.1.101.3.4.1.6]
Provider: Set BCFIPS provider property [Alg.Alias.KeyGenerator.OID.2.16.840.1.101.3.4.1.6/2.16.840.1.101.3.4.1.6]
Provider: Set BCFIPS provider property [KeyGenerator.2.16.840.1.101.3.4.1.7 ImplementedIn/Software]
Provider: Set BCFIPS provider property [KeyGenerator.2.16.840.1.101.3.4.1.7/org.bouncycastle.jcajce.provider.ProvAES$2.16.840.1.101.3.4.1.7]
Provider: Set BCFIPS provider property [Alg.Alias.KeyGenerator.OID.2.16.840.1.101.3.4.1.7/2.16.840.1.101.3.4.1.7]
Provider: Set BCFIPS provider property [KeyGenerator.2.16.840.1.101.3.4.1.5 ImplementedIn/Software]
Provider: Set BCFIPS provider property [KeyGenerator.2.16.840.1.101.3.4.1.5/org.bouncycastle.jcajce.provider.ProvAES$2.16.840.1.101.3.4.1.5]
Provider: Set BCFIPS provider property [Alg.Alias.KeyGenerator.OID.2.16.840.1.101.3.4.1.5/2.16.840.1.101.3.4.1.5]
Provider: Set BCFIPS provider property [KeyGenerator.2.16.840.1.101.3.4.1.21 ImplementedIn/Software]
Provider: Set BCFIPS provider property [KeyGenerator.2.16.840.1.101.3.4.1.21/org.bouncycastle.jcajce.provider.ProvAES$2.16.840.1.101.3.4.1.21]
Provider: Set BCFIPS provider property [Alg.Alias.KeyGenerator.OID.2.16.840.1.101.3.4.1.21/2.16.840.1.101.3.4.1.21]
Provider: Set BCFIPS provider property [KeyGenerator.2.16.840.1.101.3.4.1.22 ImplementedIn/Software]
Provider: Set BCFIPS provider property [KeyGenerator.2.16.840.1.101.3.4.1.22/org.bouncycastle.jcajce.provider.ProvAES$2.16.840.1.101.3.4.1.22]
Provider: Set BCFIPS provider property [Alg.Alias.KeyGenerator.OID.2.16.840.1.101.3.4.1.22/2.16.840.1.101.3.4.1.22]
Provider: Set BCFIPS provider property [KeyGenerator.2.16.840.1.101.3.4.1.23 ImplementedIn/Software]
Provider: Set BCFIPS provider property [KeyGenerator.2.16.840.1.101.3.4.1.23/org.bouncycastle.jcajce.provider.ProvAES$2.16.840.1.101.3.4.1.23]
Provider: Set BCFIPS provider property [Alg.Alias.KeyGenerator.OID.2.16.840.1.101.3.4.1.23/2.16.840.1.101.3.4.1.23]
Provider: Set BCFIPS provider property [KeyGenerator.2.16.840.1.101.3.4.1.24 ImplementedIn/Software]
Provider: Set BCFIPS provider property [KeyGenerator.2.16.840.1.101.3.4.1.24/org.bouncycastle.jcajce.provider.ProvAES$2.16.840.1.101.3.4.1.24]
Provider: Set BCFIPS provider property [Alg.Alias.KeyGenerator.OID.2.16.840.1.101.3.4.1.24/2.16.840.1.101.3.4.1.24]
Provider: Set BCFIPS provider property [KeyGenerator.2.16.840.1.101.3.4.1.26 ImplementedIn/Software]
Provider: Set BCFIPS provider property [KeyGenerator.2.16.840.1.101.3.4.1.26/org.bouncycastle.jcajce.provider.ProvAES$2.16.840.1.101.3.4.1.26]
Provider: Set BCFIPS provider property [Alg.Alias.KeyGenerator.OID.2.16.840.1.101.3.4.1.26/2.16.840.1.101.3.4.1.26]
Provider: Set BCFIPS provider property [KeyGenerator.2.16.840.1.101.3.4.1.27 ImplementedIn/Software]
Provider: Set BCFIPS provider property [KeyGenerator.2.16.840.1.101.3.4.1.27/org.bouncycastle.jcajce.provider.ProvAES$2.16.840.1.101.3.4.1.27]
Provider: Set BCFIPS provider property [Alg.Alias.KeyGenerator.OID.2.16.840.1.101.3.4.1.27/2.16.840.1.101.3.4.1.27]
Provider: Set BCFIPS provider property [KeyGenerator.2.16.840.1.101.3.4.1.25 ImplementedIn/Software]
Provider: Set BCFIPS provider property [KeyGenerator.2.16.840.1.101.3.4.1.25/org.bouncycastle.jcajce.provider.ProvAES$2.16.840.1.101.3.4.1.25]
Provider: Set BCFIPS provider property [Alg.Alias.KeyGenerator.OID.2.16.840.1.101.3.4.1.25/2.16.840.1.101.3.4.1.25]
Provider: Set BCFIPS provider property [KeyGenerator.2.16.840.1.101.3.4.1.41 ImplementedIn/Software]
Provider: Set BCFIPS provider property [KeyGenerator.2.16.840.1.101.3.4.1.41/org.bouncycastle.jcajce.provider.ProvAES$2.16.840.1.101.3.4.1.41]
Provider: Set BCFIPS provider property [Alg.Alias.KeyGenerator.OID.2.16.840.1.101.3.4.1.41/2.16.840.1.101.3.4.1.41]
Provider: Set BCFIPS provider property [KeyGenerator.2.16.840.1.101.3.4.1.42 ImplementedIn/Software]
Provider: Set BCFIPS provider property [KeyGenerator.2.16.840.1.101.3.4.1.42/org.bouncycastle.jcajce.provider.ProvAES$2.16.840.1.101.3.4.1.42]
Provider: Set BCFIPS provider property [Alg.Alias.KeyGenerator.OID.2.16.840.1.101.3.4.1.42/2.16.840.1.101.3.4.1.42]
Provider: Set BCFIPS provider property [KeyGenerator.2.16.840.1.101.3.4.1.43 ImplementedIn/Software]
Provider: Set BCFIPS provider property [KeyGenerator.2.16.840.1.101.3.4.1.43/org.bouncycastle.jcajce.provider.ProvAES$2.16.840.1.101.3.4.1.43]
Provider: Set BCFIPS provider property [Alg.Alias.KeyGenerator.OID.2.16.840.1.101.3.4.1.43/2.16.840.1.101.3.4.1.43]
Provider: Set BCFIPS provider property [KeyGenerator.2.16.840.1.101.3.4.1.44 ImplementedIn/Software]
Provider: Set BCFIPS provider property [KeyGenerator.2.16.840.1.101.3.4.1.44/org.bouncycastle.jcajce.provider.ProvAES$2.16.840.1.101.3.4.1.44]
Provider: Set BCFIPS provider property [Alg.Alias.KeyGenerator.OID.2.16.840.1.101.3.4.1.44/2.16.840.1.101.3.4.1.44]
Provider: Set BCFIPS provider property [KeyGenerator.2.16.840.1.101.3.4.1.46 ImplementedIn/Software]
Provider: Set BCFIPS provider property [KeyGenerator.2.16.840.1.101.3.4.1.46/org.bouncycastle.jcajce.provider.ProvAES$2.16.840.1.101.3.4.1.46]
Provider: Set BCFIPS provider property [Alg.Alias.KeyGenerator.OID.2.16.840.1.101.3.4.1.46/2.16.840.1.101.3.4.1.46]
Provider: Set BCFIPS provider property [KeyGenerator.2.16.840.1.101.3.4.1.47 ImplementedIn/Software]
Provider: Set BCFIPS provider property [KeyGenerator.2.16.840.1.101.3.4.1.47/org.bouncycastle.jcajce.provider.ProvAES$2.16.840.1.101.3.4.1.47]
Provider: Set BCFIPS provider property [Alg.Alias.KeyGenerator.OID.2.16.840.1.101.3.4.1.47/2.16.840.1.101.3.4.1.47]
Provider: Set BCFIPS provider property [KeyGenerator.2.16.840.1.101.3.4.1.45 ImplementedIn/Software]
Provider: Set BCFIPS provider property [KeyGenerator.2.16.840.1.101.3.4.1.45/org.bouncycastle.jcajce.provider.ProvAES$2.16.840.1.101.3.4.1.45]
Provider: Set BCFIPS provider property [Alg.Alias.KeyGenerator.OID.2.16.840.1.101.3.4.1.45/2.16.840.1.101.3.4.1.45]
Provider: Set BCFIPS provider property [SecretKeyFactory.AES ImplementedIn/Software]
Provider: Set BCFIPS provider property [SecretKeyFactory.AES/org.bouncycastle.jcajce.provider.ProvAES$AESKFACT]
Provider: Set BCFIPS provider property [Alg.Alias.SecretKeyFactory.2.16.840.1.101.3.4.1/AES]
Provider: Set BCFIPS provider property [Alg.Alias.SecretKeyFactory.OID.2.16.840.1.101.3.4.1/AES]
Provider: Set BCFIPS provider property [Mac.GMAC ImplementedIn/Software]
Provider: Set BCFIPS provider property [Mac.GMAC SupportedKeyFormats/RAW]
Provider: Set BCFIPS provider property [Mac.GMAC SupportedKeyClasses/javax.crypto.SecretKey]
Provider: Set BCFIPS provider property [Mac.GMAC/org.bouncycastle.jcajce.provider.ProvAES$AESGMAC]
Provider: Set BCFIPS provider property [Alg.Alias.Mac.AESGMAC/GMAC]
Provider: Set BCFIPS provider property [Alg.Alias.Mac.AES-GMAC/GMAC]
Provider: Set BCFIPS provider property [Mac.CMAC ImplementedIn/Software]
Provider: Set BCFIPS provider property [Mac.CMAC SupportedKeyFormats/RAW]
Provider: Set BCFIPS provider property [Mac.CMAC SupportedKeyClasses/javax.crypto.SecretKey]
Provider: Set BCFIPS provider property [Mac.CMAC/org.bouncycastle.jcajce.provider.ProvAES$AESCMAC]
Provider: Set BCFIPS provider property [Alg.Alias.Mac.AESCMAC/CMAC]
Provider: Set BCFIPS provider property [Alg.Alias.Mac.AES-CMAC/CMAC]
Provider: Set BCFIPS provider property [Mac.CCMMAC ImplementedIn/Software]
Provider: Set BCFIPS provider property [Mac.CCMMAC SupportedKeyFormats/RAW]
Provider: Set BCFIPS provider property [Mac.CCMMAC SupportedKeyClasses/javax.crypto.SecretKey]
Provider: Set BCFIPS provider property [Mac.CCMMAC/org.bouncycastle.jcajce.provider.ProvAES$AESCCMMAC]
Provider: Set BCFIPS provider property [Alg.Alias.Mac.CCM/CCMMAC]
Provider: Set BCFIPS provider property [Alg.Alias.Mac.AESCCMMAC/CCMMAC]
Provider: Set BCFIPS provider property [Alg.Alias.Mac.AES-CCMMAC/CCMMAC]
Provider: Set BCFIPS provider property [Mac.2.16.840.1.101.3.4.1.7 SupportedKeyFormats/RAW]
Provider: Set BCFIPS provider property [Mac.2.16.840.1.101.3.4.1.7 SupportedKeyClasses/javax.crypto.SecretKey]
Provider: Set BCFIPS provider property [Mac.2.16.840.1.101.3.4.1.7 ImplementedIn/Software]
Provider: Set BCFIPS provider property [Mac.2.16.840.1.101.3.4.1.7/org.bouncycastle.jcajce.provider.ProvAES$AES128CCMMAC]
Provider: Set BCFIPS provider property [Alg.Alias.Mac.OID.2.16.840.1.101.3.4.1.7/2.16.840.1.101.3.4.1.7]
Provider: Set BCFIPS provider property [Mac.2.16.840.1.101.3.4.1.27 SupportedKeyFormats/RAW]
Provider: Set BCFIPS provider property [Mac.2.16.840.1.101.3.4.1.27 SupportedKeyClasses/javax.crypto.SecretKey]
Provider: Set BCFIPS provider property [Mac.2.16.840.1.101.3.4.1.27 ImplementedIn/Software]
Provider: Set BCFIPS provider property [Mac.2.16.840.1.101.3.4.1.27/org.bouncycastle.jcajce.provider.ProvAES$AES192CCMMAC]
Provider: Set BCFIPS provider property [Alg.Alias.Mac.OID.2.16.840.1.101.3.4.1.27/2.16.840.1.101.3.4.1.27]
Provider: Set BCFIPS provider property [Mac.2.16.840.1.101.3.4.1.47 SupportedKeyFormats/RAW]
Provider: Set BCFIPS provider property [Mac.2.16.840.1.101.3.4.1.47 SupportedKeyClasses/javax.crypto.SecretKey]
Provider: Set BCFIPS provider property [Mac.2.16.840.1.101.3.4.1.47 ImplementedIn/Software]
Provider: Set BCFIPS provider property [Mac.2.16.840.1.101.3.4.1.47/org.bouncycastle.jcajce.provider.ProvAES$AES256CCMMAC]
Provider: Set BCFIPS provider property [Alg.Alias.Mac.OID.2.16.840.1.101.3.4.1.47/2.16.840.1.101.3.4.1.47]
Provider: Set BCFIPS provider property [Cipher.DESEDE ImplementedIn/Software]
Provider: Set BCFIPS provider property [Cipher.DESEDE SupportedKeyFormats/RAW]
Provider: Set BCFIPS provider property [Cipher.DESEDE SupportedKeyClasses/javax.crypto.SecretKey]
Provider: Set BCFIPS provider property [Cipher.DESEDE/org.bouncycastle.jcajce.provider.ProvDESede.$ECB]
Provider: Set BCFIPS provider property [Cipher.1.2.840.113549.3.7 SupportedKeyFormats/RAW]
Provider: Set BCFIPS provider property [Cipher.1.2.840.113549.3.7 SupportedKeyClasses/javax.crypto.SecretKey]
Provider: Set BCFIPS provider property [Cipher.1.2.840.113549.3.7 ImplementedIn/Software]
Provider: Set BCFIPS provider property [Cipher.1.2.840.113549.3.7/org.bouncycastle.jcajce.provider.ProvDESede.$CBC]
Provider: Set BCFIPS provider property [Alg.Alias.Cipher.OID.1.2.840.113549.3.7/1.2.840.113549.3.7]
Provider: Set BCFIPS provider property [Cipher.DESEDEWRAP ImplementedIn/Software]
Provider: Set BCFIPS provider property [Cipher.DESEDEWRAP SupportedKeyFormats/RAW]
Provider: Set BCFIPS provider property [Cipher.DESEDEWRAP SupportedKeyClasses/javax.crypto.SecretKey]
Provider: Set BCFIPS provider property [Cipher.DESEDEWRAP/org.bouncycastle.jcajce.provider.ProvDESede.$Wrap]
Provider: Set BCFIPS provider property [Alg.Alias.Cipher.DESEDETKW/DESEDEWRAP]
Provider: Set BCFIPS provider property [KeyGenerator.DESEDE ImplementedIn/Software]
Provider: Set BCFIPS provider property [KeyGenerator.DESEDE/org.bouncycastle.jcajce.provider.ProvDESede.$KeyGenerator]
Provider: Set BCFIPS provider property [Alg.Alias.KeyGenerator.TRIPLEDES/DESEDE]
Provider: Set BCFIPS provider property [Alg.Alias.KeyGenerator.1.3.14.3.2.17/DESEDE]
Provider: Set BCFIPS provider property [Alg.Alias.KeyGenerator.OID.1.3.14.3.2.17/DESEDE]
Provider: Set BCFIPS provider property [KeyGenerator.1.2.840.113549.3.7 ImplementedIn/Software]
Provider: Set BCFIPS provider property [KeyGenerator.1.2.840.113549.3.7/org.bouncycastle.jcajce.provider.ProvDESede.$KeyGenerator3]
Provider: Set BCFIPS provider property [Alg.Alias.KeyGenerator.OID.1.2.840.113549.3.7/1.2.840.113549.3.7]
Provider: Set BCFIPS provider property [Mac.DESEDECMAC ImplementedIn/Software]
Provider: Set BCFIPS provider property [Mac.DESEDECMAC SupportedKeyFormats/RAW]
Provider: Set BCFIPS provider property [Mac.DESEDECMAC SupportedKeyClasses/javax.crypto.SecretKey]
Provider: Set BCFIPS provider property [Mac.DESEDECMAC/org.bouncycastle.jcajce.provider.ProvDESede.$CMAC]
Provider: Set BCFIPS provider property [Alg.Alias.Mac.DESEDE-CMAC/DESEDECMAC]
Provider: Set BCFIPS provider property [AlgorithmParameters.DESEDE ImplementedIn/Software]
Provider: Set BCFIPS provider property [AlgorithmParameters.DESEDE/org.bouncycastle.jcajce.provider.ProvDESede..util.IvAlgorithmParameters]
Provider: Set BCFIPS provider property [Alg.Alias.AlgorithmParameters.1.2.840.113549.3.7/DESEDE]
Provider: Set BCFIPS provider property [Alg.Alias.AlgorithmParameters.OID.1.2.840.113549.3.7/DESEDE]
Provider: Set BCFIPS provider property [AlgorithmParameterGenerator.1.2.840.113549.3.7 ImplementedIn/Software]
Provider: Set BCFIPS provider property [AlgorithmParameterGenerator.1.2.840.113549.3.7/org.bouncycastle.jcajce.provider.ProvDESede.$AlgParamGen]
Provider: Set BCFIPS provider property [Alg.Alias.AlgorithmParameterGenerator.OID.1.2.840.113549.3.7/1.2.840.113549.3.7]
Provider: Set BCFIPS provider property [SecretKeyFactory.DESEDE ImplementedIn/Software]
Provider: Set BCFIPS provider property [SecretKeyFactory.DESEDE/org.bouncycastle.jcajce.provider.ProvDESede.$KeyFactory]
Provider: Set BCFIPS provider property [Alg.Alias.SecretKeyFactory.TDEA/DESEDE]
Provider: Set BCFIPS provider property [Alg.Alias.SecretKeyFactory.TRIPLEDES/DESEDE]
Provider: Set BCFIPS provider property [Alg.Alias.SecretKeyFactory.1.3.14.3.2.17/DESEDE]
Provider: Set BCFIPS provider property [Alg.Alias.SecretKeyFactory.OID.1.3.14.3.2.17/DESEDE]
Provider: Set BCFIPS provider property [Alg.Alias.Cipher.TDEA/DESEDE]
Provider: Set BCFIPS provider property [Alg.Alias.Cipher.TDEAWRAP/DESEDEWRAP]
Provider: Set BCFIPS provider property [Alg.Alias.KeyGenerator.TDEA/DESEDE]
Provider: Set BCFIPS provider property [Alg.Alias.AlgorithmParameters.TDEA/DESEDE]
Provider: Set BCFIPS provider property [KeyFactory.X.509 ImplementedIn/Software]
Provider: Set BCFIPS provider property [KeyFactory.X.509/org.bouncycastle.jcajce.provider.asymmetric.x509.KeyFactory]
Provider: Set BCFIPS provider property [Alg.Alias.KeyFactory.X509/X.509]
Provider: Set BCFIPS provider property [CertificateFactory.X.509 ImplementedIn/Software]
Provider: Set BCFIPS provider property [CertificateFactory.X.509/org.bouncycastle.jcajce.provider.asymmetric.x509.CertificateFactory]
Provider: Set BCFIPS provider property [Alg.Alias.CertificateFactory.X509/X.509]
Provider: Set BCFIPS provider property [KeyStore.BCFKS ImplementedIn/Software]
Provider: Set BCFIPS provider property [KeyStore.BCFKS/org.bouncycastle.jcajce.provider.keystore.bcfks.BCFKSKeyStore]
Provider: Set BCFIPS provider property [KeyStore.IBCFKS ImplementedIn/Software]
Provider: Set BCFIPS provider property [KeyStore.IBCFKS/org.bouncycastle.jcajce.provider.keystore.bcfks.IBCFKSKeyStore]
Provider: Set BCFIPS provider property [KeyStore.FIPS ImplementedIn/Software]
Provider: Set BCFIPS provider property [KeyStore.FIPS/org.bouncycastle.jcajce.provider.keystore.FipsKS.FIPSKeyStore]
Provider: Set BCFIPS provider property [KeyStore.IFIPS ImplementedIn/Software]
Provider: Set BCFIPS provider property [KeyStore.IFIPS/org.bouncycastle.jcajce.provider.keystore.FipsKS.IFIPSKeyStore]
Provider: Set BCFIPS provider property [KeyFactory.EDDSA ImplementedIn/Software]
Provider: Set BCFIPS provider property [KeyFactory.EDDSA/org.bouncycastle.jcajce.provider.asymmetric.edec.KeyFactorySpi$EdDH]
Provider: Set BCFIPS provider property [KeyFactory.ED448 ImplementedIn/Software]
Provider: Set BCFIPS provider property [KeyFactory.ED448/org.bouncycastle.jcajce.provider.asymmetric.edec.KeyFactorySpi$Ed448]
Provider: Set BCFIPS provider property [KeyFactory.ED25519 ImplementedIn/Software]
Provider: Set BCFIPS provider property [KeyFactory.ED25519/org.bouncycastle.jcajce.provider.asymmetric.edec.KeyFactorySpi$Ed25519]
Provider: Set BCFIPS provider property [KeyPairGenerator.EDDSA ImplementedIn/Software]
Provider: Set BCFIPS provider property [KeyPairGenerator.EDDSA/org.bouncycastle.jcajce.provider.asymmetric.edec.KeyPairGeneratorSpi$EdDSA]
Provider: Set BCFIPS provider property [KeyPairGenerator.ED448 ImplementedIn/Software]
Provider: Set BCFIPS provider property [KeyPairGenerator.ED448/org.bouncycastle.jcajce.provider.asymmetric.edec.KeyPairGeneratorSpi$Ed448]
Provider: Set BCFIPS provider property [KeyPairGenerator.ED25519 ImplementedIn/Software]
Provider: Set BCFIPS provider property [KeyPairGenerator.ED25519/org.bouncycastle.jcajce.provider.asymmetric.edec.KeyPairGeneratorSpi$Ed25519]
Provider: Set BCFIPS provider property [Signature.EDDSA ImplementedIn/Software]
Provider: Set BCFIPS provider property [Signature.EDDSA/org.bouncycastle.jcajce.provider.asymmetric.edec.Signature$EDDSA]
Provider: Set BCFIPS provider property [Signature.EDDSAPH ImplementedIn/Software]
Provider: Set BCFIPS provider property [Signature.EDDSAPH/org.bouncycastle.jcajce.provider.asymmetric.edec.Signature$EDDSAPH]
Provider: Set BCFIPS provider property [Signature.ED448 ImplementedIn/Software]
Provider: Set BCFIPS provider property [Signature.ED448/org.bouncycastle.jcajce.provider.asymmetric.edec.Signature$Ed448]
Provider: Set BCFIPS provider property [Alg.Alias.Signature.1.3.101.113/ED448]
Provider: Set BCFIPS provider property [Alg.Alias.Signature.OID.1.3.101.113/ED448]
Provider: Set BCFIPS provider property [Signature.ED448PH ImplementedIn/Software]
Provider: Set BCFIPS provider property [Signature.ED448PH/org.bouncycastle.jcajce.provider.asymmetric.edec.Signature$Ed448Ph]
Provider: Set BCFIPS provider property [Signature.ED25519 ImplementedIn/Software]
Provider: Set BCFIPS provider property [Signature.ED25519/org.bouncycastle.jcajce.provider.asymmetric.edec.Signature$Ed25519]
Provider: Set BCFIPS provider property [Alg.Alias.Signature.1.3.101.112/ED25519]
Provider: Set BCFIPS provider property [Alg.Alias.Signature.OID.1.3.101.112/ED25519]
Provider: Set BCFIPS provider property [Signature.ED25519PH ImplementedIn/Software]
Provider: Set BCFIPS provider property [Signature.ED25519PH/org.bouncycastle.jcajce.provider.asymmetric.edec.Signature$Ed25519Ph]
Provider: Set BCFIPS provider property [Alg.Alias.KeyFactory.1.3.101.113/ED448]
Provider: Set BCFIPS provider property [Alg.Alias.KeyFactory.OID.1.3.101.113/ED448]
Provider: Set BCFIPS provider property [Alg.Alias.KeyPairGenerator.1.3.101.113/ED448]
Provider: Set BCFIPS provider property [Alg.Alias.KeyPairGenerator.OID.1.3.101.113/ED448]
Provider: Set BCFIPS provider property [Alg.Alias.KeyFactory.1.3.101.112/ED25519]
Provider: Set BCFIPS provider property [Alg.Alias.KeyFactory.OID.1.3.101.112/ED25519]
Provider: Set BCFIPS provider property [Alg.Alias.KeyPairGenerator.1.3.101.112/ED25519]
Provider: Set BCFIPS provider property [Alg.Alias.KeyPairGenerator.OID.1.3.101.112/ED25519]
Provider: Set BCFIPS provider property [KeyFactory.LMS ImplementedIn/Software]
Provider: Set BCFIPS provider property [KeyFactory.LMS/org.bouncycastle.jcajce.provider.asymmetric.lms.KeyFactorySpi$LMS]
Provider: Set BCFIPS provider property [Signature.LMS ImplementedIn/Software]
Provider: Set BCFIPS provider property [Signature.LMS/org.bouncycastle.jcajce.provider.asymmetric.lms.Signature$LMS]
Provider: Set BCFIPS provider property [Alg.Alias.Signature.1.2.840.113549.1.9.16.3.17/LMS]
Provider: Set BCFIPS provider property [Alg.Alias.Signature.OID.1.2.840.113549.1.9.16.3.17/LMS]
Provider: Set BCFIPS provider property [Alg.Alias.KeyFactory.1.2.840.113549.1.9.16.3.17/LMS]
Provider: Set BCFIPS provider property [Alg.Alias.KeyFactory.OID.1.2.840.113549.1.9.16.3.17/LMS]
Provider: Set BCFIPS provider property [CertPathValidator.PKIX ImplementedIn/Software]
Provider: Set BCFIPS provider property [CertPathValidator.PKIX/org.bouncycastle.jce.provider.PKIXCertPathValidatorSpi]
Provider: Set BCFIPS provider property [CertPathBuilder.PKIX ImplementedIn/Software]
Provider: Set BCFIPS provider property [CertPathBuilder.PKIX/org.bouncycastle.jce.provider.PKIXCertPathBuilderSpi]
Provider: Set BCFIPS provider property [CertStore.COLLECTION ImplementedIn/Software]
Provider: Set BCFIPS provider property [CertStore.COLLECTION/org.bouncycastle.jce.provider.CertStoreCollectionSpi]
Provider: SecureRandom.NativePRNGBlocking algorithm from: SUN
Provider: Set BCJSSE provider property [KeyManagerFactory.X.509 ImplementedIn/Software]
Provider: Set BCJSSE provider property [KeyManagerFactory.X.509/org.bouncycastle.jsse.provider.KeyManagerFactory]
Provider: Set BCJSSE provider property [Alg.Alias.KeyManagerFactory.X509/X.509]
Provider: Set BCJSSE provider property [Alg.Alias.KeyManagerFactory.PKIX/X.509]
Provider: Set BCJSSE provider property [TrustManagerFactory.PKIX ImplementedIn/Software]
Provider: Set BCJSSE provider property [TrustManagerFactory.PKIX/org.bouncycastle.jsse.provider.TrustManagerFactory]
Provider: Set BCJSSE provider property [Alg.Alias.TrustManagerFactory.X.509/PKIX]
Provider: Set BCJSSE provider property [Alg.Alias.TrustManagerFactory.X509/PKIX]
Provider: Set BCJSSE provider property [SSLContext.TLS ImplementedIn/Software]
Provider: Set BCJSSE provider property [SSLContext.TLS/org.bouncycastle.jsse.provider.SSLContext.TLS]
Provider: Set BCJSSE provider property [SSLContext.TLSV1 ImplementedIn/Software]
Provider: Set BCJSSE provider property [SSLContext.TLSV1/org.bouncycastle.jsse.provider.SSLContext.TLSv1]
Provider: Set BCJSSE provider property [SSLContext.TLSV1.1 ImplementedIn/Software]
Provider: Set BCJSSE provider property [SSLContext.TLSV1.1/org.bouncycastle.jsse.provider.SSLContext.TLSv1_1]
Provider: Set BCJSSE provider property [SSLContext.TLSV1.2 ImplementedIn/Software]
Provider: Set BCJSSE provider property [SSLContext.TLSV1.2/org.bouncycastle.jsse.provider.SSLContext.TLSv1_2]
Provider: Set BCJSSE provider property [SSLContext.TLSV1.3 ImplementedIn/Software]
Provider: Set BCJSSE provider property [SSLContext.TLSV1.3/org.bouncycastle.jsse.provider.SSLContext.TLSv1_3]
Provider: Set BCJSSE provider property [SSLContext.DEFAULT ImplementedIn/Software]
Provider: Set BCJSSE provider property [SSLContext.DEFAULT/org.bouncycastle.jsse.provider.SSLContext.Default]
Provider: Set BCJSSE provider property [Alg.Alias.SSLContext.SSL/TLS]
Provider: Set BCJSSE provider property [Alg.Alias.SSLContext.SSLV3/TLSV1]
Provider: KeyStore.BCFKS type from: BCFIPS
Provider: KeyStore.PKCS12 type from: SUN
Provider: MessageDigest.SHA algorithm from: BCFIPS
Provider: SecureRandom.NativePRNGBlocking algorithm from: SUN
Provider: SecureRandom.null algorithm from: BCFIPS_RNG
Provider: SecureRandom.null algorithm from: BCFIPS_RNG
Provider: SecureRandom.null algorithm from: BCFIPS_FIXED_RNG
Provider: SecureRandom.null algorithm from: BCFIPS_RNG
Provider: SecureRandom.null algorithm from: BCFIPS_FIXED_RNG
keystore: JavaKeyStore load: private key count: 0. trusted key count: 146
keystore: WARNING: switching from PKCS12 to JKS keystore file format has altered the keystore security level
keystore: Loaded a keystore in JKS format
Provider: Signature.SHA384WITHRSA verification algorithm from: BCFIPS
Provider: Signature.SHA1WITHRSA verification algorithm from: BCFIPS
Provider: Signature.SHA384WITHECDSA verification algorithm from: BCFIPS
Provider: Signature.SHA256WITHRSA verification algorithm from: BCFIPS
Provider: Signature.SHA256WITHRSA verification algorithm from: BCFIPS
Provider: Signature.SHA1WITHRSA verification algorithm from: BCFIPS
Provider: Signature.SHA384WITHRSA verification algorithm from: BCFIPS
Provider: Signature.SHA384WITHECDSA verification algorithm from: BCFIPS
Provider: Signature.SHA256WITHECDSA verification algorithm from: BCFIPS
Provider: Signature.SHA256WITHRSA verification algorithm from: BCFIPS
Provider: Signature.SHA384WITHRSA verification algorithm from: BCFIPS
Provider: Signature.SHA256WITHRSA verification algorithm from: BCFIPS
Provider: Signature.SHA256WITHRSA verification algorithm from: BCFIPS
Provider: Signature.SHA384WITHRSA verification algorithm from: BCFIPS
Provider: Signature.SHA256WITHRSA verification algorithm from: BCFIPS
Provider: Signature.SHA256WITHRSA verification algorithm from: BCFIPS
Provider: Signature.SHA384WITHRSA verification algorithm from: BCFIPS
Provider: Signature.SHA384WITHECDSA verification algorithm from: BCFIPS
Provider: Signature.SHA256WITHRSA verification algorithm from: BCFIPS
Provider: Signature.SHA1WITHRSA verification algorithm from: BCFIPS
Provider: Signature.SHA384WITHRSA verification algorithm from: BCFIPS
Provider: Signature.SHA384WITHRSA verification algorithm from: BCFIPS
Provider: Signature.SHA384WITHECDSA verification algorithm from: BCFIPS
Provider: Signature.SHA384WITHECDSA verification algorithm from: BCFIPS
Provider: Signature.SHA256WITHRSA verification algorithm from: BCFIPS
Provider: Signature.SHA256WITHRSA verification algorithm from: BCFIPS
Provider: Signature.SHA256WITHRSA verification algorithm from: BCFIPS
Provider: Signature.SHA256WITHRSA verification algorithm from: BCFIPS
Provider: Signature.SHA384WITHECDSA verification algorithm from: BCFIPS
Provider: Signature.SHA256WITHECDSA verification algorithm from: BCFIPS
Provider: Signature.SHA384WITHRSA verification algorithm from: BCFIPS
Provider: Signature.SHA384WITHRSA verification algorithm from: BCFIPS
Provider: Signature.SHA256WITHRSA verification algorithm from: BCFIPS
Provider: Signature.SHA256WITHRSA verification algorithm from: BCFIPS
Provider: Signature.SHA384WITHRSA verification algorithm from: BCFIPS
Provider: Signature.SHA256WITHRSA verification algorithm from: BCFIPS
Provider: Signature.SHA256WITHRSA verification algorithm from: BCFIPS
Provider: Signature.SHA256WITHRSA verification algorithm from: BCFIPS
Provider: Signature.SHA384WITHECDSA verification algorithm from: BCFIPS
Provider: Signature.SHA384WITHECDSA verification algorithm from: BCFIPS
Provider: Signature.SHA384WITHECDSA verification algorithm from: BCFIPS
Provider: Signature.SHA256WITHRSA verification algorithm from: BCFIPS
Provider: Signature.SHA384WITHECDSA verification algorithm from: BCFIPS
Provider: Signature.SHA256WITHRSA verification algorithm from: BCFIPS
Provider: Signature.SHA256WITHRSA verification algorithm from: BCFIPS
Provider: Signature.SHA256WITHRSA verification algorithm from: BCFIPS
Provider: Signature.SHA384WITHRSA verification algorithm from: BCFIPS
Provider: Signature.SHA384WITHECDSA verification algorithm from: BCFIPS
Provider: Signature.SHA1WITHRSA verification algorithm from: BCFIPS
Provider: Signature.SHA256WITHRSA verification algorithm from: BCFIPS
Provider: Signature.SHA256WITHRSA verification algorithm from: BCFIPS
Provider: Signature.SHA384WITHECDSA verification algorithm from: BCFIPS
Provider: Signature.SHA256WITHECDSA verification algorithm from: BCFIPS
Provider: Signature.SHA256WITHRSA verification algorithm from: BCFIPS
Provider: Signature.SHA256WITHRSA verification algorithm from: BCFIPS
Provider: Signature.SHA256WITHRSA verification algorithm from: BCFIPS
Provider: Signature.SHA1WITHRSA verification algorithm from: BCFIPS
Provider: Signature.SHA1WITHRSA verification algorithm from: BCFIPS
Provider: Signature.SHA256WITHRSA verification algorithm from: BCFIPS
Provider: Signature.SHA256WITHRSA verification algorithm from: BCFIPS
Provider: Signature.SHA1WITHRSA verification algorithm from: BCFIPS
Provider: Signature.SHA256WITHRSA verification algorithm from: BCFIPS
Provider: Signature.SHA384WITHECDSA verification algorithm from: BCFIPS
Provider: Signature.SHA384WITHRSA verification algorithm from: BCFIPS
Provider: Signature.SHA512WITHRSA verification algorithm from: BCFIPS
Provider: Signature.SHA384WITHECDSA verification algorithm from: BCFIPS
Provider: Signature.SHA384WITHECDSA verification algorithm from: BCFIPS
Provider: Signature.SHA1WITHRSA verification algorithm from: BCFIPS
Provider: Signature.SHA1WITHRSA verification algorithm from: BCFIPS
Provider: Signature.SHA384WITHECDSA verification algorithm from: BCFIPS
Provider: Signature.SHA256WITHRSA verification algorithm from: BCFIPS
Provider: Signature.SHA256WITHRSA verification algorithm from: BCFIPS
Provider: Signature.SHA256WITHECDSA verification algorithm from: BCFIPS
Provider: Signature.SHA384WITHRSA verification algorithm from: BCFIPS
Provider: Signature.SHA384WITHECDSA verification algorithm from: BCFIPS
Provider: Signature.SHA384WITHECDSA verification algorithm from: BCFIPS
Provider: Signature.SHA384WITHRSA verification algorithm from: BCFIPS
Provider: Signature.SHA256WITHRSA verification algorithm from: BCFIPS
Provider: Signature.SHA256WITHRSA verification algorithm from: BCFIPS
Provider: Signature.SHA384WITHECDSA verification algorithm from: BCFIPS
Provider: Signature.SHA384WITHECDSA verification algorithm from: BCFIPS
Provider: Signature.SHA384WITHRSA verification algorithm from: BCFIPS
Provider: Signature.SHA256WITHRSA verification algorithm from: BCFIPS
Provider: Signature.SHA384WITHRSA verification algorithm from: BCFIPS
Provider: Signature.SHA256WITHECDSA verification algorithm from: BCFIPS
Provider: Signature.SHA256WITHRSA verification algorithm from: BCFIPS
Provider: Signature.SHA384WITHECDSA verification algorithm from: BCFIPS
Provider: Signature.SHA256WITHRSA verification algorithm from: BCFIPS
Provider: Signature.SHA256WITHECDSA verification algorithm from: BCFIPS
Provider: Signature.SHA256WITHRSA verification algorithm from: BCFIPS
Provider: Signature.SHA256WITHRSA verification algorithm from: BCFIPS
Provider: Signature.SHA384WITHECDSA verification algorithm from: BCFIPS
Provider: Signature.SHA1WITHRSA verification algorithm from: BCFIPS
Provider: Signature.SHA256WITHRSA verification algorithm from: BCFIPS
Provider: Signature.SHA256WITHRSA verification algorithm from: BCFIPS
Provider: Signature.SHA1WITHRSA verification algorithm from: BCFIPS
Provider: Signature.SHA384WITHECDSA verification algorithm from: BCFIPS
Provider: Signature.SHA384WITHRSA verification algorithm from: BCFIPS
Provider: Signature.SHA1WITHRSA verification algorithm from: BCFIPS
Provider: Signature.SHA384WITHECDSA verification algorithm from: BCFIPS
Provider: Signature.SHA1WITHRSA verification algorithm from: BCFIPS
Provider: Signature.SHA384WITHECDSA verification algorithm from: BCFIPS
Provider: Signature.SHA384WITHRSA verification algorithm from: BCFIPS
Provider: Signature.SHA1WITHRSA verification algorithm from: BCFIPS
Provider: Signature.SHA384WITHECDSA verification algorithm from: BCFIPS
Provider: Signature.SHA384WITHECDSA verification algorithm from: BCFIPS
Provider: Signature.SHA384WITHECDSA verification algorithm from: BCFIPS
Provider: Signature.SHA512WITHRSA verification algorithm from: BCFIPS
Provider: Signature.SHA256WITHRSA verification algorithm from: BCFIPS
Provider: Signature.SHA256WITHECDSA verification algorithm from: BCFIPS
Provider: Signature.SHA256WITHRSA verification algorithm from: BCFIPS
Provider: Signature.SHA256WITHRSA verification algorithm from: BCFIPS
Provider: Signature.SHA256WITHRSA verification algorithm from: BCFIPS
Provider: Signature.SHA256WITHRSA verification algorithm from: BCFIPS
Provider: Signature.SHA256WITHRSA verification algorithm from: BCFIPS
Provider: Signature.SHA256WITHRSA verification algorithm from: BCFIPS
Provider: Signature.SHA384WITHECDSA verification algorithm from: BCFIPS
Provider: Signature.SHA384WITHECDSA verification algorithm from: BCFIPS
Provider: Signature.SHA256WITHRSA verification algorithm from: BCFIPS
Provider: Signature.SHA256WITHRSA verification algorithm from: BCFIPS
Provider: Signature.SHA384WITHECDSA verification algorithm from: BCFIPS
Provider: Signature.SHA384WITHECDSA verification algorithm from: BCFIPS
Provider: Signature.SHA256WITHRSA verification algorithm from: BCFIPS
Provider: Signature.SHA256WITHRSA verification algorithm from: BCFIPS
Provider: Signature.SHA256WITHRSA verification algorithm from: BCFIPS
Provider: Signature.SHA1WITHRSA verification algorithm from: BCFIPS
Provider: Signature.SHA1WITHRSA verification algorithm from: BCFIPS
Provider: Signature.SHA384WITHECDSA verification algorithm from: BCFIPS
Provider: Signature.SHA256WITHRSA verification algorithm from: BCFIPS
Provider: Signature.SHA512WITHRSA verification algorithm from: BCFIPS
Provider: Signature.SHA512WITHRSA verification algorithm from: BCFIPS
Provider: Signature.SHA256WITHRSA verification algorithm from: BCFIPS
Provider: Signature.SHA384WITHRSA verification algorithm from: BCFIPS
Provider: Signature.SHA384WITHECDSA verification algorithm from: BCFIPS
Provider: Signature.SHA384WITHECDSA verification algorithm from: BCFIPS
Provider: Signature.SHA384WITHECDSA verification algorithm from: BCFIPS
Provider: Signature.SHA256WITHRSA verification algorithm from: BCFIPS
Provider: Signature.SHA1WITHRSA verification algorithm from: BCFIPS
Provider: Signature.SHA1WITHRSA verification algorithm from: BCFIPS
Provider: Signature.SHA256WITHRSA verification algorithm from: BCFIPS
Provider: Signature.SHA384WITHECDSA verification algorithm from: BCFIPS
Provider: Signature.SHA256WITHRSA verification algorithm from: BCFIPS
Provider: Signature.SHA256WITHRSA verification algorithm from: BCFIPS
Provider: Signature.SHA256WITHRSA verification algorithm from: BCFIPS
Provider: Signature.SHA256WITHRSA verification algorithm from: BCFIPS
Provider: Signature.SHA256WITHRSA verification algorithm from: BCFIPS
Provider: MessageDigest.SHA-256 algorithm from: SUN
Provider: MessageDigest.SHA-256 algorithm from: SUN
Provider: Signature.SHA256withRSA verification algorithm from: SunRsaSign
Provider: MessageDigest.SHA-256 algorithm from: SUN
Provider: MessageDigest.SHA-256 algorithm from: SUN
Provider: Signature.SHA256withDSA verification algorithm from: SUN
Provider: MessageDigest.SHA-256 algorithm from: SUN
Provider: SecureRandom.DEFAULT algorithm from: BCFIPS
Provider: SecureRandom.null algorithm from: BCFIPS
Provider: KeyPairGenerator.EC algorithm from: BCFIPS
Provider: KeyPairGenerator.EC algorithm from: BCFIPS
Provider: KeyPairGenerator.EC algorithm from: BCFIPS
Provider: SecureRandom.null algorithm from: BCFIPS
2026-06-10 06:48:08,656 DEBUG [org.keycloak.crypto.fips.FIPS1402Provider] (main) Could not detect if FIPS is enabled from the host: java.nio.file.NoSuchFileException: /proc/sys/crypto/fips_enabled
	at java.base/sun.nio.fs.UnixException.translateToIOException(UnixException.java:92)
	at java.base/sun.nio.fs.UnixException.rethrowAsIOException(UnixException.java:106)
	at java.base/sun.nio.fs.UnixException.rethrowAsIOException(UnixException.java:111)
	at java.base/sun.nio.fs.UnixFileSystemProvider.newByteChannel(UnixFileSystemProvider.java:261)
	at java.base/java.nio.file.Files.newByteChannel(Files.java:380)
	at java.base/java.nio.file.Files.newByteChannel(Files.java:432)
	at java.base/java.nio.file.spi.FileSystemProvider.newInputStream(FileSystemProvider.java:420)
	at java.base/java.nio.file.Files.newInputStream(Files.java:160)
	at org.keycloak.crypto.fips.FIPS1402Provider.isSystemFipsEnabled(FIPS1402Provider.java:406)
	at org.keycloak.crypto.fips.FIPS1402Provider.<init>(FIPS1402Provider.java:103)
	at org.keycloak.crypto.fips.Fips1402StrictCryptoProvider.<init>(Fips1402StrictCryptoProvider.java:12)
	at java.base/jdk.internal.reflect.DirectConstructorHandleAccessor.newInstance(DirectConstructorHandleAccessor.java:62)
	at java.base/java.lang.reflect.Constructor.newInstanceWithCaller(Constructor.java:502)
	at java.base/java.lang.reflect.Constructor.newInstance(Constructor.java:486)
	at org.keycloak.quarkus.runtime.KeycloakRecorder.setCryptoProvider(KeycloakRecorder.java:205)
	at io.quarkus.runner.recorded.KeycloakProcessor$setCryptoProvider946368736.deploy_0(Unknown Source)
	at io.quarkus.runner.recorded.KeycloakProcessor$setCryptoProvider946368736.deploy(Unknown Source)
	at io.quarkus.runner.ApplicationImpl.<clinit>(Unknown Source)
	at java.base/jdk.internal.misc.Unsafe.allocateInstance(Native Method)
	at java.base/java.lang.invoke.DirectMethodHandle.allocateInstance(DirectMethodHandle.java:501)
	at io.quarkus.runtime.Quarkus.run(Quarkus.java:78)
	at org.keycloak.quarkus.runtime.KeycloakMain.start(KeycloakMain.java:145)
	at org.keycloak.quarkus.runtime.cli.Picocli.start(Picocli.java:913)
	at org.keycloak.quarkus.runtime.cli.command.AbstractAutoBuildCommand.runCommand(AbstractAutoBuildCommand.java:115)
	at org.keycloak.quarkus.runtime.cli.command.AbstractCommand.lambda$call$1(AbstractCommand.java:66)
	at java.base/java.util.Optional.orElseGet(Optional.java:364)
	at org.keycloak.quarkus.runtime.cli.command.AbstractCommand.call(AbstractCommand.java:65)
	at org.keycloak.quarkus.runtime.cli.command.AbstractCommand.call(AbstractCommand.java:34)
	at picocli.CommandLine.executeUserObject(CommandLine.java:2031)
	at picocli.CommandLine.access$1500(CommandLine.java:148)
	at picocli.CommandLine$RunLast.executeUserObjectOfLastSubcommandWithSameParent(CommandLine.java:2469)
	at picocli.CommandLine$RunLast.handle(CommandLine.java:2461)
	at picocli.CommandLine$RunLast.handle(CommandLine.java:2423)
	at picocli.CommandLine$AbstractParseResultHandler.execute(CommandLine.java:2277)
	at picocli.CommandLine$RunLast.execute(CommandLine.java:2425)
	at picocli.CommandLine.execute(CommandLine.java:2174)
	at org.keycloak.quarkus.runtime.cli.Picocli.execute(Picocli.java:197)
	at org.keycloak.quarkus.runtime.cli.Picocli.parseAndRun(Picocli.java:186)
	at org.keycloak.quarkus.runtime.KeycloakMain.main(KeycloakMain.java:117)
	at org.keycloak.quarkus.runtime.KeycloakMain.main(KeycloakMain.java:92)
	at io.quarkus.bootstrap.runner.QuarkusEntryPoint.doRun(QuarkusEntryPoint.java:86)
	at io.quarkus.bootstrap.runner.QuarkusEntryPoint.main(QuarkusEntryPoint.java:37)

2026-06-10 06:48:08,657 DEBUG [org.keycloak.crypto.fips.FIPS1402Provider] (main) Strong secure random available. Algorithm: NativePRNGBlocking, Provider: SUN version 21
2026-06-10 06:48:08,659 INFO  [org.keycloak.crypto.fips.FIPS1402Provider] (main) FIPS1402Provider created: KC(BCFIPS version 2.0102 Approved Mode, FIPS-JVM: unknown)
2026-06-10 06:48:08,659 DEBUG [org.keycloak.crypto.fips.FIPS1402Provider] (main) Inserted security providers: [BCFIPS, BCJSSE]
2026-06-10 06:48:08,660 DEBUG [org.keycloak.common.crypto.CryptoIntegration] (main) Using the crypto provider: org.keycloak.crypto.fips.Fips1402StrictCryptoProvider
2026-06-10 06:48:11,030 INFO  [org.bouncycastle.jsse.provider.PropertyUtils] (main) Found boolean security property [keystore.type.compat]: true
2026-06-10 06:48:11,040 INFO  [org.bouncycastle.jsse.provider.PropertyUtils] (main) Found string security property [jdk.tls.disabledAlgorithms]: MD2, MD5withDSA, MD5withECDSARIPEMD160withRSA, RIPEMD160withECDSA, RIPEMD160withRSAandMGF1, MD5withRSA, SHA1withRSA, SHA1withDSA, SHA1withECDSA, SHA224withDSA, SHA256withDSA, SHA384withDSA, SHA512withDSA, SHA1withRSAandMGF1, RSA keySize < 2048, DSA keySize < 2048, DH keySize < 2048, EC keySize < 256, include jdk.disabled.namedCurves, TLSv1.1, TLSv1, SSLv3, SSLv2, DTLSv1.0, DHE_DSS, RSA_EXPORT, DHE_DSS_EXPORT, DHE_RSA_EXPORT, DH_DSS_EXPORT, DH_RSA_EXPORT, DH_anon, ECDH_anon, DH_RSA, DH_DSS, ECDH, 3DES_EDE_CBC, DES_CBC, RC4_40, RC4_128, DES40_CBC, RC2, anon, NULL, HmacMD5
2026-06-10 06:48:11,040 WARNING [org.bouncycastle.jsse.provider.DisabledAlgorithmConstraints] (main) Ignoring unsupported entry in 'jdk.tls.disabledAlgorithms': include jdk.disabled.namedCurves
2026-06-10 06:48:11,040 INFO  [org.bouncycastle.jsse.provider.PropertyUtils] (main) Found string security property [jdk.certpath.disabledAlgorithms]: MD2, MD5withDSA, MD5withECDSARIPEMD160withRSA, RIPEMD160withECDSA, RIPEMD160withRSAandMGF1, MD5withRSA, SHA1withRSA, SHA1withDSA, SHA1withECDSA, SHA224withDSA, SHA256withDSA, SHA384withDSA, SHA512withDSA, SHA1withRSAandMGF1, RSA keySize < 2048, DSA keySize < 2048, DH keySize < 2048, EC keySize < 256, SHA1, MD5
2026-06-10 06:48:11,801 INFO  [org.infinispan.CONTAINER] (main) ISPN000974: Virtual threads support: enabled
Provider: SecureRandom.NativePRNGBlocking algorithm from: SUN
Provider: SecureRandom.null algorithm from: BCFIPS_RNG
2026-06-10 06:48:12,381 INFO  [org.hibernate.orm.jdbc.batch] (JPA Startup Thread) HHH100501: Automatic JDBC statement batching enabled (maximum batch size 32)
2026-06-10 06:48:12,400 TRACE [org.keycloak.common.crypto.CryptoIntegration] (main) Java security providers: [ 
 BCFIPS version 2.0102 - class org.bouncycastle.jcajce.provider.BouncyCastleFipsProvider, 
 BCJSSE version 2.0122 - class org.bouncycastle.jsse.provider.BouncyCastleJsseProvider, 
 SUN version 21 - class sun.security.provider.Sun, 
 SunRsaSign version 21 - class sun.security.rsa.SunRsaSign, 
 SunEC version 21 - class sun.security.ec.SunEC, 
 SunJSSE version 21 - class sun.security.ssl.SunJSSE, 
 SunJCE version 21 - class com.sun.crypto.provider.SunJCE, 
 SunJGSS version 21 - class sun.security.jgss.SunProvider, 
 SunSASL version 21 - class com.sun.security.sasl.Provider, 
 XMLDSig version 21 - class org.jcp.xml.dsig.internal.dom.XMLDSigRI, 
 SunPCSC version 21 - class sun.security.smartcardio.SunPCSC, 
 JdkLDAP version 21 - class sun.security.provider.certpath.ldap.JdkLDAP, 
 JdkSASL version 21 - class com.sun.security.sasl.gsskerb.JdkSASL, 
 SunPKCS11 version 21 - class sun.security.pkcs11.SunPKCS11, 
]
2026-06-10 06:48:12,401 TRACE [org.keycloak.common.crypto.CryptoIntegration] (main) Security properties: [ 
 Java security properties file: null
 Default keystore type: pkcs12
 KeyManagerFactory.getDefaultAlgorithm(): X.509
 TrustManagerFactory.getDefaultAlgorithm(): PKIX
 keystore.type.compat: true
 javax.net.ssl.trustStoreType: null
 javax.net.ssl.trustStore: null
 javax.net.ssl.trustStoreProvider: null
 javax.net.ssl.keyStoreType: null
 javax.net.ssl.keyStore: null
 javax.net.ssl.keyStoreProvider: null
]
Provider: MessageDigest.MD5 algorithm from: SUN
2026-06-10 06:48:12,842 INFO  [org.keycloak.quarkus.runtime.storage.database.liquibase.QuarkusJpaUpdaterProvider] (main) Initializing database schema. Using changelog META-INF/jpa-changelog-master.xml
Provider: MessageDigest.MD5 algorithm from: SUN
Provider: MessageDigest.MD5 algorithm from: SUN
Provider: MessageDigest.MD5 algorithm from: SUN
Provider: MessageDigest.MD5 algorithm from: SUN
Provider: MessageDigest.MD5 algorithm from: SUN
Provider: MessageDigest.MD5 algorithm from: SUN
Provider: MessageDigest.MD5 algorithm from: SUN
Provider: MessageDigest.MD5 algorithm from: SUN
Provider: MessageDigest.MD5 algorithm from: SUN
Provider: MessageDigest.MD5 algorithm from: SUN
Provider: MessageDigest.MD5 algorithm from: SUN
Provider: MessageDigest.MD5 algorithm from: SUN
Provider: MessageDigest.MD5 algorithm from: SUN
Provider: MessageDigest.MD5 algorithm from: SUN
Provider: MessageDigest.MD5 algorithm from: SUN
Provider: MessageDigest.MD5 algorithm from: SUN
Provider: MessageDigest.MD5 algorithm from: SUN
Provider: MessageDigest.MD5 algorithm from: SUN
Provider: MessageDigest.MD5 algorithm from: SUN
Provider: MessageDigest.MD5 algorithm from: SUN
Provider: MessageDigest.MD5 algorithm from: SUN
Provider: MessageDigest.MD5 algorithm from: SUN
Provider: MessageDigest.MD5 algorithm from: SUN
Provider: MessageDigest.MD5 algorithm from: SUN
Provider: MessageDigest.MD5 algorithm from: SUN
Provider: MessageDigest.MD5 algorithm from: SUN
Provider: MessageDigest.MD5 algorithm from: SUN
Provider: MessageDigest.MD5 algorithm from: SUN
Provider: MessageDigest.MD5 algorithm from: SUN
Provider: MessageDigest.MD5 algorithm from: SUN
Provider: MessageDigest.MD5 algorithm from: SUN
Provider: MessageDigest.MD5 algorithm from: SUN
Provider: MessageDigest.MD5 algorithm from: SUN
Provider: MessageDigest.MD5 algorithm from: SUN
Provider: MessageDigest.MD5 algorithm from: SUN
Provider: MessageDigest.MD5 algorithm from: SUN
Provider: MessageDigest.MD5 algorithm from: SUN
Provider: MessageDigest.MD5 algorithm from: SUN
Provider: MessageDigest.MD5 algorithm from: SUN
Provider: MessageDigest.MD5 algorithm from: SUN
Provider: MessageDigest.MD5 algorithm from: SUN
Provider: MessageDigest.MD5 algorithm from: SUN
Provider: MessageDigest.MD5 algorithm from: SUN
Provider: MessageDigest.MD5 algorithm from: SUN
Provider: MessageDigest.MD5 algorithm from: SUN
Provider: MessageDigest.MD5 algorithm from: SUN
Provider: MessageDigest.MD5 algorithm from: SUN
Provider: MessageDigest.MD5 algorithm from: SUN
Provider: MessageDigest.MD5 algorithm from: SUN
Provider: MessageDigest.MD5 algorithm from: SUN
Provider: MessageDigest.MD5 algorithm from: SUN
Provider: MessageDigest.MD5 algorithm from: SUN
Provider: MessageDigest.MD5 algorithm from: SUN
Provider: MessageDigest.MD5 algorithm from: SUN
Provider: MessageDigest.MD5 algorithm from: SUN
Provider: MessageDigest.MD5 algorithm from: SUN
Provider: MessageDigest.MD5 algorithm from: SUN
Provider: MessageDigest.MD5 algorithm from: SUN
Provider: MessageDigest.MD5 algorithm from: SUN
Provider: MessageDigest.MD5 algorithm from: SUN
Provider: MessageDigest.MD5 algorithm from: SUN
Provider: MessageDigest.MD5 algorithm from: SUN
Provider: MessageDigest.MD5 algorithm from: SUN
Provider: MessageDigest.MD5 algorithm from: SUN
Provider: MessageDigest.MD5 algorithm from: SUN
Provider: MessageDigest.MD5 algorithm from: SUN
Provider: MessageDigest.MD5 algorithm from: SUN
Provider: MessageDigest.MD5 algorithm from: SUN
Provider: MessageDigest.MD5 algorithm from: SUN
Provider: MessageDigest.MD5 algorithm from: SUN
Provider: MessageDigest.MD5 algorithm from: SUN
Provider: MessageDigest.MD5 algorithm from: SUN
Provider: MessageDigest.MD5 algorithm from: SUN
Provider: MessageDigest.MD5 algorithm from: SUN
Provider: MessageDigest.MD5 algorithm from: SUN
Provider: MessageDigest.MD5 algorithm from: SUN
Provider: MessageDigest.MD5 algorithm from: SUN
Provider: MessageDigest.MD5 algorithm from: SUN
Provider: MessageDigest.MD5 algorithm from: SUN
Provider: MessageDigest.MD5 algorithm from: SUN
Provider: MessageDigest.MD5 algorithm from: SUN
Provider: MessageDigest.MD5 algorithm from: SUN
Provider: MessageDigest.MD5 algorithm from: SUN
Provider: MessageDigest.MD5 algorithm from: SUN
Provider: MessageDigest.MD5 algorithm from: SUN
Provider: MessageDigest.MD5 algorithm from: SUN
Provider: MessageDigest.MD5 algorithm from: SUN
Provider: MessageDigest.MD5 algorithm from: SUN
Provider: MessageDigest.MD5 algorithm from: SUN
Provider: MessageDigest.MD5 algorithm from: SUN
Provider: MessageDigest.MD5 algorithm from: SUN
Provider: MessageDigest.MD5 algorithm from: SUN
Provider: MessageDigest.MD5 algorithm from: SUN
Provider: MessageDigest.MD5 algorithm from: SUN
Provider: MessageDigest.MD5 algorithm from: SUN
Provider: MessageDigest.MD5 algorithm from: SUN
Provider: MessageDigest.MD5 algorithm from: SUN
Provider: MessageDigest.MD5 algorithm from: SUN
Provider: MessageDigest.MD5 algorithm from: SUN
Provider: MessageDigest.MD5 algorithm from: SUN
Provider: MessageDigest.MD5 algorithm from: SUN
Provider: MessageDigest.MD5 algorithm from: SUN
Provider: MessageDigest.MD5 algorithm from: SUN
Provider: MessageDigest.MD5 algorithm from: SUN
Provider: MessageDigest.MD5 algorithm from: SUN
Provider: MessageDigest.MD5 algorithm from: SUN
Provider: MessageDigest.MD5 algorithm from: SUN
Provider: MessageDigest.MD5 algorithm from: SUN
Provider: MessageDigest.MD5 algorithm from: SUN
Provider: MessageDigest.MD5 algorithm from: SUN
Provider: MessageDigest.MD5 algorithm from: SUN
Provider: MessageDigest.MD5 algorithm from: SUN
Provider: MessageDigest.MD5 algorithm from: SUN
Provider: MessageDigest.MD5 algorithm from: SUN
Provider: MessageDigest.MD5 algorithm from: SUN
Provider: MessageDigest.MD5 algorithm from: SUN
Provider: MessageDigest.MD5 algorithm from: SUN
Provider: MessageDigest.MD5 algorithm from: SUN
Provider: MessageDigest.MD5 algorithm from: SUN
Provider: MessageDigest.MD5 algorithm from: SUN
Provider: MessageDigest.MD5 algorithm from: SUN
Provider: MessageDigest.MD5 algorithm from: SUN
Provider: MessageDigest.MD5 algorithm from: SUN
Provider: MessageDigest.MD5 algorithm from: SUN
Provider: MessageDigest.MD5 algorithm from: SUN
Provider: MessageDigest.MD5 algorithm from: SUN
Provider: MessageDigest.MD5 algorithm from: SUN
Provider: MessageDigest.MD5 algorithm from: SUN
Provider: MessageDigest.MD5 algorithm from: SUN
Provider: MessageDigest.MD5 algorithm from: SUN
Provider: MessageDigest.MD5 algorithm from: SUN
Provider: MessageDigest.MD5 algorithm from: SUN
Provider: MessageDigest.MD5 algorithm from: SUN
Provider: MessageDigest.MD5 algorithm from: SUN
Provider: MessageDigest.MD5 algorithm from: SUN
Provider: MessageDigest.MD5 algorithm from: SUN
Provider: MessageDigest.MD5 algorithm from: SUN
Provider: MessageDigest.MD5 algorithm from: SUN
Provider: MessageDigest.MD5 algorithm from: SUN
Provider: MessageDigest.MD5 algorithm from: SUN
Provider: MessageDigest.MD5 algorithm from: SUN
Provider: MessageDigest.MD5 algorithm from: SUN
Provider: MessageDigest.MD5 algorithm from: SUN
Provider: MessageDigest.MD5 algorithm from: SUN
Provider: MessageDigest.MD5 algorithm from: SUN
Provider: MessageDigest.MD5 algorithm from: SUN
Provider: MessageDigest.MD5 algorithm from: SUN
Provider: MessageDigest.MD5 algorithm from: SUN
Provider: MessageDigest.MD5 algorithm from: SUN
Provider: MessageDigest.MD5 algorithm from: SUN
Provider: MessageDigest.MD5 algorithm from: SUN
Provider: MessageDigest.MD5 algorithm from: SUN
Provider: MessageDigest.MD5 algorithm from: SUN
Provider: MessageDigest.MD5 algorithm from: SUN
Provider: MessageDigest.MD5 algorithm from: SUN
Provider: MessageDigest.MD5 algorithm from: SUN
Provider: MessageDigest.MD5 algorithm from: SUN
Provider: MessageDigest.MD5 algorithm from: SUN
Provider: MessageDigest.MD5 algorithm from: SUN
Provider: MessageDigest.MD5 algorithm from: SUN
Provider: MessageDigest.MD5 algorithm from: SUN
Provider: MessageDigest.MD5 algorithm from: SUN
Provider: MessageDigest.MD5 algorithm from: SUN
Provider: MessageDigest.MD5 algorithm from: SUN
Provider: MessageDigest.MD5 algorithm from: SUN
Provider: MessageDigest.MD5 algorithm from: SUN
Provider: MessageDigest.MD5 algorithm from: SUN
Provider: MessageDigest.MD5 algorithm from: SUN
Provider: MessageDigest.MD5 algorithm from: SUN
Provider: MessageDigest.MD5 algorithm from: SUN
Provider: MessageDigest.MD5 algorithm from: SUN
Provider: MessageDigest.MD5 algorithm from: SUN
Provider: MessageDigest.MD5 algorithm from: SUN
Provider: MessageDigest.MD5 algorithm from: SUN
Provider: MessageDigest.MD5 algorithm from: SUN
Provider: MessageDigest.MD5 algorithm from: SUN
Provider: MessageDigest.MD5 algorithm from: SUN
Provider: MessageDigest.MD5 algorithm from: SUN
Provider: MessageDigest.MD5 algorithm from: SUN
Provider: MessageDigest.MD5 algorithm from: SUN
Provider: MessageDigest.MD5 algorithm from: SUN
Provider: MessageDigest.MD5 algorithm from: SUN
Provider: MessageDigest.MD5 algorithm from: SUN
Provider: MessageDigest.MD5 algorithm from: SUN
Provider: MessageDigest.MD5 algorithm from: SUN
Provider: MessageDigest.MD5 algorithm from: SUN
Provider: MessageDigest.MD5 algorithm from: SUN
Provider: MessageDigest.MD5 algorithm from: SUN
Provider: MessageDigest.MD5 algorithm from: SUN
Provider: MessageDigest.MD5 algorithm from: SUN
Provider: MessageDigest.MD5 algorithm from: SUN
Provider: MessageDigest.MD5 algorithm from: SUN
Provider: MessageDigest.MD5 algorithm from: SUN
Provider: MessageDigest.MD5 algorithm from: SUN
Provider: MessageDigest.MD5 algorithm from: SUN
Provider: MessageDigest.MD5 algorithm from: SUN
Provider: MessageDigest.MD5 algorithm from: SUN
Provider: MessageDigest.MD5 algorithm from: SUN
Provider: MessageDigest.MD5 algorithm from: SUN
Provider: MessageDigest.MD5 algorithm from: SUN
Provider: MessageDigest.MD5 algorithm from: SUN
Provider: MessageDigest.MD5 algorithm from: SUN
Provider: MessageDigest.MD5 algorithm from: SUN
Provider: MessageDigest.MD5 algorithm from: SUN
Provider: MessageDigest.MD5 algorithm from: SUN
Provider: MessageDigest.MD5 algorithm from: SUN
Provider: MessageDigest.MD5 algorithm from: SUN
Provider: MessageDigest.MD5 algorithm from: SUN
Provider: MessageDigest.MD5 algorithm from: SUN
Provider: MessageDigest.MD5 algorithm from: SUN
Provider: MessageDigest.MD5 algorithm from: SUN
Provider: MessageDigest.MD5 algorithm from: SUN
Provider: MessageDigest.MD5 algorithm from: SUN
Provider: MessageDigest.MD5 algorithm from: SUN
Provider: MessageDigest.MD5 algorithm from: SUN
Provider: MessageDigest.MD5 algorithm from: SUN
Provider: MessageDigest.MD5 algorithm from: SUN
Provider: MessageDigest.MD5 algorithm from: SUN
Provider: MessageDigest.MD5 algorithm from: SUN
Provider: MessageDigest.MD5 algorithm from: SUN
Provider: MessageDigest.MD5 algorithm from: SUN
Provider: MessageDigest.MD5 algorithm from: SUN
Provider: MessageDigest.MD5 algorithm from: SUN
Provider: MessageDigest.MD5 algorithm from: SUN
Provider: MessageDigest.MD5 algorithm from: SUN
Provider: MessageDigest.MD5 algorithm from: SUN
Provider: MessageDigest.MD5 algorithm from: SUN
Provider: MessageDigest.MD5 algorithm from: SUN
Provider: MessageDigest.MD5 algorithm from: SUN
Provider: MessageDigest.MD5 algorithm from: SUN
Provider: MessageDigest.MD5 algorithm from: SUN
Provider: MessageDigest.MD5 algorithm from: SUN
Provider: MessageDigest.MD5 algorithm from: SUN
Provider: MessageDigest.MD5 algorithm from: SUN
Provider: MessageDigest.MD5 algorithm from: SUN
Provider: MessageDigest.MD5 algorithm from: SUN
Provider: MessageDigest.MD5 algorithm from: SUN
Provider: MessageDigest.MD5 algorithm from: SUN
Provider: MessageDigest.MD5 algorithm from: SUN
Provider: MessageDigest.MD5 algorithm from: SUN
Provider: MessageDigest.MD5 algorithm from: SUN
Provider: MessageDigest.MD5 algorithm from: SUN
Provider: MessageDigest.MD5 algorithm from: SUN
Provider: MessageDigest.MD5 algorithm from: SUN
Provider: MessageDigest.MD5 algorithm from: SUN
Provider: MessageDigest.MD5 algorithm from: SUN
Provider: MessageDigest.MD5 algorithm from: SUN
Provider: MessageDigest.MD5 algorithm from: SUN
Provider: MessageDigest.MD5 algorithm from: SUN
Provider: MessageDigest.MD5 algorithm from: SUN
Provider: MessageDigest.MD5 algorithm from: SUN
Provider: MessageDigest.MD5 algorithm from: SUN
Provider: MessageDigest.MD5 algorithm from: SUN
Provider: MessageDigest.MD5 algorithm from: SUN
Provider: MessageDigest.MD5 algorithm from: SUN
Provider: MessageDigest.MD5 algorithm from: SUN
Provider: MessageDigest.MD5 algorithm from: SUN
Provider: MessageDigest.MD5 algorithm from: SUN
Provider: MessageDigest.MD5 algorithm from: SUN
Provider: MessageDigest.MD5 algorithm from: SUN
Provider: MessageDigest.MD5 algorithm from: SUN
Provider: MessageDigest.MD5 algorithm from: SUN
Provider: MessageDigest.MD5 algorithm from: SUN
Provider: MessageDigest.MD5 algorithm from: SUN
Provider: MessageDigest.MD5 algorithm from: SUN
Provider: MessageDigest.MD5 algorithm from: SUN
Provider: MessageDigest.MD5 algorithm from: SUN
Provider: MessageDigest.MD5 algorithm from: SUN
Provider: MessageDigest.MD5 algorithm from: SUN
Provider: MessageDigest.MD5 algorithm from: SUN
Provider: MessageDigest.MD5 algorithm from: SUN
Provider: MessageDigest.MD5 algorithm from: SUN
Provider: MessageDigest.MD5 algorithm from: SUN
Provider: MessageDigest.MD5 algorithm from: SUN
Provider: MessageDigest.MD5 algorithm from: SUN
Provider: MessageDigest.MD5 algorithm from: SUN
Provider: MessageDigest.MD5 algorithm from: SUN
Provider: MessageDigest.MD5 algorithm from: SUN
Provider: MessageDigest.MD5 algorithm from: SUN
Provider: MessageDigest.MD5 algorithm from: SUN
Provider: MessageDigest.MD5 algorithm from: SUN
Provider: MessageDigest.MD5 algorithm from: SUN
Provider: MessageDigest.MD5 algorithm from: SUN
Provider: MessageDigest.MD5 algorithm from: SUN
Provider: MessageDigest.MD5 algorithm from: SUN
Provider: MessageDigest.MD5 algorithm from: SUN
Provider: MessageDigest.MD5 algorithm from: SUN
Provider: MessageDigest.MD5 algorithm from: SUN
Provider: MessageDigest.MD5 algorithm from: SUN
Provider: MessageDigest.MD5 algorithm from: SUN
Provider: MessageDigest.MD5 algorithm from: SUN
Provider: MessageDigest.MD5 algorithm from: SUN
Provider: MessageDigest.MD5 algorithm from: SUN
Provider: MessageDigest.MD5 algorithm from: SUN
Provider: MessageDigest.MD5 algorithm from: SUN
Provider: MessageDigest.MD5 algorithm from: SUN
Provider: MessageDigest.MD5 algorithm from: SUN
Provider: MessageDigest.MD5 algorithm from: SUN
Provider: MessageDigest.MD5 algorithm from: SUN
Provider: MessageDigest.MD5 algorithm from: SUN
Provider: MessageDigest.MD5 algorithm from: SUN
Provider: MessageDigest.MD5 algorithm from: SUN
Provider: MessageDigest.MD5 algorithm from: SUN
Provider: MessageDigest.MD5 algorithm from: SUN
Provider: MessageDigest.MD5 algorithm from: SUN
Provider: MessageDigest.MD5 algorithm from: SUN
Provider: MessageDigest.MD5 algorithm from: SUN
Provider: MessageDigest.MD5 algorithm from: SUN
Provider: MessageDigest.MD5 algorithm from: SUN
Provider: MessageDigest.MD5 algorithm from: SUN
Provider: MessageDigest.MD5 algorithm from: SUN
Provider: MessageDigest.MD5 algorithm from: SUN
Provider: MessageDigest.MD5 algorithm from: SUN
Provider: MessageDigest.MD5 algorithm from: SUN
Provider: MessageDigest.MD5 algorithm from: SUN
Provider: MessageDigest.MD5 algorithm from: SUN
Provider: MessageDigest.MD5 algorithm from: SUN
Provider: MessageDigest.MD5 algorithm from: SUN
Provider: MessageDigest.MD5 algorithm from: SUN
Provider: MessageDigest.MD5 algorithm from: SUN
Provider: MessageDigest.MD5 algorithm from: SUN
Provider: MessageDigest.MD5 algorithm from: SUN
Provider: MessageDigest.MD5 algorithm from: SUN
Provider: MessageDigest.MD5 algorithm from: SUN
Provider: MessageDigest.MD5 algorithm from: SUN
Provider: MessageDigest.MD5 algorithm from: SUN
Provider: MessageDigest.MD5 algorithm from: SUN
Provider: MessageDigest.MD5 algorithm from: SUN
Provider: MessageDigest.MD5 algorithm from: SUN
Provider: MessageDigest.MD5 algorithm from: SUN
Provider: MessageDigest.MD5 algorithm from: SUN
Provider: MessageDigest.MD5 algorithm from: SUN
Provider: MessageDigest.MD5 algorithm from: SUN
Provider: MessageDigest.MD5 algorithm from: SUN
Provider: MessageDigest.MD5 algorithm from: SUN
Provider: MessageDigest.MD5 algorithm from: SUN
Provider: MessageDigest.MD5 algorithm from: SUN
Provider: MessageDigest.MD5 algorithm from: SUN
Provider: MessageDigest.MD5 algorithm from: SUN
Provider: MessageDigest.MD5 algorithm from: SUN
Provider: MessageDigest.MD5 algorithm from: SUN
Provider: MessageDigest.MD5 algorithm from: SUN
Provider: MessageDigest.MD5 algorithm from: SUN
Provider: MessageDigest.MD5 algorithm from: SUN
Provider: MessageDigest.MD5 algorithm from: SUN
Provider: MessageDigest.MD5 algorithm from: SUN
Provider: MessageDigest.MD5 algorithm from: SUN
Provider: MessageDigest.MD5 algorithm from: SUN
Provider: MessageDigest.MD5 algorithm from: SUN
Provider: MessageDigest.MD5 algorithm from: SUN
Provider: MessageDigest.MD5 algorithm from: SUN
Provider: MessageDigest.MD5 algorithm from: SUN
Provider: MessageDigest.MD5 algorithm from: SUN
Provider: MessageDigest.MD5 algorithm from: SUN
Provider: MessageDigest.MD5 algorithm from: SUN
Provider: MessageDigest.MD5 algorithm from: SUN
Provider: MessageDigest.MD5 algorithm from: SUN
Provider: MessageDigest.MD5 algorithm from: SUN
Provider: MessageDigest.MD5 algorithm from: SUN
Provider: MessageDigest.MD5 algorithm from: SUN
Provider: MessageDigest.MD5 algorithm from: SUN
Provider: MessageDigest.MD5 algorithm from: SUN
Provider: MessageDigest.MD5 algorithm from: SUN
Provider: MessageDigest.MD5 algorithm from: SUN
Provider: MessageDigest.MD5 algorithm from: SUN
Provider: MessageDigest.MD5 algorithm from: SUN
Provider: MessageDigest.MD5 algorithm from: SUN
Provider: MessageDigest.MD5 algorithm from: SUN
Provider: MessageDigest.MD5 algorithm from: SUN
Provider: MessageDigest.MD5 algorithm from: SUN
Provider: MessageDigest.MD5 algorithm from: SUN
Provider: MessageDigest.MD5 algorithm from: SUN
Provider: MessageDigest.MD5 algorithm from: SUN
Provider: MessageDigest.MD5 algorithm from: SUN
Provider: MessageDigest.MD5 algorithm from: SUN
Provider: MessageDigest.MD5 algorithm from: SUN
Provider: MessageDigest.MD5 algorithm from: SUN
Provider: MessageDigest.MD5 algorithm from: SUN
Provider: MessageDigest.MD5 algorithm from: SUN
Provider: MessageDigest.MD5 algorithm from: SUN
Provider: MessageDigest.MD5 algorithm from: SUN
Provider: MessageDigest.MD5 algorithm from: SUN
Provider: MessageDigest.MD5 algorithm from: SUN
Provider: MessageDigest.MD5 algorithm from: SUN
Provider: MessageDigest.MD5 algorithm from: SUN
Provider: MessageDigest.MD5 algorithm from: SUN
Provider: MessageDigest.MD5 algorithm from: SUN
Provider: MessageDigest.MD5 algorithm from: SUN
Provider: MessageDigest.MD5 algorithm from: SUN
Provider: MessageDigest.MD5 algorithm from: SUN
Provider: MessageDigest.MD5 algorithm from: SUN
Provider: MessageDigest.MD5 algorithm from: SUN
Provider: MessageDigest.MD5 algorithm from: SUN
Provider: MessageDigest.MD5 algorithm from: SUN
Provider: MessageDigest.MD5 algorithm from: SUN
Provider: MessageDigest.MD5 algorithm from: SUN
Provider: MessageDigest.MD5 algorithm from: SUN
Provider: MessageDigest.MD5 algorithm from: SUN
Provider: MessageDigest.MD5 algorithm from: SUN
Provider: MessageDigest.MD5 algorithm from: SUN
Provider: MessageDigest.MD5 algorithm from: SUN
Provider: MessageDigest.MD5 algorithm from: SUN
Provider: MessageDigest.MD5 algorithm from: SUN
Provider: MessageDigest.MD5 algorithm from: SUN
Provider: MessageDigest.MD5 algorithm from: SUN
Provider: MessageDigest.MD5 algorithm from: SUN
Provider: MessageDigest.MD5 algorithm from: SUN
Provider: MessageDigest.MD5 algorithm from: SUN
Provider: MessageDigest.MD5 algorithm from: SUN
Provider: MessageDigest.MD5 algorithm from: SUN
Provider: MessageDigest.MD5 algorithm from: SUN
Provider: MessageDigest.MD5 algorithm from: SUN
Provider: MessageDigest.MD5 algorithm from: SUN
Provider: MessageDigest.MD5 algorithm from: SUN
Provider: MessageDigest.MD5 algorithm from: SUN
Provider: MessageDigest.MD5 algorithm from: SUN
Provider: MessageDigest.MD5 algorithm from: SUN
Provider: MessageDigest.MD5 algorithm from: SUN
Provider: MessageDigest.MD5 algorithm from: SUN
Provider: MessageDigest.MD5 algorithm from: SUN
Provider: MessageDigest.MD5 algorithm from: SUN
Provider: MessageDigest.MD5 algorithm from: SUN
Provider: MessageDigest.MD5 algorithm from: SUN
Provider: MessageDigest.MD5 algorithm from: SUN
Provider: MessageDigest.MD5 algorithm from: SUN
Provider: MessageDigest.MD5 algorithm from: SUN
Provider: MessageDigest.MD5 algorithm from: SUN
Provider: MessageDigest.MD5 algorithm from: SUN
Provider: MessageDigest.MD5 algorithm from: SUN
Provider: MessageDigest.MD5 algorithm from: SUN
Provider: MessageDigest.MD5 algorithm from: SUN
Provider: MessageDigest.MD5 algorithm from: SUN
Provider: MessageDigest.MD5 algorithm from: SUN
Provider: MessageDigest.MD5 algorithm from: SUN
Provider: MessageDigest.MD5 algorithm from: SUN
Provider: MessageDigest.MD5 algorithm from: SUN
Provider: MessageDigest.MD5 algorithm from: SUN
Provider: MessageDigest.MD5 algorithm from: SUN
Provider: MessageDigest.MD5 algorithm from: SUN
Provider: MessageDigest.MD5 algorithm from: SUN
Provider: MessageDigest.MD5 algorithm from: SUN
Provider: MessageDigest.MD5 algorithm from: SUN
Provider: MessageDigest.MD5 algorithm from: SUN
Provider: MessageDigest.MD5 algorithm from: SUN
Provider: MessageDigest.MD5 algorithm from: SUN
Provider: MessageDigest.MD5 algorithm from: SUN
Provider: MessageDigest.MD5 algorithm from: SUN
Provider: MessageDigest.MD5 algorithm from: SUN
Provider: MessageDigest.MD5 algorithm from: SUN
Provider: MessageDigest.MD5 algorithm from: SUN
Provider: MessageDigest.MD5 algorithm from: SUN
Provider: MessageDigest.MD5 algorithm from: SUN
Provider: MessageDigest.MD5 algorithm from: SUN
Provider: MessageDigest.MD5 algorithm from: SUN
Provider: MessageDigest.MD5 algorithm from: SUN
Provider: MessageDigest.MD5 algorithm from: SUN
Provider: MessageDigest.MD5 algorithm from: SUN
Provider: MessageDigest.MD5 algorithm from: SUN
Provider: MessageDigest.MD5 algorithm from: SUN
Provider: MessageDigest.MD5 algorithm from: SUN
Provider: MessageDigest.MD5 algorithm from: SUN
Provider: MessageDigest.MD5 algorithm from: SUN
Provider: MessageDigest.MD5 algorithm from: SUN
Provider: MessageDigest.MD5 algorithm from: SUN
Provider: MessageDigest.MD5 algorithm from: SUN
Provider: MessageDigest.MD5 algorithm from: SUN
Provider: MessageDigest.MD5 algorithm from: SUN
Provider: MessageDigest.MD5 algorithm from: SUN
Provider: MessageDigest.MD5 algorithm from: SUN
Provider: MessageDigest.MD5 algorithm from: SUN
Provider: MessageDigest.MD5 algorithm from: SUN
Provider: MessageDigest.MD5 algorithm from: SUN
Provider: MessageDigest.MD5 algorithm from: SUN
Provider: MessageDigest.MD5 algorithm from: SUN
Provider: MessageDigest.MD5 algorithm from: SUN
Provider: MessageDigest.MD5 algorithm from: SUN
Provider: MessageDigest.MD5 algorithm from: SUN
Provider: MessageDigest.MD5 algorithm from: SUN
Provider: MessageDigest.MD5 algorithm from: SUN
Provider: MessageDigest.MD5 algorithm from: SUN
Provider: MessageDigest.MD5 algorithm from: SUN
Provider: MessageDigest.MD5 algorithm from: SUN
Provider: MessageDigest.MD5 algorithm from: SUN
Provider: MessageDigest.MD5 algorithm from: SUN
Provider: MessageDigest.MD5 algorithm from: SUN
Provider: MessageDigest.MD5 algorithm from: SUN
Provider: MessageDigest.MD5 algorithm from: SUN
Provider: MessageDigest.MD5 algorithm from: SUN
Provider: MessageDigest.MD5 algorithm from: SUN
Provider: MessageDigest.MD5 algorithm from: SUN
Provider: MessageDigest.MD5 algorithm from: SUN
Provider: MessageDigest.MD5 algorithm from: SUN
Provider: MessageDigest.MD5 algorithm from: SUN
Provider: MessageDigest.MD5 algorithm from: SUN
Provider: MessageDigest.MD5 algorithm from: SUN
Provider: MessageDigest.MD5 algorithm from: SUN
Provider: MessageDigest.MD5 algorithm from: SUN
Provider: MessageDigest.MD5 algorithm from: SUN
Provider: MessageDigest.MD5 algorithm from: SUN
Provider: MessageDigest.MD5 algorithm from: SUN
Provider: MessageDigest.MD5 algorithm from: SUN
Provider: MessageDigest.MD5 algorithm from: SUN
Provider: MessageDigest.MD5 algorithm from: SUN
Provider: MessageDigest.MD5 algorithm from: SUN
Provider: MessageDigest.MD5 algorithm from: SUN
Provider: MessageDigest.MD5 algorithm from: SUN
Provider: MessageDigest.MD5 algorithm from: SUN
Provider: MessageDigest.MD5 algorithm from: SUN
Provider: MessageDigest.MD5 algorithm from: SUN
Provider: MessageDigest.MD5 algorithm from: SUN
Provider: MessageDigest.MD5 algorithm from: SUN
Provider: MessageDigest.MD5 algorithm from: SUN
Provider: MessageDigest.MD5 algorithm from: SUN
Provider: MessageDigest.MD5 algorithm from: SUN
Provider: MessageDigest.MD5 algorithm from: SUN
Provider: MessageDigest.MD5 algorithm from: SUN
Provider: MessageDigest.MD5 algorithm from: SUN
Provider: MessageDigest.MD5 algorithm from: SUN
Provider: MessageDigest.MD5 algorithm from: SUN
Provider: MessageDigest.MD5 algorithm from: SUN
Provider: MessageDigest.MD5 algorithm from: SUN
Provider: MessageDigest.MD5 algorithm from: SUN
Provider: MessageDigest.MD5 algorithm from: SUN
Provider: MessageDigest.MD5 algorithm from: SUN
Provider: MessageDigest.MD5 algorithm from: SUN
Provider: MessageDigest.MD5 algorithm from: SUN
Provider: MessageDigest.MD5 algorithm from: SUN
Provider: MessageDigest.MD5 algorithm from: SUN
Provider: MessageDigest.MD5 algorithm from: SUN
Provider: MessageDigest.MD5 algorithm from: SUN
Provider: MessageDigest.MD5 algorithm from: SUN
Provider: MessageDigest.MD5 algorithm from: SUN
Provider: MessageDigest.MD5 algorithm from: SUN
Provider: MessageDigest.MD5 algorithm from: SUN
Provider: MessageDigest.MD5 algorithm from: SUN
Provider: MessageDigest.MD5 algorithm from: SUN
Provider: MessageDigest.MD5 algorithm from: SUN
Provider: MessageDigest.MD5 algorithm from: SUN
Provider: MessageDigest.MD5 algorithm from: SUN
Provider: MessageDigest.MD5 algorithm from: SUN
Provider: MessageDigest.MD5 algorithm from: SUN
Provider: MessageDigest.MD5 algorithm from: SUN
Provider: MessageDigest.MD5 algorithm from: SUN
Provider: MessageDigest.MD5 algorithm from: SUN
Provider: MessageDigest.MD5 algorithm from: SUN
Provider: MessageDigest.MD5 algorithm from: SUN
Provider: MessageDigest.MD5 algorithm from: SUN
Provider: MessageDigest.MD5 algorithm from: SUN
Provider: MessageDigest.MD5 algorithm from: SUN
Provider: MessageDigest.MD5 algorithm from: SUN
Provider: MessageDigest.MD5 algorithm from: SUN
Provider: MessageDigest.MD5 algorithm from: SUN
Provider: MessageDigest.MD5 algorithm from: SUN
Provider: MessageDigest.MD5 algorithm from: SUN
Provider: MessageDigest.MD5 algorithm from: SUN
Provider: MessageDigest.MD5 algorithm from: SUN
Provider: MessageDigest.MD5 algorithm from: SUN
Provider: MessageDigest.MD5 algorithm from: SUN
Provider: MessageDigest.MD5 algorithm from: SUN
Provider: MessageDigest.MD5 algorithm from: SUN
Provider: MessageDigest.MD5 algorithm from: SUN
Provider: MessageDigest.MD5 algorithm from: SUN
Provider: MessageDigest.MD5 algorithm from: SUN
Provider: MessageDigest.MD5 algorithm from: SUN
Provider: MessageDigest.MD5 algorithm from: SUN
Provider: MessageDigest.MD5 algorithm from: SUN
Provider: MessageDigest.MD5 algorithm from: SUN
Provider: MessageDigest.MD5 algorithm from: SUN
Provider: MessageDigest.MD5 algorithm from: SUN
Provider: MessageDigest.MD5 algorithm from: SUN
Provider: MessageDigest.MD5 algorithm from: SUN
Provider: MessageDigest.MD5 algorithm from: SUN
Provider: MessageDigest.MD5 algorithm from: SUN
Provider: MessageDigest.MD5 algorithm from: SUN
Provider: MessageDigest.MD5 algorithm from: SUN
Provider: MessageDigest.MD5 algorithm from: SUN
Provider: MessageDigest.MD5 algorithm from: SUN
Provider: MessageDigest.MD5 algorithm from: SUN
Provider: MessageDigest.MD5 algorithm from: SUN
Provider: MessageDigest.MD5 algorithm from: SUN
Provider: MessageDigest.MD5 algorithm from: SUN
Provider: MessageDigest.MD5 algorithm from: SUN
Provider: MessageDigest.MD5 algorithm from: SUN
Provider: MessageDigest.MD5 algorithm from: SUN
Provider: MessageDigest.MD5 algorithm from: SUN
Provider: MessageDigest.MD5 algorithm from: SUN
Provider: MessageDigest.MD5 algorithm from: SUN
Provider: MessageDigest.MD5 algorithm from: SUN
Provider: MessageDigest.MD5 algorithm from: SUN
Provider: MessageDigest.MD5 algorithm from: SUN
Provider: MessageDigest.MD5 algorithm from: SUN
Provider: MessageDigest.MD5 algorithm from: SUN
Provider: MessageDigest.MD5 algorithm from: SUN
Provider: MessageDigest.MD5 algorithm from: SUN
Provider: MessageDigest.MD5 algorithm from: SUN
Provider: MessageDigest.MD5 algorithm from: SUN
Provider: MessageDigest.MD5 algorithm from: SUN
Provider: MessageDigest.MD5 algorithm from: SUN
Provider: MessageDigest.MD5 algorithm from: SUN
Provider: MessageDigest.MD5 algorithm from: SUN
Provider: MessageDigest.MD5 algorithm from: SUN
Provider: MessageDigest.MD5 algorithm from: SUN
Provider: MessageDigest.MD5 algorithm from: SUN
Provider: MessageDigest.MD5 algorithm from: SUN
Provider: MessageDigest.MD5 algorithm from: SUN
Provider: MessageDigest.MD5 algorithm from: SUN
Provider: MessageDigest.MD5 algorithm from: SUN
Provider: MessageDigest.MD5 algorithm from: SUN
Provider: MessageDigest.MD5 algorithm from: SUN
Provider: MessageDigest.MD5 algorithm from: SUN
Provider: MessageDigest.MD5 algorithm from: SUN
Provider: MessageDigest.MD5 algorithm from: SUN
Provider: MessageDigest.MD5 algorithm from: SUN
Provider: MessageDigest.MD5 algorithm from: SUN
Provider: MessageDigest.MD5 algorithm from: SUN
Provider: MessageDigest.MD5 algorithm from: SUN
Provider: MessageDigest.MD5 algorithm from: SUN
Provider: MessageDigest.MD5 algorithm from: SUN
Provider: MessageDigest.MD5 algorithm from: SUN
Provider: MessageDigest.MD5 algorithm from: SUN
Provider: MessageDigest.MD5 algorithm from: SUN
Provider: MessageDigest.MD5 algorithm from: SUN
Provider: MessageDigest.MD5 algorithm from: SUN
Provider: MessageDigest.MD5 algorithm from: SUN
Provider: MessageDigest.MD5 algorithm from: SUN
Provider: MessageDigest.MD5 algorithm from: SUN
Provider: MessageDigest.MD5 algorithm from: SUN
Provider: MessageDigest.MD5 algorithm from: SUN
Provider: MessageDigest.MD5 algorithm from: SUN
Provider: MessageDigest.MD5 algorithm from: SUN
Provider: MessageDigest.MD5 algorithm from: SUN
Provider: MessageDigest.MD5 algorithm from: SUN
Provider: MessageDigest.MD5 algorithm from: SUN
Provider: MessageDigest.MD5 algorithm from: SUN
Provider: MessageDigest.MD5 algorithm from: SUN
Provider: MessageDigest.MD5 algorithm from: SUN
Provider: MessageDigest.MD5 algorithm from: SUN
Provider: MessageDigest.MD5 algorithm from: SUN
Provider: MessageDigest.MD5 algorithm from: SUN
Provider: MessageDigest.MD5 algorithm from: SUN
Provider: MessageDigest.MD5 algorithm from: SUN
Provider: MessageDigest.MD5 algorithm from: SUN
Provider: MessageDigest.MD5 algorithm from: SUN
Provider: MessageDigest.MD5 algorithm from: SUN
Provider: MessageDigest.MD5 algorithm from: SUN
Provider: MessageDigest.MD5 algorithm from: SUN
Provider: MessageDigest.MD5 algorithm from: SUN
Provider: MessageDigest.MD5 algorithm from: SUN
Provider: MessageDigest.MD5 algorithm from: SUN
Provider: MessageDigest.MD5 algorithm from: SUN
Provider: MessageDigest.MD5 algorithm from: SUN
Provider: MessageDigest.MD5 algorithm from: SUN
Provider: MessageDigest.MD5 algorithm from: SUN
Provider: MessageDigest.MD5 algorithm from: SUN
Provider: MessageDigest.MD5 algorithm from: SUN
Provider: MessageDigest.MD5 algorithm from: SUN
Provider: MessageDigest.MD5 algorithm from: SUN
Provider: MessageDigest.MD5 algorithm from: SUN
Provider: MessageDigest.MD5 algorithm from: SUN
Provider: MessageDigest.MD5 algorithm from: SUN
Provider: MessageDigest.MD5 algorithm from: SUN
Provider: MessageDigest.MD5 algorithm from: SUN
Provider: MessageDigest.MD5 algorithm from: SUN
Provider: MessageDigest.MD5 algorithm from: SUN
Provider: MessageDigest.MD5 algorithm from: SUN
Provider: MessageDigest.MD5 algorithm from: SUN
Provider: MessageDigest.MD5 algorithm from: SUN
Provider: MessageDigest.MD5 algorithm from: SUN
Provider: MessageDigest.MD5 algorithm from: SUN
Provider: MessageDigest.MD5 algorithm from: SUN
Provider: MessageDigest.MD5 algorithm from: SUN
Provider: MessageDigest.MD5 algorithm from: SUN
Provider: MessageDigest.MD5 algorithm from: SUN
Provider: MessageDigest.MD5 algorithm from: SUN
Provider: MessageDigest.MD5 algorithm from: SUN
Provider: MessageDigest.MD5 algorithm from: SUN
Provider: MessageDigest.MD5 algorithm from: SUN
Provider: MessageDigest.MD5 algorithm from: SUN
Provider: MessageDigest.MD5 algorithm from: SUN
Provider: MessageDigest.MD5 algorithm from: SUN
Provider: MessageDigest.MD5 algorithm from: SUN
Provider: MessageDigest.MD5 algorithm from: SUN
Provider: MessageDigest.MD5 algorithm from: SUN
Provider: MessageDigest.MD5 algorithm from: SUN
Provider: MessageDigest.MD5 algorithm from: SUN
Provider: MessageDigest.MD5 algorithm from: SUN
Provider: MessageDigest.MD5 algorithm from: SUN
Provider: MessageDigest.MD5 algorithm from: SUN
Provider: MessageDigest.MD5 algorithm from: SUN
Provider: MessageDigest.MD5 algorithm from: SUN
Provider: MessageDigest.MD5 algorithm from: SUN
Provider: MessageDigest.MD5 algorithm from: SUN
Provider: MessageDigest.MD5 algorithm from: SUN
Provider: MessageDigest.MD5 algorithm from: SUN
Provider: MessageDigest.MD5 algorithm from: SUN
Provider: MessageDigest.MD5 algorithm from: SUN
Provider: MessageDigest.MD5 algorithm from: SUN
Provider: MessageDigest.MD5 algorithm from: SUN
Provider: MessageDigest.MD5 algorithm from: SUN
Provider: MessageDigest.MD5 algorithm from: SUN
Provider: MessageDigest.MD5 algorithm from: SUN
Provider: MessageDigest.MD5 algorithm from: SUN
Provider: MessageDigest.MD5 algorithm from: SUN
Provider: MessageDigest.MD5 algorithm from: SUN
Provider: MessageDigest.MD5 algorithm from: SUN
Provider: MessageDigest.MD5 algorithm from: SUN
Provider: MessageDigest.MD5 algorithm from: SUN
Provider: MessageDigest.MD5 algorithm from: SUN
Provider: MessageDigest.MD5 algorithm from: SUN
Provider: MessageDigest.MD5 algorithm from: SUN
Provider: MessageDigest.MD5 algorithm from: SUN
Provider: MessageDigest.MD5 algorithm from: SUN
Provider: MessageDigest.MD5 algorithm from: SUN
Provider: MessageDigest.MD5 algorithm from: SUN
Provider: MessageDigest.MD5 algorithm from: SUN
Provider: MessageDigest.MD5 algorithm from: SUN
Provider: MessageDigest.MD5 algorithm from: SUN
Provider: MessageDigest.MD5 algorithm from: SUN
Provider: MessageDigest.MD5 algorithm from: SUN
Provider: MessageDigest.MD5 algorithm from: SUN
Provider: MessageDigest.MD5 algorithm from: SUN
Provider: MessageDigest.MD5 algorithm from: SUN
Provider: MessageDigest.MD5 algorithm from: SUN
Provider: MessageDigest.MD5 algorithm from: SUN
Provider: MessageDigest.MD5 algorithm from: SUN
Provider: MessageDigest.MD5 algorithm from: SUN
Provider: MessageDigest.MD5 algorithm from: SUN
Provider: MessageDigest.MD5 algorithm from: SUN
Provider: MessageDigest.MD5 algorithm from: SUN
Provider: MessageDigest.MD5 algorithm from: SUN
Provider: MessageDigest.MD5 algorithm from: SUN
Provider: MessageDigest.MD5 algorithm from: SUN
Provider: MessageDigest.MD5 algorithm from: SUN
Provider: MessageDigest.MD5 algorithm from: SUN
Provider: MessageDigest.MD5 algorithm from: SUN
Provider: MessageDigest.MD5 algorithm from: SUN
Provider: MessageDigest.MD5 algorithm from: SUN
Provider: MessageDigest.MD5 algorithm from: SUN
Provider: MessageDigest.MD5 algorithm from: SUN
Provider: MessageDigest.MD5 algorithm from: SUN
Provider: MessageDigest.MD5 algorithm from: SUN
Provider: MessageDigest.MD5 algorithm from: SUN
Provider: MessageDigest.MD5 algorithm from: SUN
Provider: MessageDigest.MD5 algorithm from: SUN
Provider: MessageDigest.MD5 algorithm from: SUN
Provider: MessageDigest.MD5 algorithm from: SUN
Provider: MessageDigest.MD5 algorithm from: SUN
Provider: MessageDigest.MD5 algorithm from: SUN
Provider: MessageDigest.MD5 algorithm from: SUN
Provider: MessageDigest.MD5 algorithm from: SUN
Provider: MessageDigest.MD5 algorithm from: SUN
Provider: MessageDigest.MD5 algorithm from: SUN
Provider: MessageDigest.MD5 algorithm from: SUN
Provider: MessageDigest.MD5 algorithm from: SUN
Provider: MessageDigest.MD5 algorithm from: SUN
Provider: MessageDigest.MD5 algorithm from: SUN
Provider: MessageDigest.MD5 algorithm from: SUN
Provider: MessageDigest.MD5 algorithm from: SUN
Provider: MessageDigest.MD5 algorithm from: SUN
Provider: MessageDigest.MD5 algorithm from: SUN
Provider: MessageDigest.MD5 algorithm from: SUN
Provider: MessageDigest.MD5 algorithm from: SUN
Provider: MessageDigest.MD5 algorithm from: SUN
Provider: MessageDigest.MD5 algorithm from: SUN
Provider: MessageDigest.MD5 algorithm from: SUN
Provider: MessageDigest.MD5 algorithm from: SUN
Provider: MessageDigest.MD5 algorithm from: SUN
Provider: MessageDigest.MD5 algorithm from: SUN
Provider: MessageDigest.MD5 algorithm from: SUN
Provider: MessageDigest.MD5 algorithm from: SUN
Provider: MessageDigest.MD5 algorithm from: SUN
Provider: MessageDigest.MD5 algorithm from: SUN
Provider: MessageDigest.MD5 algorithm from: SUN
Provider: MessageDigest.MD5 algorithm from: SUN
Provider: MessageDigest.MD5 algorithm from: SUN
Provider: MessageDigest.MD5 algorithm from: SUN
Provider: MessageDigest.MD5 algorithm from: SUN
Provider: MessageDigest.MD5 algorithm from: SUN
Provider: MessageDigest.MD5 algorithm from: SUN
Provider: MessageDigest.MD5 algorithm from: SUN
Provider: MessageDigest.MD5 algorithm from: SUN
Provider: MessageDigest.MD5 algorithm from: SUN
Provider: MessageDigest.MD5 algorithm from: SUN
Provider: MessageDigest.MD5 algorithm from: SUN
Provider: MessageDigest.MD5 algorithm from: SUN
Provider: MessageDigest.MD5 algorithm from: SUN
Provider: MessageDigest.MD5 algorithm from: SUN
Provider: MessageDigest.MD5 algorithm from: SUN
Provider: MessageDigest.MD5 algorithm from: SUN
Provider: MessageDigest.MD5 algorithm from: SUN
Provider: MessageDigest.MD5 algorithm from: SUN
Provider: MessageDigest.MD5 algorithm from: SUN
Provider: MessageDigest.MD5 algorithm from: SUN
Provider: MessageDigest.MD5 algorithm from: SUN
Provider: MessageDigest.MD5 algorithm from: SUN
Provider: MessageDigest.MD5 algorithm from: SUN
Provider: MessageDigest.MD5 algorithm from: SUN
Provider: MessageDigest.MD5 algorithm from: SUN
Provider: MessageDigest.MD5 algorithm from: SUN
Provider: MessageDigest.MD5 algorithm from: SUN
Provider: MessageDigest.MD5 algorithm from: SUN
Provider: MessageDigest.MD5 algorithm from: SUN
Provider: MessageDigest.MD5 algorithm from: SUN
Provider: MessageDigest.MD5 algorithm from: SUN
Provider: MessageDigest.MD5 algorithm from: SUN
Provider: MessageDigest.MD5 algorithm from: SUN
Provider: MessageDigest.MD5 algorithm from: SUN
Provider: MessageDigest.MD5 algorithm from: SUN
Provider: MessageDigest.MD5 algorithm from: SUN
Provider: MessageDigest.MD5 algorithm from: SUN
Provider: MessageDigest.MD5 algorithm from: SUN
Provider: MessageDigest.MD5 algorithm from: SUN
Provider: MessageDigest.MD5 algorithm from: SUN
Provider: MessageDigest.MD5 algorithm from: SUN
Provider: MessageDigest.MD5 algorithm from: SUN
Provider: MessageDigest.MD5 algorithm from: SUN
Provider: MessageDigest.MD5 algorithm from: SUN
Provider: MessageDigest.MD5 algorithm from: SUN
Provider: MessageDigest.MD5 algorithm from: SUN
Provider: MessageDigest.MD5 algorithm from: SUN
Provider: MessageDigest.MD5 algorithm from: SUN
Provider: MessageDigest.MD5 algorithm from: SUN
Provider: MessageDigest.MD5 algorithm from: SUN
Provider: MessageDigest.MD5 algorithm from: SUN
Provider: MessageDigest.MD5 algorithm from: SUN
Provider: MessageDigest.MD5 algorithm from: SUN
Provider: MessageDigest.MD5 algorithm from: SUN
Provider: MessageDigest.MD5 algorithm from: SUN
Provider: MessageDigest.MD5 algorithm from: SUN
Provider: MessageDigest.MD5 algorithm from: SUN
Provider: MessageDigest.MD5 algorithm from: SUN
Provider: MessageDigest.MD5 algorithm from: SUN
Provider: MessageDigest.MD5 algorithm from: SUN
Provider: MessageDigest.MD5 algorithm from: SUN
Provider: MessageDigest.MD5 algorithm from: SUN
Provider: MessageDigest.MD5 algorithm from: SUN
Provider: MessageDigest.MD5 algorithm from: SUN
Provider: MessageDigest.MD5 algorithm from: SUN
Provider: MessageDigest.MD5 algorithm from: SUN
Provider: MessageDigest.MD5 algorithm from: SUN
Provider: MessageDigest.MD5 algorithm from: SUN
Provider: MessageDigest.MD5 algorithm from: SUN
Provider: MessageDigest.MD5 algorithm from: SUN
Provider: MessageDigest.MD5 algorithm from: SUN
Provider: MessageDigest.MD5 algorithm from: SUN
Provider: MessageDigest.MD5 algorithm from: SUN
Provider: MessageDigest.MD5 algorithm from: SUN
Provider: MessageDigest.MD5 algorithm from: SUN
Provider: MessageDigest.MD5 algorithm from: SUN
Provider: MessageDigest.MD5 algorithm from: SUN
Provider: MessageDigest.MD5 algorithm from: SUN
Provider: MessageDigest.MD5 algorithm from: SUN
Provider: MessageDigest.MD5 algorithm from: SUN
Provider: MessageDigest.MD5 algorithm from: SUN
Provider: MessageDigest.MD5 algorithm from: SUN
Provider: MessageDigest.MD5 algorithm from: SUN
Provider: MessageDigest.MD5 algorithm from: SUN
Provider: MessageDigest.MD5 algorithm from: SUN
Provider: MessageDigest.MD5 algorithm from: SUN
Provider: MessageDigest.MD5 algorithm from: SUN
Provider: MessageDigest.MD5 algorithm from: SUN
Provider: MessageDigest.MD5 algorithm from: SUN
Provider: MessageDigest.MD5 algorithm from: SUN
Provider: MessageDigest.MD5 algorithm from: SUN
Provider: MessageDigest.MD5 algorithm from: SUN
Provider: MessageDigest.MD5 algorithm from: SUN
Provider: MessageDigest.MD5 algorithm from: SUN
Provider: MessageDigest.MD5 algorithm from: SUN
Provider: MessageDigest.MD5 algorithm from: SUN
Provider: MessageDigest.MD5 algorithm from: SUN
Provider: MessageDigest.MD5 algorithm from: SUN
Provider: MessageDigest.MD5 algorithm from: SUN
Provider: MessageDigest.MD5 algorithm from: SUN
Provider: MessageDigest.MD5 algorithm from: SUN
Provider: MessageDigest.MD5 algorithm from: SUN
Provider: MessageDigest.MD5 algorithm from: SUN
Provider: MessageDigest.MD5 algorithm from: SUN
Provider: MessageDigest.MD5 algorithm from: SUN
Provider: MessageDigest.MD5 algorithm from: SUN
Provider: MessageDigest.MD5 algorithm from: SUN
Provider: MessageDigest.MD5 algorithm from: SUN
Provider: MessageDigest.MD5 algorithm from: SUN
Provider: MessageDigest.MD5 algorithm from: SUN
Provider: MessageDigest.MD5 algorithm from: SUN
Provider: MessageDigest.MD5 algorithm from: SUN
Provider: MessageDigest.MD5 algorithm from: SUN
Provider: MessageDigest.MD5 algorithm from: SUN
Provider: MessageDigest.MD5 algorithm from: SUN
Provider: MessageDigest.MD5 algorithm from: SUN
Provider: MessageDigest.MD5 algorithm from: SUN
Provider: MessageDigest.MD5 algorithm from: SUN
Provider: MessageDigest.MD5 algorithm from: SUN
Provider: MessageDigest.MD5 algorithm from: SUN
Provider: MessageDigest.MD5 algorithm from: SUN
Provider: MessageDigest.MD5 algorithm from: SUN
Provider: MessageDigest.MD5 algorithm from: SUN
Provider: MessageDigest.MD5 algorithm from: SUN
Provider: MessageDigest.MD5 algorithm from: SUN
Provider: MessageDigest.MD5 algorithm from: SUN
Provider: MessageDigest.MD5 algorithm from: SUN
Provider: MessageDigest.MD5 algorithm from: SUN
Provider: MessageDigest.MD5 algorithm from: SUN
Provider: MessageDigest.MD5 algorithm from: SUN
Provider: MessageDigest.MD5 algorithm from: SUN
Provider: MessageDigest.MD5 algorithm from: SUN
Provider: MessageDigest.MD5 algorithm from: SUN
Provider: MessageDigest.MD5 algorithm from: SUN
Provider: MessageDigest.MD5 algorithm from: SUN
Provider: MessageDigest.MD5 algorithm from: SUN
Provider: MessageDigest.MD5 algorithm from: SUN
Provider: MessageDigest.MD5 algorithm from: SUN
Provider: MessageDigest.MD5 algorithm from: SUN
Provider: MessageDigest.MD5 algorithm from: SUN
Provider: MessageDigest.MD5 algorithm from: SUN
Provider: MessageDigest.MD5 algorithm from: SUN
Provider: MessageDigest.MD5 algorithm from: SUN
Provider: MessageDigest.MD5 algorithm from: SUN
Provider: MessageDigest.MD5 algorithm from: SUN
Provider: MessageDigest.MD5 algorithm from: SUN
Provider: MessageDigest.MD5 algorithm from: SUN
Provider: MessageDigest.MD5 algorithm from: SUN
Provider: MessageDigest.MD5 algorithm from: SUN
Provider: MessageDigest.MD5 algorithm from: SUN
Provider: MessageDigest.MD5 algorithm from: SUN
Provider: MessageDigest.MD5 algorithm from: SUN
Provider: MessageDigest.MD5 algorithm from: SUN
Provider: MessageDigest.MD5 algorithm from: SUN
Provider: MessageDigest.MD5 algorithm from: SUN
Provider: MessageDigest.MD5 algorithm from: SUN
Provider: MessageDigest.MD5 algorithm from: SUN
Provider: MessageDigest.MD5 algorithm from: SUN
Provider: MessageDigest.MD5 algorithm from: SUN
Provider: MessageDigest.MD5 algorithm from: SUN
Provider: MessageDigest.MD5 algorithm from: SUN
Provider: MessageDigest.MD5 algorithm from: SUN
Provider: MessageDigest.MD5 algorithm from: SUN
Provider: MessageDigest.MD5 algorithm from: SUN
Provider: MessageDigest.MD5 algorithm from: SUN
Provider: MessageDigest.MD5 algorithm from: SUN
Provider: MessageDigest.MD5 algorithm from: SUN
Provider: MessageDigest.MD5 algorithm from: SUN
Provider: MessageDigest.MD5 algorithm from: SUN
Provider: MessageDigest.MD5 algorithm from: SUN
Provider: MessageDigest.MD5 algorithm from: SUN
Provider: MessageDigest.MD5 algorithm from: SUN
Provider: MessageDigest.MD5 algorithm from: SUN
Provider: MessageDigest.MD5 algorithm from: SUN
Provider: MessageDigest.MD5 algorithm from: SUN
Provider: MessageDigest.MD5 algorithm from: SUN
Provider: MessageDigest.MD5 algorithm from: SUN
Provider: MessageDigest.MD5 algorithm from: SUN
Provider: MessageDigest.MD5 algorithm from: SUN
Provider: MessageDigest.MD5 algorithm from: SUN
Provider: MessageDigest.MD5 algorithm from: SUN
Provider: MessageDigest.MD5 algorithm from: SUN
Provider: MessageDigest.MD5 algorithm from: SUN
Provider: MessageDigest.MD5 algorithm from: SUN
Provider: MessageDigest.MD5 algorithm from: SUN
Provider: MessageDigest.MD5 algorithm from: SUN
Provider: MessageDigest.MD5 algorithm from: SUN
Provider: MessageDigest.MD5 algorithm from: SUN
Provider: MessageDigest.MD5 algorithm from: SUN
Provider: MessageDigest.MD5 algorithm from: SUN
Provider: MessageDigest.MD5 algorithm from: SUN
Provider: MessageDigest.MD5 algorithm from: SUN
Provider: MessageDigest.MD5 algorithm from: SUN
Provider: MessageDigest.MD5 algorithm from: SUN
Provider: MessageDigest.MD5 algorithm from: SUN
Provider: MessageDigest.MD5 algorithm from: SUN
Provider: MessageDigest.MD5 algorithm from: SUN
Provider: MessageDigest.MD5 algorithm from: SUN
Provider: MessageDigest.MD5 algorithm from: SUN
Provider: MessageDigest.MD5 algorithm from: SUN
Provider: MessageDigest.MD5 algorithm from: SUN
Provider: MessageDigest.MD5 algorithm from: SUN
Provider: MessageDigest.MD5 algorithm from: SUN
Provider: MessageDigest.MD5 algorithm from: SUN
Provider: MessageDigest.MD5 algorithm from: SUN
Provider: MessageDigest.MD5 algorithm from: SUN
Provider: MessageDigest.MD5 algorithm from: SUN
Provider: MessageDigest.MD5 algorithm from: SUN
Provider: MessageDigest.MD5 algorithm from: SUN
Provider: MessageDigest.MD5 algorithm from: SUN
Provider: MessageDigest.MD5 algorithm from: SUN
Provider: MessageDigest.MD5 algorithm from: SUN
Provider: MessageDigest.MD5 algorithm from: SUN
Provider: MessageDigest.MD5 algorithm from: SUN
Provider: MessageDigest.MD5 algorithm from: SUN
Provider: MessageDigest.MD5 algorithm from: SUN
Provider: MessageDigest.MD5 algorithm from: SUN
Provider: MessageDigest.MD5 algorithm from: SUN
Provider: MessageDigest.MD5 algorithm from: SUN
Provider: MessageDigest.MD5 algorithm from: SUN
Provider: MessageDigest.MD5 algorithm from: SUN
Provider: MessageDigest.MD5 algorithm from: SUN
Provider: MessageDigest.MD5 algorithm from: SUN
Provider: MessageDigest.MD5 algorithm from: SUN
Provider: MessageDigest.MD5 algorithm from: SUN
Provider: MessageDigest.MD5 algorithm from: SUN
Provider: MessageDigest.MD5 algorithm from: SUN
Provider: MessageDigest.MD5 algorithm from: SUN
Provider: MessageDigest.MD5 algorithm from: SUN
Provider: MessageDigest.MD5 algorithm from: SUN
Provider: MessageDigest.MD5 algorithm from: SUN
Provider: MessageDigest.MD5 algorithm from: SUN
Provider: MessageDigest.MD5 algorithm from: SUN
Provider: MessageDigest.MD5 algorithm from: SUN
Provider: MessageDigest.MD5 algorithm from: SUN
Provider: MessageDigest.MD5 algorithm from: SUN
Provider: MessageDigest.MD5 algorithm from: SUN
Provider: MessageDigest.MD5 algorithm from: SUN
Provider: MessageDigest.MD5 algorithm from: SUN
Provider: MessageDigest.MD5 algorithm from: SUN
Provider: MessageDigest.MD5 algorithm from: SUN
Provider: MessageDigest.MD5 algorithm from: SUN
Provider: MessageDigest.MD5 algorithm from: SUN
Provider: MessageDigest.MD5 algorithm from: SUN
Provider: MessageDigest.MD5 algorithm from: SUN
Provider: MessageDigest.MD5 algorithm from: SUN
Provider: MessageDigest.MD5 algorithm from: SUN
Provider: MessageDigest.MD5 algorithm from: SUN
Provider: MessageDigest.MD5 algorithm from: SUN
Provider: MessageDigest.MD5 algorithm from: SUN
Provider: MessageDigest.MD5 algorithm from: SUN
Provider: MessageDigest.MD5 algorithm from: SUN
Provider: MessageDigest.MD5 algorithm from: SUN
Provider: MessageDigest.MD5 algorithm from: SUN
Provider: MessageDigest.MD5 algorithm from: SUN
Provider: MessageDigest.MD5 algorithm from: SUN
Provider: MessageDigest.MD5 algorithm from: SUN
Provider: MessageDigest.MD5 algorithm from: SUN
Provider: MessageDigest.MD5 algorithm from: SUN
Provider: MessageDigest.MD5 algorithm from: SUN
Provider: MessageDigest.MD5 algorithm from: SUN
Provider: MessageDigest.MD5 algorithm from: SUN
Provider: MessageDigest.MD5 algorithm from: SUN
Provider: MessageDigest.MD5 algorithm from: SUN
Provider: MessageDigest.MD5 algorithm from: SUN
Provider: MessageDigest.MD5 algorithm from: SUN
Provider: MessageDigest.MD5 algorithm from: SUN
Provider: MessageDigest.MD5 algorithm from: SUN
Provider: MessageDigest.MD5 algorithm from: SUN
Provider: MessageDigest.MD5 algorithm from: SUN
Provider: MessageDigest.MD5 algorithm from: SUN
Provider: MessageDigest.MD5 algorithm from: SUN
Provider: MessageDigest.MD5 algorithm from: SUN
Provider: MessageDigest.MD5 algorithm from: SUN
Provider: MessageDigest.MD5 algorithm from: SUN
Provider: MessageDigest.MD5 algorithm from: SUN
Provider: MessageDigest.MD5 algorithm from: SUN
Provider: MessageDigest.MD5 algorithm from: SUN
Provider: MessageDigest.MD5 algorithm from: SUN
Provider: MessageDigest.MD5 algorithm from: SUN
Provider: MessageDigest.MD5 algorithm from: SUN
Provider: MessageDigest.MD5 algorithm from: SUN
Provider: MessageDigest.MD5 algorithm from: SUN
Provider: MessageDigest.MD5 algorithm from: SUN
Provider: MessageDigest.MD5 algorithm from: SUN
Provider: MessageDigest.MD5 algorithm from: SUN
Provider: MessageDigest.MD5 algorithm from: SUN
Provider: MessageDigest.MD5 algorithm from: SUN
Provider: MessageDigest.MD5 algorithm from: SUN
Provider: MessageDigest.MD5 algorithm from: SUN
Provider: MessageDigest.MD5 algorithm from: SUN
Provider: MessageDigest.MD5 algorithm from: SUN
Provider: MessageDigest.MD5 algorithm from: SUN
Provider: MessageDigest.MD5 algorithm from: SUN
Provider: MessageDigest.MD5 algorithm from: SUN
Provider: MessageDigest.MD5 algorithm from: SUN
Provider: MessageDigest.MD5 algorithm from: SUN
Provider: MessageDigest.MD5 algorithm from: SUN
Provider: MessageDigest.MD5 algorithm from: SUN
Provider: MessageDigest.MD5 algorithm from: SUN
Provider: MessageDigest.MD5 algorithm from: SUN
Provider: MessageDigest.MD5 algorithm from: SUN
Provider: MessageDigest.MD5 algorithm from: SUN
Provider: MessageDigest.MD5 algorithm from: SUN
Provider: MessageDigest.MD5 algorithm from: SUN
Provider: MessageDigest.MD5 algorithm from: SUN
Provider: MessageDigest.MD5 algorithm from: SUN
Provider: MessageDigest.MD5 algorithm from: SUN
Provider: MessageDigest.MD5 algorithm from: SUN
Provider: MessageDigest.MD5 algorithm from: SUN
Provider: MessageDigest.MD5 algorithm from: SUN
Provider: MessageDigest.MD5 algorithm from: SUN
Provider: MessageDigest.MD5 algorithm from: SUN
Provider: MessageDigest.MD5 algorithm from: SUN
Provider: MessageDigest.MD5 algorithm from: SUN
Provider: MessageDigest.MD5 algorithm from: SUN
Provider: MessageDigest.MD5 algorithm from: SUN
Provider: MessageDigest.MD5 algorithm from: SUN
Provider: MessageDigest.MD5 algorithm from: SUN
Provider: MessageDigest.MD5 algorithm from: SUN
Provider: MessageDigest.MD5 algorithm from: SUN
Provider: MessageDigest.MD5 algorithm from: SUN
Provider: MessageDigest.MD5 algorithm from: SUN
Provider: MessageDigest.MD5 algorithm from: SUN
Provider: MessageDigest.MD5 algorithm from: SUN
Provider: MessageDigest.MD5 algorithm from: SUN
Provider: MessageDigest.MD5 algorithm from: SUN
Provider: MessageDigest.MD5 algorithm from: SUN
Provider: MessageDigest.MD5 algorithm from: SUN
Provider: MessageDigest.MD5 algorithm from: SUN
Provider: MessageDigest.MD5 algorithm from: SUN
Provider: MessageDigest.MD5 algorithm from: SUN
Provider: MessageDigest.MD5 algorithm from: SUN
Provider: MessageDigest.MD5 algorithm from: SUN
Provider: MessageDigest.MD5 algorithm from: SUN
Provider: MessageDigest.MD5 algorithm from: SUN
Provider: MessageDigest.MD5 algorithm from: SUN
Provider: MessageDigest.MD5 algorithm from: SUN
Provider: MessageDigest.MD5 algorithm from: SUN
Provider: MessageDigest.MD5 algorithm from: SUN
Provider: MessageDigest.MD5 algorithm from: SUN
Provider: MessageDigest.MD5 algorithm from: SUN
Provider: MessageDigest.MD5 algorithm from: SUN
Provider: MessageDigest.MD5 algorithm from: SUN
Provider: MessageDigest.MD5 algorithm from: SUN
Provider: MessageDigest.MD5 algorithm from: SUN
Provider: MessageDigest.MD5 algorithm from: SUN
Provider: MessageDigest.MD5 algorithm from: SUN
Provider: MessageDigest.MD5 algorithm from: SUN
Provider: MessageDigest.MD5 algorithm from: SUN
Provider: MessageDigest.MD5 algorithm from: SUN
Provider: MessageDigest.MD5 algorithm from: SUN
Provider: MessageDigest.MD5 algorithm from: SUN
Provider: MessageDigest.MD5 algorithm from: SUN
Provider: MessageDigest.MD5 algorithm from: SUN
Provider: MessageDigest.MD5 algorithm from: SUN
Provider: MessageDigest.MD5 algorithm from: SUN
Provider: MessageDigest.MD5 algorithm from: SUN
Provider: MessageDigest.MD5 algorithm from: SUN
Provider: MessageDigest.MD5 algorithm from: SUN
Provider: MessageDigest.MD5 algorithm from: SUN
Provider: MessageDigest.MD5 algorithm from: SUN
Provider: MessageDigest.MD5 algorithm from: SUN
Provider: MessageDigest.MD5 algorithm from: SUN
Provider: MessageDigest.MD5 algorithm from: SUN
Provider: MessageDigest.MD5 algorithm from: SUN
Provider: MessageDigest.MD5 algorithm from: SUN
Provider: MessageDigest.MD5 algorithm from: SUN
Provider: MessageDigest.MD5 algorithm from: SUN
Provider: MessageDigest.MD5 algorithm from: SUN
Provider: MessageDigest.MD5 algorithm from: SUN
Provider: MessageDigest.MD5 algorithm from: SUN
Provider: MessageDigest.MD5 algorithm from: SUN
Provider: MessageDigest.MD5 algorithm from: SUN
Provider: MessageDigest.MD5 algorithm from: SUN
Provider: MessageDigest.MD5 algorithm from: SUN
Provider: MessageDigest.MD5 algorithm from: SUN
Provider: MessageDigest.MD5 algorithm from: SUN
Provider: MessageDigest.MD5 algorithm from: SUN
Provider: MessageDigest.MD5 algorithm from: SUN
Provider: MessageDigest.MD5 algorithm from: SUN
Provider: MessageDigest.MD5 algorithm from: SUN
Provider: MessageDigest.MD5 algorithm from: SUN
Provider: MessageDigest.MD5 algorithm from: SUN
Provider: MessageDigest.MD5 algorithm from: SUN
Provider: MessageDigest.MD5 algorithm from: SUN
Provider: MessageDigest.MD5 algorithm from: SUN
Provider: MessageDigest.MD5 algorithm from: SUN
Provider: MessageDigest.MD5 algorithm from: SUN
Provider: MessageDigest.MD5 algorithm from: SUN
Provider: MessageDigest.MD5 algorithm from: SUN
Provider: MessageDigest.MD5 algorithm from: SUN
Provider: MessageDigest.MD5 algorithm from: SUN
Provider: MessageDigest.MD5 algorithm from: SUN
Provider: MessageDigest.MD5 algorithm from: SUN
Provider: MessageDigest.MD5 algorithm from: SUN
Provider: MessageDigest.MD5 algorithm from: SUN
Provider: MessageDigest.MD5 algorithm from: SUN
Provider: MessageDigest.MD5 algorithm from: SUN
Provider: MessageDigest.MD5 algorithm from: SUN
Provider: MessageDigest.MD5 algorithm from: SUN
Provider: MessageDigest.MD5 algorithm from: SUN
Provider: MessageDigest.MD5 algorithm from: SUN
Provider: MessageDigest.MD5 algorithm from: SUN
Provider: MessageDigest.MD5 algorithm from: SUN
Provider: MessageDigest.MD5 algorithm from: SUN
Provider: MessageDigest.MD5 algorithm from: SUN
Provider: MessageDigest.MD5 algorithm from: SUN
Provider: MessageDigest.MD5 algorithm from: SUN
Provider: MessageDigest.MD5 algorithm from: SUN
Provider: MessageDigest.MD5 algorithm from: SUN
Provider: MessageDigest.MD5 algorithm from: SUN
Provider: MessageDigest.MD5 algorithm from: SUN
Provider: MessageDigest.MD5 algorithm from: SUN
Provider: MessageDigest.MD5 algorithm from: SUN
Provider: MessageDigest.MD5 algorithm from: SUN
Provider: MessageDigest.MD5 algorithm from: SUN
Provider: MessageDigest.MD5 algorithm from: SUN
Provider: MessageDigest.MD5 algorithm from: SUN
Provider: MessageDigest.MD5 algorithm from: SUN
Provider: MessageDigest.MD5 algorithm from: SUN
Provider: MessageDigest.MD5 algorithm from: SUN
Provider: MessageDigest.MD5 algorithm from: SUN
Provider: MessageDigest.MD5 algorithm from: SUN
Provider: MessageDigest.MD5 algorithm from: SUN
Provider: MessageDigest.MD5 algorithm from: SUN
Provider: MessageDigest.MD5 algorithm from: SUN
Provider: MessageDigest.MD5 algorithm from: SUN
Provider: MessageDigest.MD5 algorithm from: SUN
Provider: MessageDigest.MD5 algorithm from: SUN
Provider: MessageDigest.MD5 algorithm from: SUN
Provider: MessageDigest.MD5 algorithm from: SUN
Provider: MessageDigest.MD5 algorithm from: SUN
Provider: MessageDigest.MD5 algorithm from: SUN
Provider: MessageDigest.MD5 algorithm from: SUN
Provider: MessageDigest.MD5 algorithm from: SUN
Provider: MessageDigest.MD5 algorithm from: SUN
Provider: MessageDigest.MD5 algorithm from: SUN
Provider: MessageDigest.MD5 algorithm from: SUN
Provider: MessageDigest.MD5 algorithm from: SUN
Provider: MessageDigest.MD5 algorithm from: SUN
Provider: MessageDigest.MD5 algorithm from: SUN
Provider: MessageDigest.MD5 algorithm from: SUN
Provider: MessageDigest.MD5 algorithm from: SUN
Provider: MessageDigest.MD5 algorithm from: SUN
Provider: MessageDigest.MD5 algorithm from: SUN
Provider: MessageDigest.MD5 algorithm from: SUN
Provider: MessageDigest.MD5 algorithm from: SUN
Provider: MessageDigest.MD5 algorithm from: SUN
Provider: MessageDigest.MD5 algorithm from: SUN
Provider: MessageDigest.MD5 algorithm from: SUN
Provider: MessageDigest.MD5 algorithm from: SUN
Provider: MessageDigest.MD5 algorithm from: SUN
Provider: MessageDigest.MD5 algorithm from: SUN
Provider: MessageDigest.MD5 algorithm from: SUN
Provider: MessageDigest.MD5 algorithm from: SUN
Provider: MessageDigest.MD5 algorithm from: SUN
Provider: MessageDigest.MD5 algorithm from: SUN
Provider: MessageDigest.MD5 algorithm from: SUN
Provider: MessageDigest.MD5 algorithm from: SUN
Provider: MessageDigest.MD5 algorithm from: SUN
Provider: MessageDigest.MD5 algorithm from: SUN
Provider: MessageDigest.MD5 algorithm from: SUN
Provider: MessageDigest.MD5 algorithm from: SUN
Provider: MessageDigest.MD5 algorithm from: SUN
Provider: MessageDigest.MD5 algorithm from: SUN
Provider: MessageDigest.MD5 algorithm from: SUN
Provider: MessageDigest.MD5 algorithm from: SUN
Provider: MessageDigest.MD5 algorithm from: SUN
Provider: MessageDigest.MD5 algorithm from: SUN
Provider: MessageDigest.MD5 algorithm from: SUN
Provider: MessageDigest.MD5 algorithm from: SUN
Provider: MessageDigest.MD5 algorithm from: SUN
Provider: MessageDigest.MD5 algorithm from: SUN
Provider: MessageDigest.MD5 algorithm from: SUN
Provider: MessageDigest.MD5 algorithm from: SUN
Provider: MessageDigest.MD5 algorithm from: SUN
Provider: MessageDigest.MD5 algorithm from: SUN
Provider: MessageDigest.MD5 algorithm from: SUN
Provider: MessageDigest.MD5 algorithm from: SUN
Provider: MessageDigest.MD5 algorithm from: SUN
Provider: MessageDigest.MD5 algorithm from: SUN
Provider: MessageDigest.MD5 algorithm from: SUN
Provider: MessageDigest.MD5 algorithm from: SUN
Provider: MessageDigest.MD5 algorithm from: SUN
Provider: MessageDigest.MD5 algorithm from: SUN
Provider: MessageDigest.MD5 algorithm from: SUN
Provider: MessageDigest.MD5 algorithm from: SUN
Provider: MessageDigest.MD5 algorithm from: SUN
Provider: MessageDigest.MD5 algorithm from: SUN
Provider: MessageDigest.MD5 algorithm from: SUN
Provider: MessageDigest.MD5 algorithm from: SUN
Provider: MessageDigest.MD5 algorithm from: SUN
Provider: MessageDigest.MD5 algorithm from: SUN
Provider: MessageDigest.MD5 algorithm from: SUN
Provider: MessageDigest.MD5 algorithm from: SUN
Provider: MessageDigest.MD5 algorithm from: SUN
Provider: MessageDigest.MD5 algorithm from: SUN
Provider: MessageDigest.MD5 algorithm from: SUN
Provider: MessageDigest.MD5 algorithm from: SUN
Provider: MessageDigest.MD5 algorithm from: SUN
Provider: MessageDigest.MD5 algorithm from: SUN
Provider: MessageDigest.MD5 algorithm from: SUN
Provider: MessageDigest.MD5 algorithm from: SUN
Provider: MessageDigest.MD5 algorithm from: SUN
Provider: MessageDigest.MD5 algorithm from: SUN
Provider: MessageDigest.MD5 algorithm from: SUN
Provider: MessageDigest.MD5 algorithm from: SUN
Provider: MessageDigest.MD5 algorithm from: SUN
Provider: MessageDigest.MD5 algorithm from: SUN
Provider: MessageDigest.MD5 algorithm from: SUN
Provider: MessageDigest.MD5 algorithm from: SUN
Provider: MessageDigest.MD5 algorithm from: SUN
Provider: MessageDigest.MD5 algorithm from: SUN
Provider: MessageDigest.MD5 algorithm from: SUN
Provider: MessageDigest.MD5 algorithm from: SUN
Provider: MessageDigest.MD5 algorithm from: SUN
Provider: MessageDigest.MD5 algorithm from: SUN
Provider: MessageDigest.MD5 algorithm from: SUN
Provider: MessageDigest.MD5 algorithm from: SUN
Provider: MessageDigest.MD5 algorithm from: SUN
Provider: MessageDigest.MD5 algorithm from: SUN
Provider: MessageDigest.MD5 algorithm from: SUN
Provider: MessageDigest.MD5 algorithm from: SUN
Provider: MessageDigest.MD5 algorithm from: SUN
Provider: MessageDigest.MD5 algorithm from: SUN
Provider: MessageDigest.MD5 algorithm from: SUN
Provider: MessageDigest.MD5 algorithm from: SUN
Provider: MessageDigest.MD5 algorithm from: SUN
Provider: MessageDigest.MD5 algorithm from: SUN
Provider: MessageDigest.MD5 algorithm from: SUN
Provider: MessageDigest.MD5 algorithm from: SUN
Provider: MessageDigest.MD5 algorithm from: SUN
Provider: MessageDigest.MD5 algorithm from: SUN
Provider: MessageDigest.MD5 algorithm from: SUN
Provider: MessageDigest.MD5 algorithm from: SUN
Provider: MessageDigest.MD5 algorithm from: SUN
Provider: MessageDigest.MD5 algorithm from: SUN
Provider: MessageDigest.MD5 algorithm from: SUN
Provider: MessageDigest.MD5 algorithm from: SUN
Provider: MessageDigest.MD5 algorithm from: SUN
Provider: MessageDigest.MD5 algorithm from: SUN
Provider: MessageDigest.MD5 algorithm from: SUN
Provider: MessageDigest.MD5 algorithm from: SUN
Provider: MessageDigest.MD5 algorithm from: SUN
Provider: MessageDigest.MD5 algorithm from: SUN
Provider: MessageDigest.MD5 algorithm from: SUN
Provider: MessageDigest.MD5 algorithm from: SUN
Provider: MessageDigest.MD5 algorithm from: SUN
Provider: MessageDigest.MD5 algorithm from: SUN
Provider: MessageDigest.MD5 algorithm from: SUN
Provider: MessageDigest.MD5 algorithm from: SUN
Provider: MessageDigest.MD5 algorithm from: SUN
Provider: MessageDigest.MD5 algorithm from: SUN
Provider: MessageDigest.MD5 algorithm from: SUN
Provider: MessageDigest.MD5 algorithm from: SUN
Provider: MessageDigest.MD5 algorithm from: SUN
Provider: MessageDigest.MD5 algorithm from: SUN
Provider: MessageDigest.MD5 algorithm from: SUN
Provider: MessageDigest.MD5 algorithm from: SUN
Provider: MessageDigest.MD5 algorithm from: SUN
Provider: MessageDigest.MD5 algorithm from: SUN
Provider: MessageDigest.MD5 algorithm from: SUN
Provider: MessageDigest.MD5 algorithm from: SUN
Provider: MessageDigest.MD5 algorithm from: SUN
Provider: MessageDigest.MD5 algorithm from: SUN
Provider: MessageDigest.MD5 algorithm from: SUN
Provider: MessageDigest.MD5 algorithm from: SUN
Provider: MessageDigest.MD5 algorithm from: SUN
Provider: MessageDigest.MD5 algorithm from: SUN
Provider: MessageDigest.MD5 algorithm from: SUN
Provider: MessageDigest.MD5 algorithm from: SUN
Provider: MessageDigest.MD5 algorithm from: SUN
Provider: MessageDigest.MD5 algorithm from: SUN
Provider: MessageDigest.MD5 algorithm from: SUN
Provider: MessageDigest.MD5 algorithm from: SUN
Provider: MessageDigest.MD5 algorithm from: SUN
Provider: MessageDigest.MD5 algorithm from: SUN
Provider: MessageDigest.MD5 algorithm from: SUN
Provider: MessageDigest.MD5 algorithm from: SUN
Provider: MessageDigest.MD5 algorithm from: SUN
Provider: MessageDigest.MD5 algorithm from: SUN
Provider: MessageDigest.MD5 algorithm from: SUN
Provider: MessageDigest.MD5 algorithm from: SUN
Provider: MessageDigest.MD5 algorithm from: SUN
Provider: MessageDigest.MD5 algorithm from: SUN
Provider: MessageDigest.MD5 algorithm from: SUN
Provider: MessageDigest.MD5 algorithm from: SUN
Provider: MessageDigest.MD5 algorithm from: SUN
Provider: MessageDigest.MD5 algorithm from: SUN
Provider: MessageDigest.MD5 algorithm from: SUN
Provider: MessageDigest.MD5 algorithm from: SUN
Provider: MessageDigest.MD5 algorithm from: SUN
Provider: MessageDigest.MD5 algorithm from: SUN
Provider: MessageDigest.MD5 algorithm from: SUN
Provider: MessageDigest.MD5 algorithm from: SUN
Provider: MessageDigest.MD5 algorithm from: SUN
Provider: MessageDigest.MD5 algorithm from: SUN
Provider: MessageDigest.MD5 algorithm from: SUN
Provider: MessageDigest.MD5 algorithm from: SUN
Provider: MessageDigest.MD5 algorithm from: SUN
Provider: MessageDigest.MD5 algorithm from: SUN
Provider: MessageDigest.MD5 algorithm from: SUN
Provider: MessageDigest.MD5 algorithm from: SUN
Provider: MessageDigest.MD5 algorithm from: SUN
Provider: MessageDigest.MD5 algorithm from: SUN
Provider: MessageDigest.MD5 algorithm from: SUN
Provider: MessageDigest.MD5 algorithm from: SUN
Provider: MessageDigest.MD5 algorithm from: SUN
Provider: MessageDigest.MD5 algorithm from: SUN
Provider: MessageDigest.MD5 algorithm from: SUN
Provider: MessageDigest.MD5 algorithm from: SUN
Provider: MessageDigest.MD5 algorithm from: SUN
Provider: MessageDigest.MD5 algorithm from: SUN
Provider: MessageDigest.MD5 algorithm from: SUN
Provider: MessageDigest.MD5 algorithm from: SUN
Provider: MessageDigest.MD5 algorithm from: SUN
Provider: MessageDigest.MD5 algorithm from: SUN
Provider: MessageDigest.MD5 algorithm from: SUN
Provider: MessageDigest.MD5 algorithm from: SUN
Provider: MessageDigest.MD5 algorithm from: SUN
Provider: MessageDigest.MD5 algorithm from: SUN
Provider: MessageDigest.MD5 algorithm from: SUN
Provider: MessageDigest.MD5 algorithm from: SUN
Provider: MessageDigest.MD5 algorithm from: SUN
Provider: MessageDigest.MD5 algorithm from: SUN
Provider: MessageDigest.MD5 algorithm from: SUN
Provider: MessageDigest.MD5 algorithm from: SUN
Provider: MessageDigest.MD5 algorithm from: SUN
Provider: MessageDigest.MD5 algorithm from: SUN
Provider: MessageDigest.MD5 algorithm from: SUN
Provider: MessageDigest.MD5 algorithm from: SUN
Provider: MessageDigest.MD5 algorithm from: SUN
Provider: MessageDigest.MD5 algorithm from: SUN
Provider: MessageDigest.MD5 algorithm from: SUN
Provider: MessageDigest.MD5 algorithm from: SUN
Provider: MessageDigest.MD5 algorithm from: SUN
Provider: MessageDigest.MD5 algorithm from: SUN
Provider: MessageDigest.MD5 algorithm from: SUN
Provider: MessageDigest.MD5 algorithm from: SUN
Provider: MessageDigest.MD5 algorithm from: SUN
Provider: MessageDigest.MD5 algorithm from: SUN
Provider: MessageDigest.MD5 algorithm from: SUN
Provider: MessageDigest.MD5 algorithm from: SUN
Provider: MessageDigest.MD5 algorithm from: SUN
Provider: MessageDigest.MD5 algorithm from: SUN
Provider: MessageDigest.MD5 algorithm from: SUN
Provider: MessageDigest.MD5 algorithm from: SUN
Provider: MessageDigest.MD5 algorithm from: SUN
Provider: MessageDigest.MD5 algorithm from: SUN
Provider: MessageDigest.MD5 algorithm from: SUN
Provider: MessageDigest.MD5 algorithm from: SUN
Provider: MessageDigest.MD5 algorithm from: SUN
Provider: MessageDigest.MD5 algorithm from: SUN
Provider: MessageDigest.MD5 algorithm from: SUN
Provider: MessageDigest.MD5 algorithm from: SUN
Provider: MessageDigest.MD5 algorithm from: SUN
Provider: MessageDigest.MD5 algorithm from: SUN
Provider: MessageDigest.MD5 algorithm from: SUN
Provider: MessageDigest.MD5 algorithm from: SUN
Provider: MessageDigest.MD5 algorithm from: SUN
Provider: MessageDigest.MD5 algorithm from: SUN
Provider: MessageDigest.MD5 algorithm from: SUN
Provider: MessageDigest.MD5 algorithm from: SUN
Provider: MessageDigest.MD5 algorithm from: SUN
Provider: MessageDigest.MD5 algorithm from: SUN
Provider: MessageDigest.MD5 algorithm from: SUN
Provider: MessageDigest.MD5 algorithm from: SUN
Provider: MessageDigest.MD5 algorithm from: SUN
Provider: MessageDigest.MD5 algorithm from: SUN
Provider: MessageDigest.MD5 algorithm from: SUN
Provider: MessageDigest.MD5 algorithm from: SUN
Provider: MessageDigest.MD5 algorithm from: SUN
Provider: MessageDigest.MD5 algorithm from: SUN
Provider: MessageDigest.MD5 algorithm from: SUN
Provider: MessageDigest.MD5 algorithm from: SUN
Provider: MessageDigest.MD5 algorithm from: SUN
Provider: MessageDigest.MD5 algorithm from: SUN
Provider: MessageDigest.MD5 algorithm from: SUN
Provider: MessageDigest.MD5 algorithm from: SUN
Provider: MessageDigest.MD5 algorithm from: SUN
Provider: MessageDigest.MD5 algorithm from: SUN
Provider: MessageDigest.MD5 algorithm from: SUN
Provider: MessageDigest.MD5 algorithm from: SUN
Provider: MessageDigest.MD5 algorithm from: SUN
Provider: MessageDigest.MD5 algorithm from: SUN
Provider: MessageDigest.MD5 algorithm from: SUN
Provider: MessageDigest.MD5 algorithm from: SUN
Provider: MessageDigest.MD5 algorithm from: SUN
Provider: MessageDigest.MD5 algorithm from: SUN
Provider: MessageDigest.MD5 algorithm from: SUN
Provider: MessageDigest.MD5 algorithm from: SUN
Provider: MessageDigest.MD5 algorithm from: SUN
Provider: MessageDigest.MD5 algorithm from: SUN
Provider: MessageDigest.MD5 algorithm from: SUN
Provider: MessageDigest.MD5 algorithm from: SUN
Provider: MessageDigest.MD5 algorithm from: SUN
Provider: MessageDigest.MD5 algorithm from: SUN
Provider: MessageDigest.MD5 algorithm from: SUN
Provider: MessageDigest.MD5 algorithm from: SUN
Provider: MessageDigest.MD5 algorithm from: SUN
Provider: MessageDigest.MD5 algorithm from: SUN
Provider: MessageDigest.MD5 algorithm from: SUN
Provider: MessageDigest.MD5 algorithm from: SUN
Provider: MessageDigest.MD5 algorithm from: SUN
Provider: MessageDigest.MD5 algorithm from: SUN
Provider: MessageDigest.MD5 algorithm from: SUN
Provider: MessageDigest.MD5 algorithm from: SUN
Provider: MessageDigest.MD5 algorithm from: SUN
Provider: MessageDigest.MD5 algorithm from: SUN
Provider: MessageDigest.MD5 algorithm from: SUN
Provider: MessageDigest.MD5 algorithm from: SUN
Provider: MessageDigest.MD5 algorithm from: SUN
Provider: MessageDigest.MD5 algorithm from: SUN
Provider: MessageDigest.MD5 algorithm from: SUN
Provider: MessageDigest.MD5 algorithm from: SUN
Provider: MessageDigest.MD5 algorithm from: SUN
Provider: MessageDigest.MD5 algorithm from: SUN
Provider: MessageDigest.MD5 algorithm from: SUN
Provider: MessageDigest.MD5 algorithm from: SUN
Provider: MessageDigest.MD5 algorithm from: SUN
Provider: MessageDigest.MD5 algorithm from: SUN
Provider: MessageDigest.MD5 algorithm from: SUN
Provider: MessageDigest.MD5 algorithm from: SUN
Provider: MessageDigest.MD5 algorithm from: SUN
Provider: MessageDigest.MD5 algorithm from: SUN
Provider: MessageDigest.MD5 algorithm from: SUN
Provider: MessageDigest.MD5 algorithm from: SUN
Provider: MessageDigest.MD5 algorithm from: SUN
Provider: MessageDigest.MD5 algorithm from: SUN
Provider: MessageDigest.MD5 algorithm from: SUN
Provider: MessageDigest.MD5 algorithm from: SUN
Provider: MessageDigest.MD5 algorithm from: SUN
Provider: MessageDigest.MD5 algorithm from: SUN
Provider: MessageDigest.MD5 algorithm from: SUN
Provider: MessageDigest.MD5 algorithm from: SUN
Provider: MessageDigest.MD5 algorithm from: SUN
Provider: MessageDigest.MD5 algorithm from: SUN
Provider: MessageDigest.MD5 algorithm from: SUN
Provider: MessageDigest.MD5 algorithm from: SUN
Provider: MessageDigest.MD5 algorithm from: SUN
Provider: MessageDigest.MD5 algorithm from: SUN
Provider: MessageDigest.MD5 algorithm from: SUN
Provider: MessageDigest.MD5 algorithm from: SUN
Provider: MessageDigest.MD5 algorithm from: SUN
Provider: MessageDigest.MD5 algorithm from: SUN
Provider: MessageDigest.MD5 algorithm from: SUN
Provider: MessageDigest.MD5 algorithm from: SUN
Provider: MessageDigest.MD5 algorithm from: SUN
Provider: MessageDigest.MD5 algorithm from: SUN
Provider: MessageDigest.MD5 algorithm from: SUN
Provider: MessageDigest.MD5 algorithm from: SUN
Provider: MessageDigest.MD5 algorithm from: SUN
Provider: MessageDigest.MD5 algorithm from: SUN
Provider: MessageDigest.MD5 algorithm from: SUN
Provider: MessageDigest.MD5 algorithm from: SUN
Provider: MessageDigest.MD5 algorithm from: SUN
Provider: MessageDigest.MD5 algorithm from: SUN
Provider: MessageDigest.MD5 algorithm from: SUN
Provider: MessageDigest.MD5 algorithm from: SUN
Provider: MessageDigest.MD5 algorithm from: SUN
Provider: MessageDigest.MD5 algorithm from: SUN
Provider: MessageDigest.MD5 algorithm from: SUN
Provider: MessageDigest.MD5 algorithm from: SUN
Provider: MessageDigest.MD5 algorithm from: SUN
Provider: MessageDigest.MD5 algorithm from: SUN
Provider: MessageDigest.MD5 algorithm from: SUN
Provider: MessageDigest.MD5 algorithm from: SUN
Provider: MessageDigest.MD5 algorithm from: SUN
Provider: MessageDigest.MD5 algorithm from: SUN
Provider: MessageDigest.MD5 algorithm from: SUN
Provider: MessageDigest.MD5 algorithm from: SUN
Provider: MessageDigest.MD5 algorithm from: SUN
Provider: MessageDigest.MD5 algorithm from: SUN
Provider: MessageDigest.MD5 algorithm from: SUN
Provider: MessageDigest.MD5 algorithm from: SUN
Provider: MessageDigest.MD5 algorithm from: SUN
Provider: MessageDigest.MD5 algorithm from: SUN
Provider: MessageDigest.MD5 algorithm from: SUN
Provider: MessageDigest.MD5 algorithm from: SUN
Provider: MessageDigest.MD5 algorithm from: SUN
Provider: MessageDigest.MD5 algorithm from: SUN
Provider: MessageDigest.MD5 algorithm from: SUN
Provider: MessageDigest.MD5 algorithm from: SUN
Provider: MessageDigest.MD5 algorithm from: SUN
Provider: MessageDigest.MD5 algorithm from: SUN
Provider: MessageDigest.MD5 algorithm from: SUN
Provider: MessageDigest.MD5 algorithm from: SUN
Provider: MessageDigest.MD5 algorithm from: SUN
Provider: MessageDigest.MD5 algorithm from: SUN
Provider: MessageDigest.MD5 algorithm from: SUN
Provider: MessageDigest.MD5 algorithm from: SUN
Provider: MessageDigest.MD5 algorithm from: SUN
Provider: MessageDigest.MD5 algorithm from: SUN
Provider: MessageDigest.MD5 algorithm from: SUN
Provider: MessageDigest.MD5 algorithm from: SUN
Provider: MessageDigest.MD5 algorithm from: SUN
Provider: MessageDigest.MD5 algorithm from: SUN
Provider: MessageDigest.MD5 algorithm from: SUN
Provider: MessageDigest.MD5 algorithm from: SUN
Provider: MessageDigest.MD5 algorithm from: SUN
Provider: MessageDigest.MD5 algorithm from: SUN
Provider: MessageDigest.MD5 algorithm from: SUN
Provider: MessageDigest.MD5 algorithm from: SUN
Provider: MessageDigest.MD5 algorithm from: SUN
Provider: MessageDigest.MD5 algorithm from: SUN
Provider: MessageDigest.MD5 algorithm from: SUN
Provider: MessageDigest.MD5 algorithm from: SUN
Provider: MessageDigest.MD5 algorithm from: SUN
Provider: MessageDigest.MD5 algorithm from: SUN
Provider: MessageDigest.MD5 algorithm from: SUN
Provider: MessageDigest.MD5 algorithm from: SUN
Provider: MessageDigest.MD5 algorithm from: SUN
Provider: MessageDigest.MD5 algorithm from: SUN
Provider: MessageDigest.MD5 algorithm from: SUN
Provider: MessageDigest.MD5 algorithm from: SUN
Provider: MessageDigest.MD5 algorithm from: SUN
Provider: MessageDigest.MD5 algorithm from: SUN
Provider: MessageDigest.MD5 algorithm from: SUN
Provider: MessageDigest.MD5 algorithm from: SUN
Provider: MessageDigest.MD5 algorithm from: SUN
Provider: MessageDigest.MD5 algorithm from: SUN
Provider: MessageDigest.MD5 algorithm from: SUN
Provider: MessageDigest.MD5 algorithm from: SUN
Provider: MessageDigest.MD5 algorithm from: SUN
Provider: MessageDigest.MD5 algorithm from: SUN
Provider: MessageDigest.MD5 algorithm from: SUN
Provider: MessageDigest.MD5 algorithm from: SUN
Provider: MessageDigest.MD5 algorithm from: SUN
Provider: MessageDigest.MD5 algorithm from: SUN
Provider: MessageDigest.MD5 algorithm from: SUN
Provider: MessageDigest.MD5 algorithm from: SUN
Provider: MessageDigest.MD5 algorithm from: SUN
Provider: MessageDigest.MD5 algorithm from: SUN
Provider: MessageDigest.MD5 algorithm from: SUN
Provider: MessageDigest.MD5 algorithm from: SUN
Provider: MessageDigest.MD5 algorithm from: SUN
Provider: MessageDigest.MD5 algorithm from: SUN
Provider: MessageDigest.MD5 algorithm from: SUN
Provider: MessageDigest.MD5 algorithm from: SUN
Provider: MessageDigest.MD5 algorithm from: SUN
Provider: MessageDigest.MD5 algorithm from: SUN
Provider: MessageDigest.MD5 algorithm from: SUN
Provider: MessageDigest.MD5 algorithm from: SUN
Provider: MessageDigest.MD5 algorithm from: SUN
Provider: MessageDigest.MD5 algorithm from: SUN
Provider: MessageDigest.MD5 algorithm from: SUN
Provider: MessageDigest.MD5 algorithm from: SUN
Provider: MessageDigest.MD5 algorithm from: SUN
Provider: MessageDigest.MD5 algorithm from: SUN
Provider: MessageDigest.MD5 algorithm from: SUN
Provider: MessageDigest.MD5 algorithm from: SUN
Provider: MessageDigest.MD5 algorithm from: SUN
Provider: MessageDigest.MD5 algorithm from: SUN
Provider: MessageDigest.MD5 algorithm from: SUN
Provider: MessageDigest.MD5 algorithm from: SUN
Provider: MessageDigest.MD5 algorithm from: SUN
Provider: MessageDigest.MD5 algorithm from: SUN
Provider: MessageDigest.MD5 algorithm from: SUN
Provider: MessageDigest.MD5 algorithm from: SUN
Provider: MessageDigest.MD5 algorithm from: SUN
Provider: MessageDigest.MD5 algorithm from: SUN
Provider: MessageDigest.MD5 algorithm from: SUN
Provider: MessageDigest.MD5 algorithm from: SUN
Provider: MessageDigest.MD5 algorithm from: SUN
Provider: MessageDigest.MD5 algorithm from: SUN
Provider: MessageDigest.MD5 algorithm from: SUN
Provider: MessageDigest.MD5 algorithm from: SUN
Provider: MessageDigest.MD5 algorithm from: SUN
Provider: MessageDigest.MD5 algorithm from: SUN
Provider: MessageDigest.MD5 algorithm from: SUN
Provider: MessageDigest.MD5 algorithm from: SUN
Provider: MessageDigest.MD5 algorithm from: SUN
Provider: MessageDigest.MD5 algorithm from: SUN
Provider: MessageDigest.MD5 algorithm from: SUN
Provider: MessageDigest.MD5 algorithm from: SUN
Provider: MessageDigest.MD5 algorithm from: SUN
Provider: MessageDigest.MD5 algorithm from: SUN
Provider: MessageDigest.MD5 algorithm from: SUN
Provider: MessageDigest.MD5 algorithm from: SUN
Provider: MessageDigest.MD5 algorithm from: SUN
Provider: MessageDigest.MD5 algorithm from: SUN
Provider: MessageDigest.MD5 algorithm from: SUN
Provider: MessageDigest.MD5 algorithm from: SUN
Provider: MessageDigest.MD5 algorithm from: SUN
Provider: MessageDigest.MD5 algorithm from: SUN
Provider: MessageDigest.MD5 algorithm from: SUN
Provider: MessageDigest.MD5 algorithm from: SUN
Provider: MessageDigest.MD5 algorithm from: SUN
Provider: MessageDigest.MD5 algorithm from: SUN
Provider: MessageDigest.MD5 algorithm from: SUN
Provider: MessageDigest.MD5 algorithm from: SUN
Provider: MessageDigest.MD5 algorithm from: SUN
Provider: MessageDigest.MD5 algorithm from: SUN
Provider: MessageDigest.MD5 algorithm from: SUN
Provider: MessageDigest.MD5 algorithm from: SUN
Provider: MessageDigest.MD5 algorithm from: SUN
Provider: MessageDigest.MD5 algorithm from: SUN
Provider: MessageDigest.MD5 algorithm from: SUN
Provider: MessageDigest.MD5 algorithm from: SUN
Provider: MessageDigest.MD5 algorithm from: SUN
Provider: MessageDigest.MD5 algorithm from: SUN
Provider: MessageDigest.MD5 algorithm from: SUN
Provider: MessageDigest.MD5 algorithm from: SUN
Provider: MessageDigest.MD5 algorithm from: SUN
Provider: MessageDigest.MD5 algorithm from: SUN
Provider: MessageDigest.MD5 algorithm from: SUN
Provider: MessageDigest.MD5 algorithm from: SUN
Provider: MessageDigest.MD5 algorithm from: SUN
Provider: MessageDigest.MD5 algorithm from: SUN
Provider: MessageDigest.MD5 algorithm from: SUN
Provider: MessageDigest.MD5 algorithm from: SUN
Provider: MessageDigest.MD5 algorithm from: SUN
Provider: MessageDigest.MD5 algorithm from: SUN
Provider: MessageDigest.MD5 algorithm from: SUN
Provider: MessageDigest.MD5 algorithm from: SUN
Provider: MessageDigest.MD5 algorithm from: SUN
Provider: MessageDigest.MD5 algorithm from: SUN
Provider: MessageDigest.MD5 algorithm from: SUN
Provider: MessageDigest.MD5 algorithm from: SUN
Provider: MessageDigest.MD5 algorithm from: SUN
Provider: MessageDigest.MD5 algorithm from: SUN
Provider: MessageDigest.MD5 algorithm from: SUN
Provider: MessageDigest.MD5 algorithm from: SUN
Provider: MessageDigest.MD5 algorithm from: SUN
Provider: MessageDigest.MD5 algorithm from: SUN
Provider: MessageDigest.MD5 algorithm from: SUN
Provider: MessageDigest.MD5 algorithm from: SUN
Provider: MessageDigest.MD5 algorithm from: SUN
Provider: MessageDigest.MD5 algorithm from: SUN
Provider: MessageDigest.MD5 algorithm from: SUN
Provider: MessageDigest.MD5 algorithm from: SUN
Provider: MessageDigest.MD5 algorithm from: SUN
Provider: MessageDigest.MD5 algorithm from: SUN
Provider: MessageDigest.MD5 algorithm from: SUN
Provider: MessageDigest.MD5 algorithm from: SUN
Provider: MessageDigest.MD5 algorithm from: SUN
Provider: MessageDigest.MD5 algorithm from: SUN
Provider: MessageDigest.MD5 algorithm from: SUN
Provider: MessageDigest.MD5 algorithm from: SUN
Provider: MessageDigest.MD5 algorithm from: SUN
Provider: MessageDigest.MD5 algorithm from: SUN
Provider: MessageDigest.MD5 algorithm from: SUN
Provider: MessageDigest.MD5 algorithm from: SUN
Provider: MessageDigest.MD5 algorithm from: SUN
Provider: MessageDigest.MD5 algorithm from: SUN
Provider: MessageDigest.MD5 algorithm from: SUN
Provider: MessageDigest.MD5 algorithm from: SUN
Provider: MessageDigest.MD5 algorithm from: SUN
Provider: MessageDigest.MD5 algorithm from: SUN
Provider: MessageDigest.MD5 algorithm from: SUN
Provider: MessageDigest.MD5 algorithm from: SUN
Provider: MessageDigest.MD5 algorithm from: SUN
Provider: MessageDigest.MD5 algorithm from: SUN
Provider: MessageDigest.MD5 algorithm from: SUN
Provider: MessageDigest.MD5 algorithm from: SUN
Provider: MessageDigest.MD5 algorithm from: SUN
Provider: MessageDigest.MD5 algorithm from: SUN
Provider: MessageDigest.MD5 algorithm from: SUN
Provider: MessageDigest.MD5 algorithm from: SUN
Provider: MessageDigest.MD5 algorithm from: SUN
Provider: MessageDigest.MD5 algorithm from: SUN
Provider: MessageDigest.MD5 algorithm from: SUN
Provider: MessageDigest.MD5 algorithm from: SUN
Provider: MessageDigest.MD5 algorithm from: SUN
Provider: MessageDigest.MD5 algorithm from: SUN
Provider: MessageDigest.MD5 algorithm from: SUN
Provider: MessageDigest.MD5 algorithm from: SUN
Provider: MessageDigest.MD5 algorithm from: SUN
Provider: MessageDigest.MD5 algorithm from: SUN
Provider: MessageDigest.MD5 algorithm from: SUN
Provider: MessageDigest.MD5 algorithm from: SUN
Provider: MessageDigest.MD5 algorithm from: SUN
Provider: MessageDigest.MD5 algorithm from: SUN
Provider: MessageDigest.MD5 algorithm from: SUN
Provider: MessageDigest.MD5 algorithm from: SUN
Provider: MessageDigest.MD5 algorithm from: SUN
Provider: MessageDigest.MD5 algorithm from: SUN
Provider: MessageDigest.MD5 algorithm from: SUN
Provider: MessageDigest.MD5 algorithm from: SUN
Provider: MessageDigest.MD5 algorithm from: SUN
Provider: MessageDigest.MD5 algorithm from: SUN
Provider: MessageDigest.MD5 algorithm from: SUN
Provider: MessageDigest.MD5 algorithm from: SUN
Provider: MessageDigest.MD5 algorithm from: SUN
Provider: MessageDigest.MD5 algorithm from: SUN
Provider: MessageDigest.MD5 algorithm from: SUN
Provider: MessageDigest.MD5 algorithm from: SUN
Provider: MessageDigest.MD5 algorithm from: SUN
Provider: MessageDigest.MD5 algorithm from: SUN
Provider: MessageDigest.MD5 algorithm from: SUN
Provider: MessageDigest.MD5 algorithm from: SUN
Provider: MessageDigest.MD5 algorithm from: SUN
Provider: MessageDigest.MD5 algorithm from: SUN
Provider: MessageDigest.MD5 algorithm from: SUN
Provider: MessageDigest.MD5 algorithm from: SUN
Provider: MessageDigest.MD5 algorithm from: SUN
Provider: MessageDigest.MD5 algorithm from: SUN
Provider: MessageDigest.MD5 algorithm from: SUN
Provider: MessageDigest.MD5 algorithm from: SUN
Provider: MessageDigest.MD5 algorithm from: SUN
Provider: MessageDigest.MD5 algorithm from: SUN
Provider: MessageDigest.MD5 algorithm from: SUN
Provider: MessageDigest.MD5 algorithm from: SUN
Provider: MessageDigest.MD5 algorithm from: SUN
Provider: MessageDigest.MD5 algorithm from: SUN
Provider: MessageDigest.MD5 algorithm from: SUN
Provider: MessageDigest.MD5 algorithm from: SUN
Provider: MessageDigest.MD5 algorithm from: SUN
Provider: MessageDigest.MD5 algorithm from: SUN
Provider: MessageDigest.MD5 algorithm from: SUN
Provider: MessageDigest.MD5 algorithm from: SUN
Provider: MessageDigest.MD5 algorithm from: SUN
Provider: MessageDigest.MD5 algorithm from: SUN
Provider: MessageDigest.MD5 algorithm from: SUN
Provider: MessageDigest.MD5 algorithm from: SUN
Provider: MessageDigest.MD5 algorithm from: SUN
Provider: MessageDigest.MD5 algorithm from: SUN
Provider: MessageDigest.MD5 algorithm from: SUN
Provider: MessageDigest.MD5 algorithm from: SUN
Provider: MessageDigest.MD5 algorithm from: SUN
Provider: MessageDigest.MD5 algorithm from: SUN
Provider: MessageDigest.MD5 algorithm from: SUN
Provider: MessageDigest.MD5 algorithm from: SUN
Provider: MessageDigest.MD5 algorithm from: SUN
Provider: MessageDigest.MD5 algorithm from: SUN
Provider: MessageDigest.MD5 algorithm from: SUN
Provider: MessageDigest.MD5 algorithm from: SUN
Provider: MessageDigest.MD5 algorithm from: SUN
Provider: MessageDigest.MD5 algorithm from: SUN
Provider: MessageDigest.MD5 algorithm from: SUN
Provider: MessageDigest.MD5 algorithm from: SUN
Provider: MessageDigest.MD5 algorithm from: SUN
Provider: MessageDigest.MD5 algorithm from: SUN
Provider: MessageDigest.MD5 algorithm from: SUN
Provider: MessageDigest.MD5 algorithm from: SUN
Provider: MessageDigest.MD5 algorithm from: SUN
Provider: MessageDigest.MD5 algorithm from: SUN
Provider: MessageDigest.MD5 algorithm from: SUN
Provider: MessageDigest.MD5 algorithm from: SUN
Provider: MessageDigest.MD5 algorithm from: SUN
Provider: MessageDigest.MD5 algorithm from: SUN
Provider: MessageDigest.MD5 algorithm from: SUN
Provider: MessageDigest.MD5 algorithm from: SUN
Provider: MessageDigest.MD5 algorithm from: SUN
Provider: MessageDigest.MD5 algorithm from: SUN
Provider: MessageDigest.MD5 algorithm from: SUN
Provider: MessageDigest.MD5 algorithm from: SUN
Provider: MessageDigest.MD5 algorithm from: SUN
Provider: MessageDigest.MD5 algorithm from: SUN
Provider: MessageDigest.MD5 algorithm from: SUN
Provider: MessageDigest.MD5 algorithm from: SUN
Provider: MessageDigest.MD5 algorithm from: SUN
Provider: MessageDigest.MD5 algorithm from: SUN
Provider: MessageDigest.MD5 algorithm from: SUN
Provider: MessageDigest.MD5 algorithm from: SUN
Provider: MessageDigest.MD5 algorithm from: SUN
Provider: MessageDigest.MD5 algorithm from: SUN
Provider: MessageDigest.MD5 algorithm from: SUN
Provider: MessageDigest.MD5 algorithm from: SUN
Provider: MessageDigest.MD5 algorithm from: SUN
Provider: MessageDigest.MD5 algorithm from: SUN
Provider: MessageDigest.MD5 algorithm from: SUN
Provider: MessageDigest.MD5 algorithm from: SUN
Provider: MessageDigest.MD5 algorithm from: SUN
Provider: MessageDigest.MD5 algorithm from: SUN
Provider: MessageDigest.MD5 algorithm from: SUN
Provider: MessageDigest.MD5 algorithm from: SUN
Provider: MessageDigest.MD5 algorithm from: SUN
Provider: MessageDigest.MD5 algorithm from: SUN
Provider: MessageDigest.MD5 algorithm from: SUN
Provider: MessageDigest.MD5 algorithm from: SUN
Provider: MessageDigest.MD5 algorithm from: SUN
Provider: MessageDigest.MD5 algorithm from: SUN
Provider: MessageDigest.MD5 algorithm from: SUN
Provider: MessageDigest.MD5 algorithm from: SUN
Provider: MessageDigest.MD5 algorithm from: SUN
Provider: MessageDigest.MD5 algorithm from: SUN
Provider: MessageDigest.MD5 algorithm from: SUN
Provider: MessageDigest.MD5 algorithm from: SUN
Provider: MessageDigest.MD5 algorithm from: SUN
Provider: MessageDigest.MD5 algorithm from: SUN
Provider: MessageDigest.MD5 algorithm from: SUN
Provider: MessageDigest.MD5 algorithm from: SUN
Provider: MessageDigest.MD5 algorithm from: SUN
Provider: MessageDigest.MD5 algorithm from: SUN
Provider: MessageDigest.MD5 algorithm from: SUN
Provider: MessageDigest.MD5 algorithm from: SUN
Provider: MessageDigest.MD5 algorithm from: SUN
Provider: MessageDigest.MD5 algorithm from: SUN
Provider: MessageDigest.MD5 algorithm from: SUN
Provider: MessageDigest.MD5 algorithm from: SUN
Provider: MessageDigest.MD5 algorithm from: SUN
Provider: MessageDigest.MD5 algorithm from: SUN
Provider: MessageDigest.MD5 algorithm from: SUN
Provider: MessageDigest.MD5 algorithm from: SUN
Provider: MessageDigest.MD5 algorithm from: SUN
Provider: MessageDigest.MD5 algorithm from: SUN
Provider: MessageDigest.MD5 algorithm from: SUN
Provider: MessageDigest.MD5 algorithm from: SUN
Provider: MessageDigest.MD5 algorithm from: SUN
Provider: MessageDigest.MD5 algorithm from: SUN
Provider: MessageDigest.MD5 algorithm from: SUN
Provider: MessageDigest.MD5 algorithm from: SUN
Provider: MessageDigest.MD5 algorithm from: SUN
Provider: MessageDigest.MD5 algorithm from: SUN
Provider: MessageDigest.MD5 algorithm from: SUN
Provider: MessageDigest.MD5 algorithm from: SUN
Provider: MessageDigest.MD5 algorithm from: SUN
Provider: MessageDigest.MD5 algorithm from: SUN
Provider: MessageDigest.MD5 algorithm from: SUN
Provider: MessageDigest.MD5 algorithm from: SUN
Provider: MessageDigest.MD5 algorithm from: SUN
Provider: MessageDigest.MD5 algorithm from: SUN
Provider: MessageDigest.MD5 algorithm from: SUN
Provider: MessageDigest.MD5 algorithm from: SUN
Provider: MessageDigest.MD5 algorithm from: SUN
Provider: MessageDigest.MD5 algorithm from: SUN
Provider: MessageDigest.MD5 algorithm from: SUN
Provider: MessageDigest.MD5 algorithm from: SUN
Provider: MessageDigest.MD5 algorithm from: SUN
Provider: MessageDigest.MD5 algorithm from: SUN
Provider: MessageDigest.MD5 algorithm from: SUN
Provider: MessageDigest.MD5 algorithm from: SUN
Provider: MessageDigest.MD5 algorithm from: SUN
Provider: MessageDigest.MD5 algorithm from: SUN
Provider: MessageDigest.MD5 algorithm from: SUN
Provider: MessageDigest.MD5 algorithm from: SUN
Provider: MessageDigest.MD5 algorithm from: SUN
Provider: MessageDigest.MD5 algorithm from: SUN
Provider: MessageDigest.MD5 algorithm from: SUN
Provider: MessageDigest.MD5 algorithm from: SUN
Provider: MessageDigest.MD5 algorithm from: SUN
Provider: MessageDigest.MD5 algorithm from: SUN
Provider: MessageDigest.MD5 algorithm from: SUN
Provider: MessageDigest.MD5 algorithm from: SUN
Provider: MessageDigest.MD5 algorithm from: SUN
Provider: MessageDigest.MD5 algorithm from: SUN
Provider: MessageDigest.MD5 algorithm from: SUN
Provider: MessageDigest.MD5 algorithm from: SUN
Provider: MessageDigest.MD5 algorithm from: SUN
Provider: MessageDigest.MD5 algorithm from: SUN
Provider: MessageDigest.MD5 algorithm from: SUN
Provider: MessageDigest.MD5 algorithm from: SUN
Provider: MessageDigest.MD5 algorithm from: SUN
Provider: MessageDigest.MD5 algorithm from: SUN
Provider: MessageDigest.MD5 algorithm from: SUN
Provider: MessageDigest.MD5 algorithm from: SUN
Provider: MessageDigest.MD5 algorithm from: SUN
Provider: MessageDigest.MD5 algorithm from: SUN
Provider: MessageDigest.MD5 algorithm from: SUN
Provider: MessageDigest.MD5 algorithm from: SUN
Provider: MessageDigest.MD5 algorithm from: SUN
Provider: MessageDigest.MD5 algorithm from: SUN
Provider: MessageDigest.MD5 algorithm from: SUN
Provider: MessageDigest.MD5 algorithm from: SUN
Provider: MessageDigest.MD5 algorithm from: SUN
Provider: MessageDigest.MD5 algorithm from: SUN
Provider: MessageDigest.MD5 algorithm from: SUN
Provider: MessageDigest.MD5 algorithm from: SUN
Provider: MessageDigest.MD5 algorithm from: SUN
Provider: MessageDigest.MD5 algorithm from: SUN
Provider: MessageDigest.MD5 algorithm from: SUN
Provider: MessageDigest.MD5 algorithm from: SUN
Provider: MessageDigest.MD5 algorithm from: SUN
Provider: MessageDigest.MD5 algorithm from: SUN
Provider: MessageDigest.MD5 algorithm from: SUN
Provider: MessageDigest.MD5 algorithm from: SUN
Provider: MessageDigest.MD5 algorithm from: SUN
Provider: MessageDigest.MD5 algorithm from: SUN
Provider: MessageDigest.MD5 algorithm from: SUN
Provider: MessageDigest.MD5 algorithm from: SUN
Provider: MessageDigest.MD5 algorithm from: SUN
Provider: MessageDigest.MD5 algorithm from: SUN
Provider: MessageDigest.MD5 algorithm from: SUN
Provider: MessageDigest.MD5 algorithm from: SUN
Provider: MessageDigest.MD5 algorithm from: SUN
Provider: MessageDigest.MD5 algorithm from: SUN
Provider: MessageDigest.MD5 algorithm from: SUN
Provider: MessageDigest.MD5 algorithm from: SUN
Provider: MessageDigest.MD5 algorithm from: SUN
Provider: MessageDigest.MD5 algorithm from: SUN
Provider: MessageDigest.MD5 algorithm from: SUN
Provider: MessageDigest.MD5 algorithm from: SUN
Provider: MessageDigest.MD5 algorithm from: SUN
Provider: MessageDigest.MD5 algorithm from: SUN
Provider: MessageDigest.MD5 algorithm from: SUN
Provider: MessageDigest.MD5 algorithm from: SUN
Provider: MessageDigest.MD5 algorithm from: SUN
Provider: MessageDigest.MD5 algorithm from: SUN
Provider: MessageDigest.MD5 algorithm from: SUN
Provider: MessageDigest.MD5 algorithm from: SUN
Provider: MessageDigest.MD5 algorithm from: SUN
Provider: MessageDigest.MD5 algorithm from: SUN
Provider: MessageDigest.MD5 algorithm from: SUN
Provider: MessageDigest.MD5 algorithm from: SUN
Provider: MessageDigest.MD5 algorithm from: SUN
Provider: MessageDigest.MD5 algorithm from: SUN
Provider: MessageDigest.MD5 algorithm from: SUN
Provider: MessageDigest.MD5 algorithm from: SUN
Provider: MessageDigest.MD5 algorithm from: SUN
Provider: MessageDigest.MD5 algorithm from: SUN
Provider: MessageDigest.MD5 algorithm from: SUN
Provider: MessageDigest.MD5 algorithm from: SUN
Provider: MessageDigest.MD5 algorithm from: SUN
Provider: MessageDigest.MD5 algorithm from: SUN
Provider: MessageDigest.MD5 algorithm from: SUN
Provider: MessageDigest.MD5 algorithm from: SUN
Provider: MessageDigest.MD5 algorithm from: SUN
Provider: MessageDigest.MD5 algorithm from: SUN
Provider: MessageDigest.MD5 algorithm from: SUN
Provider: MessageDigest.MD5 algorithm from: SUN
Provider: MessageDigest.MD5 algorithm from: SUN
Provider: MessageDigest.MD5 algorithm from: SUN
Provider: MessageDigest.MD5 algorithm from: SUN
Provider: MessageDigest.MD5 algorithm from: SUN
Provider: MessageDigest.MD5 algorithm from: SUN
Provider: MessageDigest.MD5 algorithm from: SUN
Provider: MessageDigest.MD5 algorithm from: SUN
Provider: MessageDigest.MD5 algorithm from: SUN
Provider: MessageDigest.MD5 algorithm from: SUN
Provider: MessageDigest.MD5 algorithm from: SUN
Provider: MessageDigest.MD5 algorithm from: SUN
Provider: MessageDigest.MD5 algorithm from: SUN
Provider: MessageDigest.MD5 algorithm from: SUN
Provider: MessageDigest.MD5 algorithm from: SUN
Provider: MessageDigest.MD5 algorithm from: SUN
Provider: MessageDigest.MD5 algorithm from: SUN
Provider: MessageDigest.MD5 algorithm from: SUN
Provider: MessageDigest.MD5 algorithm from: SUN
Provider: MessageDigest.MD5 algorithm from: SUN
Provider: MessageDigest.MD5 algorithm from: SUN
Provider: MessageDigest.MD5 algorithm from: SUN
Provider: MessageDigest.MD5 algorithm from: SUN
Provider: MessageDigest.MD5 algorithm from: SUN
Provider: MessageDigest.MD5 algorithm from: SUN
Provider: MessageDigest.MD5 algorithm from: SUN
Provider: MessageDigest.MD5 algorithm from: SUN
Provider: MessageDigest.MD5 algorithm from: SUN
Provider: MessageDigest.MD5 algorithm from: SUN
Provider: MessageDigest.MD5 algorithm from: SUN
Provider: MessageDigest.MD5 algorithm from: SUN
Provider: MessageDigest.MD5 algorithm from: SUN
Provider: MessageDigest.MD5 algorithm from: SUN
Provider: MessageDigest.MD5 algorithm from: SUN
Provider: MessageDigest.MD5 algorithm from: SUN
Provider: MessageDigest.MD5 algorithm from: SUN
Provider: MessageDigest.MD5 algorithm from: SUN
Provider: MessageDigest.MD5 algorithm from: SUN
Provider: MessageDigest.MD5 algorithm from: SUN
Provider: MessageDigest.MD5 algorithm from: SUN
Provider: MessageDigest.MD5 algorithm from: SUN
Provider: MessageDigest.MD5 algorithm from: SUN
Provider: MessageDigest.MD5 algorithm from: SUN
Provider: MessageDigest.MD5 algorithm from: SUN
Provider: MessageDigest.MD5 algorithm from: SUN
Provider: MessageDigest.MD5 algorithm from: SUN
Provider: MessageDigest.MD5 algorithm from: SUN
Provider: MessageDigest.MD5 algorithm from: SUN
Provider: MessageDigest.MD5 algorithm from: SUN
Provider: MessageDigest.MD5 algorithm from: SUN
Provider: MessageDigest.MD5 algorithm from: SUN
Provider: MessageDigest.MD5 algorithm from: SUN
Provider: MessageDigest.MD5 algorithm from: SUN
Provider: MessageDigest.MD5 algorithm from: SUN
Provider: MessageDigest.MD5 algorithm from: SUN
Provider: MessageDigest.MD5 algorithm from: SUN
Provider: MessageDigest.MD5 algorithm from: SUN
Provider: MessageDigest.MD5 algorithm from: SUN
Provider: MessageDigest.MD5 algorithm from: SUN
Provider: MessageDigest.MD5 algorithm from: SUN
Provider: MessageDigest.MD5 algorithm from: SUN
Provider: MessageDigest.MD5 algorithm from: SUN
Provider: MessageDigest.MD5 algorithm from: SUN
Provider: MessageDigest.MD5 algorithm from: SUN
Provider: MessageDigest.MD5 algorithm from: SUN
Provider: MessageDigest.MD5 algorithm from: SUN
Provider: MessageDigest.MD5 algorithm from: SUN
Provider: MessageDigest.MD5 algorithm from: SUN
Provider: MessageDigest.MD5 algorithm from: SUN
Provider: MessageDigest.MD5 algorithm from: SUN
Provider: MessageDigest.MD5 algorithm from: SUN
Provider: MessageDigest.MD5 algorithm from: SUN
Provider: MessageDigest.MD5 algorithm from: SUN
Provider: MessageDigest.MD5 algorithm from: SUN
Provider: MessageDigest.MD5 algorithm from: SUN
Provider: MessageDigest.MD5 algorithm from: SUN
Provider: MessageDigest.MD5 algorithm from: SUN
Provider: MessageDigest.MD5 algorithm from: SUN
Provider: MessageDigest.MD5 algorithm from: SUN
Provider: MessageDigest.MD5 algorithm from: SUN
Provider: MessageDigest.MD5 algorithm from: SUN
Provider: MessageDigest.MD5 algorithm from: SUN
Provider: MessageDigest.MD5 algorithm from: SUN
Provider: MessageDigest.MD5 algorithm from: SUN
Provider: MessageDigest.MD5 algorithm from: SUN
Provider: MessageDigest.MD5 algorithm from: SUN
Provider: MessageDigest.MD5 algorithm from: SUN
Provider: MessageDigest.MD5 algorithm from: SUN
Provider: MessageDigest.MD5 algorithm from: SUN
Provider: MessageDigest.MD5 algorithm from: SUN
Provider: MessageDigest.MD5 algorithm from: SUN
Provider: MessageDigest.MD5 algorithm from: SUN
Provider: MessageDigest.MD5 algorithm from: SUN
Provider: MessageDigest.MD5 algorithm from: SUN
Provider: MessageDigest.MD5 algorithm from: SUN
Provider: MessageDigest.MD5 algorithm from: SUN
Provider: MessageDigest.MD5 algorithm from: SUN
Provider: MessageDigest.MD5 algorithm from: SUN
Provider: MessageDigest.MD5 algorithm from: SUN
Provider: MessageDigest.MD5 algorithm from: SUN
Provider: MessageDigest.MD5 algorithm from: SUN
Provider: MessageDigest.MD5 algorithm from: SUN
Provider: MessageDigest.MD5 algorithm from: SUN
Provider: MessageDigest.MD5 algorithm from: SUN
Provider: MessageDigest.MD5 algorithm from: SUN
Provider: MessageDigest.MD5 algorithm from: SUN
Provider: MessageDigest.MD5 algorithm from: SUN
Provider: MessageDigest.MD5 algorithm from: SUN
Provider: MessageDigest.MD5 algorithm from: SUN
Provider: MessageDigest.MD5 algorithm from: SUN
Provider: MessageDigest.MD5 algorithm from: SUN
Provider: MessageDigest.MD5 algorithm from: SUN
Provider: MessageDigest.MD5 algorithm from: SUN
Provider: MessageDigest.MD5 algorithm from: SUN
Provider: MessageDigest.MD5 algorithm from: SUN
Provider: MessageDigest.MD5 algorithm from: SUN
Provider: MessageDigest.MD5 algorithm from: SUN
Provider: MessageDigest.MD5 algorithm from: SUN
Provider: MessageDigest.MD5 algorithm from: SUN
Provider: MessageDigest.MD5 algorithm from: SUN
Provider: MessageDigest.MD5 algorithm from: SUN
Provider: MessageDigest.MD5 algorithm from: SUN
Provider: MessageDigest.MD5 algorithm from: SUN
Provider: MessageDigest.MD5 algorithm from: SUN
Provider: MessageDigest.MD5 algorithm from: SUN
Provider: MessageDigest.MD5 algorithm from: SUN
Provider: MessageDigest.MD5 algorithm from: SUN
Provider: MessageDigest.MD5 algorithm from: SUN
Provider: MessageDigest.MD5 algorithm from: SUN
Provider: MessageDigest.MD5 algorithm from: SUN
Provider: MessageDigest.MD5 algorithm from: SUN
Provider: MessageDigest.MD5 algorithm from: SUN
Provider: MessageDigest.MD5 algorithm from: SUN
Provider: MessageDigest.MD5 algorithm from: SUN
Provider: MessageDigest.MD5 algorithm from: SUN
Provider: MessageDigest.MD5 algorithm from: SUN
Provider: MessageDigest.MD5 algorithm from: SUN
Provider: MessageDigest.MD5 algorithm from: SUN
Provider: MessageDigest.MD5 algorithm from: SUN
Provider: MessageDigest.MD5 algorithm from: SUN
Provider: MessageDigest.MD5 algorithm from: SUN
Provider: MessageDigest.MD5 algorithm from: SUN
Provider: MessageDigest.MD5 algorithm from: SUN
Provider: MessageDigest.MD5 algorithm from: SUN
Provider: MessageDigest.MD5 algorithm from: SUN
Provider: MessageDigest.MD5 algorithm from: SUN
Provider: MessageDigest.MD5 algorithm from: SUN
Provider: MessageDigest.MD5 algorithm from: SUN
Provider: MessageDigest.MD5 algorithm from: SUN
Provider: MessageDigest.MD5 algorithm from: SUN
Provider: MessageDigest.MD5 algorithm from: SUN
Provider: MessageDigest.MD5 algorithm from: SUN
Provider: MessageDigest.MD5 algorithm from: SUN
Provider: MessageDigest.MD5 algorithm from: SUN
Provider: MessageDigest.MD5 algorithm from: SUN
Provider: MessageDigest.MD5 algorithm from: SUN
Provider: MessageDigest.MD5 algorithm from: SUN
Provider: MessageDigest.MD5 algorithm from: SUN
Provider: MessageDigest.MD5 algorithm from: SUN
Provider: MessageDigest.MD5 algorithm from: SUN
Provider: MessageDigest.MD5 algorithm from: SUN
Provider: MessageDigest.MD5 algorithm from: SUN
Provider: MessageDigest.MD5 algorithm from: SUN
Provider: MessageDigest.MD5 algorithm from: SUN
Provider: MessageDigest.MD5 algorithm from: SUN
Provider: MessageDigest.MD5 algorithm from: SUN
Provider: MessageDigest.MD5 algorithm from: SUN
Provider: MessageDigest.MD5 algorithm from: SUN
Provider: MessageDigest.MD5 algorithm from: SUN
Provider: MessageDigest.MD5 algorithm from: SUN
Provider: MessageDigest.MD5 algorithm from: SUN
Provider: MessageDigest.MD5 algorithm from: SUN
Provider: MessageDigest.MD5 algorithm from: SUN
Provider: MessageDigest.MD5 algorithm from: SUN
Provider: MessageDigest.MD5 algorithm from: SUN
Provider: MessageDigest.MD5 algorithm from: SUN
Provider: MessageDigest.MD5 algorithm from: SUN
Provider: MessageDigest.MD5 algorithm from: SUN
Provider: MessageDigest.MD5 algorithm from: SUN
Provider: MessageDigest.MD5 algorithm from: SUN
Provider: MessageDigest.MD5 algorithm from: SUN
Provider: MessageDigest.MD5 algorithm from: SUN
Provider: MessageDigest.MD5 algorithm from: SUN
Provider: MessageDigest.MD5 algorithm from: SUN
Provider: MessageDigest.MD5 algorithm from: SUN
Provider: MessageDigest.MD5 algorithm from: SUN
Provider: MessageDigest.MD5 algorithm from: SUN
Provider: MessageDigest.MD5 algorithm from: SUN
Provider: MessageDigest.MD5 algorithm from: SUN
Provider: MessageDigest.MD5 algorithm from: SUN
Provider: MessageDigest.MD5 algorithm from: SUN
Provider: MessageDigest.MD5 algorithm from: SUN
Provider: MessageDigest.MD5 algorithm from: SUN
Provider: MessageDigest.MD5 algorithm from: SUN
Provider: MessageDigest.MD5 algorithm from: SUN
Provider: MessageDigest.MD5 algorithm from: SUN
Provider: MessageDigest.MD5 algorithm from: SUN
Provider: MessageDigest.MD5 algorithm from: SUN
Provider: MessageDigest.MD5 algorithm from: SUN
Provider: MessageDigest.MD5 algorithm from: SUN
Provider: MessageDigest.MD5 algorithm from: SUN
Provider: MessageDigest.MD5 algorithm from: SUN
Provider: MessageDigest.MD5 algorithm from: SUN
Provider: MessageDigest.MD5 algorithm from: SUN
Provider: MessageDigest.MD5 algorithm from: SUN
Provider: MessageDigest.MD5 algorithm from: SUN
Provider: MessageDigest.MD5 algorithm from: SUN
Provider: MessageDigest.MD5 algorithm from: SUN
Provider: MessageDigest.MD5 algorithm from: SUN
Provider: MessageDigest.MD5 algorithm from: SUN
Provider: MessageDigest.MD5 algorithm from: SUN
Provider: MessageDigest.MD5 algorithm from: SUN
Provider: MessageDigest.MD5 algorithm from: SUN
Provider: MessageDigest.MD5 algorithm from: SUN
Provider: MessageDigest.MD5 algorithm from: SUN
Provider: MessageDigest.MD5 algorithm from: SUN
Provider: MessageDigest.MD5 algorithm from: SUN
Provider: MessageDigest.MD5 algorithm from: SUN
Provider: MessageDigest.MD5 algorithm from: SUN
Provider: MessageDigest.MD5 algorithm from: SUN
Provider: MessageDigest.MD5 algorithm from: SUN
Provider: MessageDigest.MD5 algorithm from: SUN
Provider: MessageDigest.MD5 algorithm from: SUN
Provider: MessageDigest.MD5 algorithm from: SUN
Provider: MessageDigest.MD5 algorithm from: SUN
Provider: MessageDigest.MD5 algorithm from: SUN
Provider: MessageDigest.MD5 algorithm from: SUN
Provider: MessageDigest.MD5 algorithm from: SUN
Provider: MessageDigest.MD5 algorithm from: SUN
Provider: MessageDigest.MD5 algorithm from: SUN
Provider: MessageDigest.MD5 algorithm from: SUN
Provider: MessageDigest.MD5 algorithm from: SUN
Provider: MessageDigest.MD5 algorithm from: SUN
Provider: MessageDigest.MD5 algorithm from: SUN
Provider: MessageDigest.MD5 algorithm from: SUN
Provider: MessageDigest.MD5 algorithm from: SUN
Provider: MessageDigest.MD5 algorithm from: SUN
Provider: MessageDigest.MD5 algorithm from: SUN
Provider: MessageDigest.MD5 algorithm from: SUN
Provider: MessageDigest.MD5 algorithm from: SUN
Provider: MessageDigest.MD5 algorithm from: SUN
Provider: MessageDigest.MD5 algorithm from: SUN
Provider: MessageDigest.MD5 algorithm from: SUN
Provider: MessageDigest.MD5 algorithm from: SUN
Provider: MessageDigest.MD5 algorithm from: SUN
Provider: MessageDigest.MD5 algorithm from: SUN
Provider: MessageDigest.MD5 algorithm from: SUN
Provider: MessageDigest.MD5 algorithm from: SUN
Provider: MessageDigest.MD5 algorithm from: SUN
Provider: MessageDigest.MD5 algorithm from: SUN
Provider: MessageDigest.MD5 algorithm from: SUN
Provider: MessageDigest.MD5 algorithm from: SUN
Provider: MessageDigest.MD5 algorithm from: SUN
Provider: MessageDigest.MD5 algorithm from: SUN
Provider: MessageDigest.MD5 algorithm from: SUN
Provider: MessageDigest.MD5 algorithm from: SUN
Provider: MessageDigest.MD5 algorithm from: SUN
Provider: MessageDigest.MD5 algorithm from: SUN
Provider: MessageDigest.MD5 algorithm from: SUN
Provider: MessageDigest.MD5 algorithm from: SUN
Provider: MessageDigest.MD5 algorithm from: SUN
Provider: MessageDigest.MD5 algorithm from: SUN
Provider: MessageDigest.MD5 algorithm from: SUN
Provider: MessageDigest.MD5 algorithm from: SUN
Provider: MessageDigest.MD5 algorithm from: SUN
Provider: MessageDigest.MD5 algorithm from: SUN
Provider: MessageDigest.MD5 algorithm from: SUN
Provider: MessageDigest.MD5 algorithm from: SUN
Provider: MessageDigest.MD5 algorithm from: SUN
Provider: MessageDigest.MD5 algorithm from: SUN
Provider: MessageDigest.MD5 algorithm from: SUN
Provider: MessageDigest.MD5 algorithm from: SUN
Provider: MessageDigest.MD5 algorithm from: SUN
Provider: MessageDigest.MD5 algorithm from: SUN
Provider: MessageDigest.MD5 algorithm from: SUN
Provider: MessageDigest.MD5 algorithm from: SUN
Provider: MessageDigest.MD5 algorithm from: SUN
Provider: MessageDigest.MD5 algorithm from: SUN
Provider: MessageDigest.MD5 algorithm from: SUN
Provider: MessageDigest.MD5 algorithm from: SUN
Provider: MessageDigest.MD5 algorithm from: SUN
Provider: MessageDigest.MD5 algorithm from: SUN
Provider: MessageDigest.MD5 algorithm from: SUN
Provider: MessageDigest.MD5 algorithm from: SUN
Provider: MessageDigest.MD5 algorithm from: SUN
Provider: MessageDigest.MD5 algorithm from: SUN
Provider: MessageDigest.MD5 algorithm from: SUN
Provider: MessageDigest.MD5 algorithm from: SUN
Provider: MessageDigest.MD5 algorithm from: SUN
Provider: MessageDigest.MD5 algorithm from: SUN
Provider: MessageDigest.MD5 algorithm from: SUN
Provider: MessageDigest.MD5 algorithm from: SUN
Provider: MessageDigest.MD5 algorithm from: SUN
Provider: MessageDigest.MD5 algorithm from: SUN
Provider: MessageDigest.MD5 algorithm from: SUN
Provider: MessageDigest.MD5 algorithm from: SUN
Provider: MessageDigest.MD5 algorithm from: SUN
Provider: MessageDigest.MD5 algorithm from: SUN
Provider: MessageDigest.MD5 algorithm from: SUN
Provider: MessageDigest.MD5 algorithm from: SUN
Provider: MessageDigest.MD5 algorithm from: SUN
Provider: MessageDigest.MD5 algorithm from: SUN
Provider: MessageDigest.MD5 algorithm from: SUN
Provider: MessageDigest.MD5 algorithm from: SUN
Provider: MessageDigest.MD5 algorithm from: SUN
Provider: MessageDigest.MD5 algorithm from: SUN
Provider: MessageDigest.MD5 algorithm from: SUN
Provider: MessageDigest.MD5 algorithm from: SUN
Provider: MessageDigest.MD5 algorithm from: SUN
Provider: MessageDigest.MD5 algorithm from: SUN
Provider: MessageDigest.MD5 algorithm from: SUN
Provider: MessageDigest.MD5 algorithm from: SUN
Provider: MessageDigest.MD5 algorithm from: SUN
Provider: MessageDigest.MD5 algorithm from: SUN
Provider: MessageDigest.MD5 algorithm from: SUN
Provider: MessageDigest.MD5 algorithm from: SUN
Provider: MessageDigest.MD5 algorithm from: SUN
Provider: MessageDigest.MD5 algorithm from: SUN
Provider: MessageDigest.MD5 algorithm from: SUN
Provider: MessageDigest.MD5 algorithm from: SUN
Provider: MessageDigest.MD5 algorithm from: SUN
Provider: MessageDigest.MD5 algorithm from: SUN
Provider: MessageDigest.MD5 algorithm from: SUN
Provider: MessageDigest.MD5 algorithm from: SUN
Provider: MessageDigest.MD5 algorithm from: SUN
Provider: MessageDigest.MD5 algorithm from: SUN
Provider: MessageDigest.MD5 algorithm from: SUN
Provider: MessageDigest.MD5 algorithm from: SUN
Provider: MessageDigest.MD5 algorithm from: SUN
Provider: MessageDigest.MD5 algorithm from: SUN
Provider: MessageDigest.MD5 algorithm from: SUN
Provider: MessageDigest.MD5 algorithm from: SUN
Provider: MessageDigest.MD5 algorithm from: SUN
Provider: MessageDigest.MD5 algorithm from: SUN
Provider: MessageDigest.MD5 algorithm from: SUN
Provider: MessageDigest.MD5 algorithm from: SUN
Provider: MessageDigest.MD5 algorithm from: SUN
Provider: MessageDigest.MD5 algorithm from: SUN
Provider: MessageDigest.MD5 algorithm from: SUN
Provider: MessageDigest.MD5 algorithm from: SUN
Provider: MessageDigest.MD5 algorithm from: SUN
Provider: MessageDigest.MD5 algorithm from: SUN
Provider: MessageDigest.MD5 algorithm from: SUN
Provider: MessageDigest.MD5 algorithm from: SUN
Provider: MessageDigest.MD5 algorithm from: SUN
Provider: MessageDigest.MD5 algorithm from: SUN
Provider: MessageDigest.MD5 algorithm from: SUN
Provider: MessageDigest.MD5 algorithm from: SUN
Provider: MessageDigest.MD5 algorithm from: SUN
Provider: MessageDigest.MD5 algorithm from: SUN
Provider: MessageDigest.MD5 algorithm from: SUN
Provider: MessageDigest.MD5 algorithm from: SUN
Provider: MessageDigest.MD5 algorithm from: SUN
Provider: MessageDigest.MD5 algorithm from: SUN
Provider: MessageDigest.MD5 algorithm from: SUN
Provider: MessageDigest.MD5 algorithm from: SUN
Provider: MessageDigest.MD5 algorithm from: SUN
Provider: MessageDigest.MD5 algorithm from: SUN
Provider: MessageDigest.MD5 algorithm from: SUN
Provider: MessageDigest.MD5 algorithm from: SUN
Provider: MessageDigest.MD5 algorithm from: SUN
Provider: MessageDigest.MD5 algorithm from: SUN
Provider: MessageDigest.MD5 algorithm from: SUN
Provider: MessageDigest.MD5 algorithm from: SUN
Provider: MessageDigest.MD5 algorithm from: SUN
Provider: MessageDigest.MD5 algorithm from: SUN
Provider: MessageDigest.MD5 algorithm from: SUN
Provider: MessageDigest.MD5 algorithm from: SUN
Provider: MessageDigest.MD5 algorithm from: SUN
Provider: MessageDigest.MD5 algorithm from: SUN
Provider: MessageDigest.MD5 algorithm from: SUN
Provider: MessageDigest.MD5 algorithm from: SUN
Provider: MessageDigest.MD5 algorithm from: SUN
Provider: MessageDigest.MD5 algorithm from: SUN
Provider: MessageDigest.MD5 algorithm from: SUN
Provider: MessageDigest.MD5 algorithm from: SUN
Provider: MessageDigest.MD5 algorithm from: SUN
Provider: MessageDigest.MD5 algorithm from: SUN
Provider: MessageDigest.MD5 algorithm from: SUN
Provider: MessageDigest.MD5 algorithm from: SUN
Provider: MessageDigest.MD5 algorithm from: SUN
Provider: MessageDigest.MD5 algorithm from: SUN
Provider: MessageDigest.MD5 algorithm from: SUN
Provider: MessageDigest.MD5 algorithm from: SUN
Provider: MessageDigest.MD5 algorithm from: SUN
Provider: MessageDigest.MD5 algorithm from: SUN
Provider: MessageDigest.MD5 algorithm from: SUN
Provider: MessageDigest.MD5 algorithm from: SUN
Provider: MessageDigest.MD5 algorithm from: SUN
Provider: MessageDigest.MD5 algorithm from: SUN
Provider: MessageDigest.MD5 algorithm from: SUN
Provider: MessageDigest.MD5 algorithm from: SUN
Provider: MessageDigest.MD5 algorithm from: SUN
Provider: MessageDigest.MD5 algorithm from: SUN
Provider: MessageDigest.MD5 algorithm from: SUN
Provider: MessageDigest.MD5 algorithm from: SUN
Provider: MessageDigest.MD5 algorithm from: SUN
Provider: MessageDigest.MD5 algorithm from: SUN
Provider: MessageDigest.MD5 algorithm from: SUN
Provider: MessageDigest.MD5 algorithm from: SUN
Provider: MessageDigest.MD5 algorithm from: SUN
Provider: MessageDigest.MD5 algorithm from: SUN
Provider: MessageDigest.MD5 algorithm from: SUN
Provider: MessageDigest.MD5 algorithm from: SUN
Provider: MessageDigest.MD5 algorithm from: SUN
Provider: MessageDigest.MD5 algorithm from: SUN
Provider: MessageDigest.MD5 algorithm from: SUN
Provider: MessageDigest.MD5 algorithm from: SUN
Provider: MessageDigest.MD5 algorithm from: SUN
Provider: MessageDigest.MD5 algorithm from: SUN
Provider: MessageDigest.MD5 algorithm from: SUN
Provider: MessageDigest.MD5 algorithm from: SUN
Provider: MessageDigest.MD5 algorithm from: SUN
Provider: MessageDigest.MD5 algorithm from: SUN
Provider: MessageDigest.MD5 algorithm from: SUN
Provider: MessageDigest.MD5 algorithm from: SUN
Provider: MessageDigest.MD5 algorithm from: SUN
Provider: MessageDigest.MD5 algorithm from: SUN
Provider: MessageDigest.MD5 algorithm from: SUN
Provider: MessageDigest.MD5 algorithm from: SUN
Provider: MessageDigest.MD5 algorithm from: SUN
Provider: MessageDigest.MD5 algorithm from: SUN
Provider: MessageDigest.MD5 algorithm from: SUN
Provider: MessageDigest.MD5 algorithm from: SUN
Provider: MessageDigest.MD5 algorithm from: SUN
Provider: MessageDigest.MD5 algorithm from: SUN
Provider: MessageDigest.MD5 algorithm from: SUN
Provider: MessageDigest.MD5 algorithm from: SUN
Provider: MessageDigest.MD5 algorithm from: SUN
Provider: MessageDigest.MD5 algorithm from: SUN
Provider: MessageDigest.MD5 algorithm from: SUN
Provider: MessageDigest.MD5 algorithm from: SUN
Provider: MessageDigest.MD5 algorithm from: SUN
Provider: MessageDigest.MD5 algorithm from: SUN
Provider: MessageDigest.MD5 algorithm from: SUN
Provider: MessageDigest.MD5 algorithm from: SUN
Provider: MessageDigest.MD5 algorithm from: SUN
Provider: MessageDigest.MD5 algorithm from: SUN
Provider: MessageDigest.MD5 algorithm from: SUN
Provider: MessageDigest.MD5 algorithm from: SUN
Provider: MessageDigest.MD5 algorithm from: SUN
Provider: MessageDigest.MD5 algorithm from: SUN
Provider: MessageDigest.MD5 algorithm from: SUN
Provider: MessageDigest.MD5 algorithm from: SUN
Provider: MessageDigest.MD5 algorithm from: SUN
Provider: MessageDigest.MD5 algorithm from: SUN
Provider: MessageDigest.MD5 algorithm from: SUN
Provider: MessageDigest.MD5 algorithm from: SUN
Provider: MessageDigest.MD5 algorithm from: SUN
Provider: MessageDigest.MD5 algorithm from: SUN
Provider: MessageDigest.MD5 algorithm from: SUN
Provider: MessageDigest.MD5 algorithm from: SUN
Provider: MessageDigest.MD5 algorithm from: SUN
Provider: MessageDigest.MD5 algorithm from: SUN
Provider: MessageDigest.MD5 algorithm from: SUN
Provider: MessageDigest.MD5 algorithm from: SUN
Provider: MessageDigest.MD5 algorithm from: SUN
Provider: MessageDigest.MD5 algorithm from: SUN
Provider: MessageDigest.MD5 algorithm from: SUN
Provider: MessageDigest.MD5 algorithm from: SUN
Provider: MessageDigest.MD5 algorithm from: SUN
Provider: MessageDigest.MD5 algorithm from: SUN
Provider: MessageDigest.MD5 algorithm from: SUN
Provider: MessageDigest.MD5 algorithm from: SUN
Provider: MessageDigest.MD5 algorithm from: SUN
Provider: MessageDigest.MD5 algorithm from: SUN
Provider: MessageDigest.MD5 algorithm from: SUN
Provider: MessageDigest.MD5 algorithm from: SUN
Provider: MessageDigest.MD5 algorithm from: SUN
Provider: MessageDigest.MD5 algorithm from: SUN
Provider: MessageDigest.MD5 algorithm from: SUN
Provider: MessageDigest.MD5 algorithm from: SUN
Provider: MessageDigest.MD5 algorithm from: SUN
Provider: MessageDigest.MD5 algorithm from: SUN
Provider: MessageDigest.MD5 algorithm from: SUN
Provider: MessageDigest.MD5 algorithm from: SUN
Provider: MessageDigest.MD5 algorithm from: SUN
Provider: MessageDigest.MD5 algorithm from: SUN
Provider: MessageDigest.MD5 algorithm from: SUN
Provider: MessageDigest.MD5 algorithm from: SUN
Provider: MessageDigest.MD5 algorithm from: SUN
Provider: MessageDigest.MD5 algorithm from: SUN
Provider: MessageDigest.MD5 algorithm from: SUN
Provider: MessageDigest.MD5 algorithm from: SUN
Provider: MessageDigest.MD5 algorithm from: SUN
Provider: MessageDigest.MD5 algorithm from: SUN
Provider: MessageDigest.MD5 algorithm from: SUN
Provider: MessageDigest.MD5 algorithm from: SUN
Provider: MessageDigest.MD5 algorithm from: SUN
Provider: MessageDigest.MD5 algorithm from: SUN
Provider: MessageDigest.MD5 algorithm from: SUN
Provider: MessageDigest.MD5 algorithm from: SUN
Provider: MessageDigest.MD5 algorithm from: SUN
Provider: MessageDigest.MD5 algorithm from: SUN
Provider: MessageDigest.MD5 algorithm from: SUN
Provider: MessageDigest.MD5 algorithm from: SUN
Provider: MessageDigest.MD5 algorithm from: SUN
Provider: MessageDigest.MD5 algorithm from: SUN
Provider: MessageDigest.MD5 algorithm from: SUN
Provider: MessageDigest.MD5 algorithm from: SUN
Provider: MessageDigest.MD5 algorithm from: SUN
Provider: MessageDigest.MD5 algorithm from: SUN
Provider: MessageDigest.MD5 algorithm from: SUN
Provider: MessageDigest.MD5 algorithm from: SUN
Provider: MessageDigest.MD5 algorithm from: SUN
Provider: MessageDigest.MD5 algorithm from: SUN
Provider: MessageDigest.MD5 algorithm from: SUN
Provider: MessageDigest.MD5 algorithm from: SUN
Provider: MessageDigest.MD5 algorithm from: SUN
Provider: MessageDigest.MD5 algorithm from: SUN
Provider: MessageDigest.MD5 algorithm from: SUN
Provider: MessageDigest.MD5 algorithm from: SUN
Provider: MessageDigest.MD5 algorithm from: SUN
Provider: MessageDigest.MD5 algorithm from: SUN
Provider: MessageDigest.MD5 algorithm from: SUN
Provider: MessageDigest.MD5 algorithm from: SUN
Provider: MessageDigest.MD5 algorithm from: SUN
Provider: MessageDigest.MD5 algorithm from: SUN
Provider: MessageDigest.MD5 algorithm from: SUN
Provider: MessageDigest.MD5 algorithm from: SUN
Provider: MessageDigest.MD5 algorithm from: SUN
Provider: MessageDigest.MD5 algorithm from: SUN
Provider: MessageDigest.MD5 algorithm from: SUN
Provider: MessageDigest.MD5 algorithm from: SUN
Provider: MessageDigest.MD5 algorithm from: SUN
Provider: MessageDigest.MD5 algorithm from: SUN
Provider: MessageDigest.MD5 algorithm from: SUN
Provider: MessageDigest.MD5 algorithm from: SUN
Provider: MessageDigest.MD5 algorithm from: SUN
Provider: MessageDigest.MD5 algorithm from: SUN
Provider: MessageDigest.MD5 algorithm from: SUN
Provider: MessageDigest.MD5 algorithm from: SUN
Provider: MessageDigest.MD5 algorithm from: SUN
Provider: MessageDigest.MD5 algorithm from: SUN
Provider: MessageDigest.MD5 algorithm from: SUN
Provider: MessageDigest.MD5 algorithm from: SUN
Provider: MessageDigest.MD5 algorithm from: SUN
Provider: MessageDigest.MD5 algorithm from: SUN
Provider: MessageDigest.MD5 algorithm from: SUN
Provider: MessageDigest.MD5 algorithm from: SUN
Provider: MessageDigest.MD5 algorithm from: SUN
Provider: MessageDigest.MD5 algorithm from: SUN
Provider: MessageDigest.MD5 algorithm from: SUN
Provider: MessageDigest.MD5 algorithm from: SUN
Provider: MessageDigest.MD5 algorithm from: SUN
Provider: MessageDigest.MD5 algorithm from: SUN
Provider: MessageDigest.MD5 algorithm from: SUN
Provider: MessageDigest.MD5 algorithm from: SUN
Provider: MessageDigest.MD5 algorithm from: SUN
Provider: MessageDigest.MD5 algorithm from: SUN
Provider: MessageDigest.MD5 algorithm from: SUN
Provider: MessageDigest.MD5 algorithm from: SUN
Provider: MessageDigest.MD5 algorithm from: SUN
Provider: MessageDigest.MD5 algorithm from: SUN
Provider: MessageDigest.MD5 algorithm from: SUN
Provider: MessageDigest.MD5 algorithm from: SUN
Provider: MessageDigest.MD5 algorithm from: SUN
Provider: MessageDigest.MD5 algorithm from: SUN
Provider: MessageDigest.MD5 algorithm from: SUN
Provider: MessageDigest.MD5 algorithm from: SUN
Provider: MessageDigest.MD5 algorithm from: SUN
Provider: MessageDigest.MD5 algorithm from: SUN
Provider: MessageDigest.MD5 algorithm from: SUN
Provider: MessageDigest.MD5 algorithm from: SUN
Provider: MessageDigest.MD5 algorithm from: SUN
Provider: MessageDigest.MD5 algorithm from: SUN
Provider: MessageDigest.MD5 algorithm from: SUN
Provider: MessageDigest.MD5 algorithm from: SUN
Provider: MessageDigest.MD5 algorithm from: SUN
Provider: MessageDigest.MD5 algorithm from: SUN
Provider: MessageDigest.MD5 algorithm from: SUN
Provider: MessageDigest.MD5 algorithm from: SUN
Provider: MessageDigest.MD5 algorithm from: SUN
Provider: MessageDigest.MD5 algorithm from: SUN
Provider: MessageDigest.MD5 algorithm from: SUN
Provider: MessageDigest.MD5 algorithm from: SUN
Provider: MessageDigest.MD5 algorithm from: SUN
Provider: MessageDigest.MD5 algorithm from: SUN
Provider: MessageDigest.MD5 algorithm from: SUN
Provider: MessageDigest.MD5 algorithm from: SUN
Provider: MessageDigest.MD5 algorithm from: SUN
Provider: MessageDigest.MD5 algorithm from: SUN
Provider: MessageDigest.MD5 algorithm from: SUN
Provider: MessageDigest.MD5 algorithm from: SUN
Provider: MessageDigest.MD5 algorithm from: SUN
Provider: MessageDigest.MD5 algorithm from: SUN
Provider: MessageDigest.MD5 algorithm from: SUN
Provider: MessageDigest.MD5 algorithm from: SUN
Provider: MessageDigest.MD5 algorithm from: SUN
Provider: MessageDigest.MD5 algorithm from: SUN
Provider: MessageDigest.MD5 algorithm from: SUN
Provider: MessageDigest.MD5 algorithm from: SUN
Provider: MessageDigest.MD5 algorithm from: SUN
Provider: MessageDigest.MD5 algorithm from: SUN
Provider: MessageDigest.MD5 algorithm from: SUN
Provider: MessageDigest.MD5 algorithm from: SUN
Provider: MessageDigest.MD5 algorithm from: SUN
Provider: MessageDigest.MD5 algorithm from: SUN
Provider: MessageDigest.MD5 algorithm from: SUN
Provider: MessageDigest.MD5 algorithm from: SUN
Provider: MessageDigest.MD5 algorithm from: SUN
Provider: MessageDigest.MD5 algorithm from: SUN
Provider: MessageDigest.MD5 algorithm from: SUN
Provider: MessageDigest.MD5 algorithm from: SUN
Provider: MessageDigest.MD5 algorithm from: SUN
Provider: MessageDigest.MD5 algorithm from: SUN
Provider: MessageDigest.MD5 algorithm from: SUN
Provider: MessageDigest.MD5 algorithm from: SUN
Provider: MessageDigest.MD5 algorithm from: SUN
Provider: MessageDigest.MD5 algorithm from: SUN
Provider: MessageDigest.MD5 algorithm from: SUN
Provider: MessageDigest.MD5 algorithm from: SUN
Provider: MessageDigest.MD5 algorithm from: SUN
Provider: MessageDigest.MD5 algorithm from: SUN
Provider: MessageDigest.MD5 algorithm from: SUN
Provider: MessageDigest.MD5 algorithm from: SUN
Provider: MessageDigest.MD5 algorithm from: SUN
Provider: MessageDigest.MD5 algorithm from: SUN
Provider: MessageDigest.MD5 algorithm from: SUN
Provider: MessageDigest.MD5 algorithm from: SUN
Provider: MessageDigest.MD5 algorithm from: SUN
Provider: MessageDigest.MD5 algorithm from: SUN
Provider: MessageDigest.MD5 algorithm from: SUN
Provider: MessageDigest.MD5 algorithm from: SUN
Provider: MessageDigest.MD5 algorithm from: SUN
Provider: MessageDigest.MD5 algorithm from: SUN
Provider: MessageDigest.MD5 algorithm from: SUN
Provider: MessageDigest.MD5 algorithm from: SUN
Provider: MessageDigest.MD5 algorithm from: SUN
Provider: MessageDigest.MD5 algorithm from: SUN
Provider: MessageDigest.MD5 algorithm from: SUN
Provider: MessageDigest.MD5 algorithm from: SUN
Provider: MessageDigest.MD5 algorithm from: SUN
Provider: MessageDigest.MD5 algorithm from: SUN
Provider: MessageDigest.MD5 algorithm from: SUN
Provider: MessageDigest.MD5 algorithm from: SUN
Provider: MessageDigest.MD5 algorithm from: SUN
Provider: MessageDigest.MD5 algorithm from: SUN
Provider: MessageDigest.MD5 algorithm from: SUN
Provider: MessageDigest.MD5 algorithm from: SUN
Provider: MessageDigest.MD5 algorithm from: SUN
Provider: MessageDigest.MD5 algorithm from: SUN
Provider: MessageDigest.MD5 algorithm from: SUN
Provider: MessageDigest.MD5 algorithm from: SUN
Provider: MessageDigest.MD5 algorithm from: SUN
Provider: MessageDigest.MD5 algorithm from: SUN
Provider: MessageDigest.MD5 algorithm from: SUN
Provider: MessageDigest.MD5 algorithm from: SUN
Provider: MessageDigest.MD5 algorithm from: SUN
Provider: MessageDigest.MD5 algorithm from: SUN
Provider: MessageDigest.MD5 algorithm from: SUN
Provider: MessageDigest.MD5 algorithm from: SUN
Provider: MessageDigest.MD5 algorithm from: SUN
Provider: MessageDigest.MD5 algorithm from: SUN
Provider: MessageDigest.MD5 algorithm from: SUN
Provider: MessageDigest.MD5 algorithm from: SUN
Provider: MessageDigest.MD5 algorithm from: SUN
Provider: MessageDigest.MD5 algorithm from: SUN
Provider: MessageDigest.MD5 algorithm from: SUN
Provider: MessageDigest.MD5 algorithm from: SUN
Provider: MessageDigest.MD5 algorithm from: SUN
Provider: MessageDigest.MD5 algorithm from: SUN
Provider: MessageDigest.MD5 algorithm from: SUN
Provider: MessageDigest.MD5 algorithm from: SUN
Provider: MessageDigest.MD5 algorithm from: SUN
Provider: MessageDigest.MD5 algorithm from: SUN
Provider: MessageDigest.MD5 algorithm from: SUN
Provider: MessageDigest.MD5 algorithm from: SUN
Provider: MessageDigest.MD5 algorithm from: SUN
Provider: MessageDigest.MD5 algorithm from: SUN
Provider: MessageDigest.MD5 algorithm from: SUN
Provider: MessageDigest.MD5 algorithm from: SUN
Provider: MessageDigest.MD5 algorithm from: SUN
Provider: MessageDigest.MD5 algorithm from: SUN
Provider: MessageDigest.MD5 algorithm from: SUN
Provider: MessageDigest.MD5 algorithm from: SUN
Provider: MessageDigest.MD5 algorithm from: SUN
Provider: MessageDigest.MD5 algorithm from: SUN
Provider: MessageDigest.MD5 algorithm from: SUN
Provider: MessageDigest.MD5 algorithm from: SUN
Provider: MessageDigest.MD5 algorithm from: SUN
Provider: MessageDigest.MD5 algorithm from: SUN
Provider: MessageDigest.MD5 algorithm from: SUN
Provider: MessageDigest.MD5 algorithm from: SUN
Provider: MessageDigest.MD5 algorithm from: SUN
Provider: MessageDigest.MD5 algorithm from: SUN
Provider: MessageDigest.MD5 algorithm from: SUN
Provider: MessageDigest.MD5 algorithm from: SUN
Provider: MessageDigest.MD5 algorithm from: SUN
Provider: MessageDigest.MD5 algorithm from: SUN
Provider: MessageDigest.MD5 algorithm from: SUN
Provider: MessageDigest.MD5 algorithm from: SUN
Provider: MessageDigest.MD5 algorithm from: SUN
Provider: MessageDigest.MD5 algorithm from: SUN
Provider: MessageDigest.MD5 algorithm from: SUN
Provider: MessageDigest.MD5 algorithm from: SUN
Provider: MessageDigest.MD5 algorithm from: SUN
Provider: MessageDigest.MD5 algorithm from: SUN
Provider: MessageDigest.MD5 algorithm from: SUN
Provider: MessageDigest.MD5 algorithm from: SUN
Provider: MessageDigest.MD5 algorithm from: SUN
Provider: MessageDigest.MD5 algorithm from: SUN
Provider: MessageDigest.MD5 algorithm from: SUN
Provider: MessageDigest.MD5 algorithm from: SUN
Provider: MessageDigest.MD5 algorithm from: SUN
Provider: MessageDigest.MD5 algorithm from: SUN
Provider: MessageDigest.MD5 algorithm from: SUN
Provider: MessageDigest.MD5 algorithm from: SUN
Provider: MessageDigest.MD5 algorithm from: SUN
Provider: MessageDigest.MD5 algorithm from: SUN
Provider: MessageDigest.MD5 algorithm from: SUN
Provider: MessageDigest.MD5 algorithm from: SUN
Provider: MessageDigest.MD5 algorithm from: SUN
Provider: MessageDigest.MD5 algorithm from: SUN
Provider: MessageDigest.MD5 algorithm from: SUN
Provider: MessageDigest.MD5 algorithm from: SUN
Provider: MessageDigest.MD5 algorithm from: SUN
Provider: MessageDigest.MD5 algorithm from: SUN
Provider: MessageDigest.MD5 algorithm from: SUN
Provider: MessageDigest.MD5 algorithm from: SUN
Provider: MessageDigest.MD5 algorithm from: SUN
Provider: MessageDigest.MD5 algorithm from: SUN
Provider: MessageDigest.MD5 algorithm from: SUN
Provider: MessageDigest.MD5 algorithm from: SUN
Provider: MessageDigest.MD5 algorithm from: SUN
Provider: MessageDigest.MD5 algorithm from: SUN
Provider: MessageDigest.MD5 algorithm from: SUN
Provider: MessageDigest.MD5 algorithm from: SUN
Provider: MessageDigest.MD5 algorithm from: SUN
Provider: MessageDigest.MD5 algorithm from: SUN
Provider: MessageDigest.MD5 algorithm from: SUN
Provider: MessageDigest.MD5 algorithm from: SUN
Provider: MessageDigest.MD5 algorithm from: SUN
Provider: MessageDigest.MD5 algorithm from: SUN
Provider: MessageDigest.MD5 algorithm from: SUN
Provider: MessageDigest.MD5 algorithm from: SUN
Provider: MessageDigest.MD5 algorithm from: SUN
Provider: MessageDigest.MD5 algorithm from: SUN
Provider: MessageDigest.MD5 algorithm from: SUN
Provider: MessageDigest.MD5 algorithm from: SUN
Provider: MessageDigest.MD5 algorithm from: SUN
Provider: MessageDigest.MD5 algorithm from: SUN
Provider: MessageDigest.MD5 algorithm from: SUN
Provider: MessageDigest.MD5 algorithm from: SUN
Provider: MessageDigest.MD5 algorithm from: SUN
Provider: MessageDigest.MD5 algorithm from: SUN
Provider: MessageDigest.MD5 algorithm from: SUN
Provider: MessageDigest.MD5 algorithm from: SUN
Provider: MessageDigest.MD5 algorithm from: SUN
Provider: MessageDigest.MD5 algorithm from: SUN
Provider: MessageDigest.MD5 algorithm from: SUN
Provider: MessageDigest.MD5 algorithm from: SUN
Provider: MessageDigest.MD5 algorithm from: SUN
Provider: MessageDigest.MD5 algorithm from: SUN
Provider: MessageDigest.MD5 algorithm from: SUN
Provider: MessageDigest.MD5 algorithm from: SUN
Provider: MessageDigest.MD5 algorithm from: SUN
Provider: MessageDigest.MD5 algorithm from: SUN
Provider: MessageDigest.MD5 algorithm from: SUN
Provider: MessageDigest.MD5 algorithm from: SUN
Provider: MessageDigest.MD5 algorithm from: SUN
Provider: MessageDigest.MD5 algorithm from: SUN
Provider: MessageDigest.MD5 algorithm from: SUN
Provider: MessageDigest.MD5 algorithm from: SUN
Provider: MessageDigest.MD5 algorithm from: SUN
Provider: MessageDigest.MD5 algorithm from: SUN
Provider: MessageDigest.MD5 algorithm from: SUN
Provider: MessageDigest.MD5 algorithm from: SUN
Provider: MessageDigest.MD5 algorithm from: SUN
Provider: MessageDigest.MD5 algorithm from: SUN
Provider: MessageDigest.MD5 algorithm from: SUN
Provider: MessageDigest.MD5 algorithm from: SUN
Provider: MessageDigest.MD5 algorithm from: SUN
Provider: MessageDigest.MD5 algorithm from: SUN
Provider: MessageDigest.MD5 algorithm from: SUN
Provider: MessageDigest.MD5 algorithm from: SUN
Provider: MessageDigest.MD5 algorithm from: SUN
Provider: MessageDigest.MD5 algorithm from: SUN
Provider: MessageDigest.MD5 algorithm from: SUN
Provider: MessageDigest.MD5 algorithm from: SUN
Provider: MessageDigest.MD5 algorithm from: SUN
Provider: MessageDigest.MD5 algorithm from: SUN
Provider: MessageDigest.MD5 algorithm from: SUN
Provider: MessageDigest.MD5 algorithm from: SUN
Provider: MessageDigest.MD5 algorithm from: SUN
Provider: MessageDigest.MD5 algorithm from: SUN
Provider: MessageDigest.MD5 algorithm from: SUN
Provider: MessageDigest.MD5 algorithm from: SUN
Provider: MessageDigest.MD5 algorithm from: SUN
Provider: MessageDigest.MD5 algorithm from: SUN
Provider: MessageDigest.MD5 algorithm from: SUN
Provider: MessageDigest.MD5 algorithm from: SUN
Provider: MessageDigest.MD5 algorithm from: SUN
Provider: MessageDigest.MD5 algorithm from: SUN
Provider: MessageDigest.MD5 algorithm from: SUN
Provider: MessageDigest.MD5 algorithm from: SUN
Provider: MessageDigest.MD5 algorithm from: SUN
Provider: MessageDigest.MD5 algorithm from: SUN
Provider: MessageDigest.MD5 algorithm from: SUN
Provider: MessageDigest.MD5 algorithm from: SUN
Provider: MessageDigest.MD5 algorithm from: SUN
Provider: MessageDigest.MD5 algorithm from: SUN
Provider: MessageDigest.MD5 algorithm from: SUN
Provider: MessageDigest.MD5 algorithm from: SUN
Provider: MessageDigest.MD5 algorithm from: SUN
Provider: MessageDigest.MD5 algorithm from: SUN
Provider: MessageDigest.MD5 algorithm from: SUN
Provider: MessageDigest.MD5 algorithm from: SUN
Provider: MessageDigest.MD5 algorithm from: SUN
Provider: MessageDigest.MD5 algorithm from: SUN
Provider: MessageDigest.MD5 algorithm from: SUN
Provider: MessageDigest.MD5 algorithm from: SUN
Provider: MessageDigest.MD5 algorithm from: SUN
Provider: MessageDigest.MD5 algorithm from: SUN
Provider: MessageDigest.MD5 algorithm from: SUN
Provider: MessageDigest.MD5 algorithm from: SUN
Provider: MessageDigest.MD5 algorithm from: SUN
Provider: MessageDigest.MD5 algorithm from: SUN
Provider: MessageDigest.MD5 algorithm from: SUN
Provider: MessageDigest.MD5 algorithm from: SUN
Provider: MessageDigest.MD5 algorithm from: SUN
Provider: MessageDigest.MD5 algorithm from: SUN
Provider: MessageDigest.MD5 algorithm from: SUN
Provider: MessageDigest.MD5 algorithm from: SUN
Provider: MessageDigest.MD5 algorithm from: SUN
Provider: MessageDigest.MD5 algorithm from: SUN
Provider: MessageDigest.MD5 algorithm from: SUN
Provider: MessageDigest.MD5 algorithm from: SUN
Provider: MessageDigest.MD5 algorithm from: SUN
Provider: MessageDigest.MD5 algorithm from: SUN
Provider: MessageDigest.MD5 algorithm from: SUN
Provider: MessageDigest.MD5 algorithm from: SUN
Provider: MessageDigest.MD5 algorithm from: SUN
Provider: MessageDigest.MD5 algorithm from: SUN
Provider: MessageDigest.MD5 algorithm from: SUN
Provider: MessageDigest.MD5 algorithm from: SUN
Provider: MessageDigest.MD5 algorithm from: SUN
Provider: MessageDigest.MD5 algorithm from: SUN
Provider: MessageDigest.MD5 algorithm from: SUN
Provider: MessageDigest.MD5 algorithm from: SUN
Provider: MessageDigest.MD5 algorithm from: SUN
Provider: MessageDigest.MD5 algorithm from: SUN
Provider: MessageDigest.MD5 algorithm from: SUN
Provider: MessageDigest.MD5 algorithm from: SUN
Provider: MessageDigest.MD5 algorithm from: SUN
Provider: MessageDigest.MD5 algorithm from: SUN
Provider: MessageDigest.MD5 algorithm from: SUN
Provider: MessageDigest.MD5 algorithm from: SUN
Provider: MessageDigest.MD5 algorithm from: SUN
Provider: MessageDigest.MD5 algorithm from: SUN
Provider: MessageDigest.MD5 algorithm from: SUN
Provider: MessageDigest.MD5 algorithm from: SUN
Provider: MessageDigest.MD5 algorithm from: SUN
Provider: MessageDigest.MD5 algorithm from: SUN
Provider: MessageDigest.MD5 algorithm from: SUN
Provider: MessageDigest.MD5 algorithm from: SUN
Provider: MessageDigest.MD5 algorithm from: SUN
Provider: MessageDigest.MD5 algorithm from: SUN
Provider: MessageDigest.MD5 algorithm from: SUN
Provider: MessageDigest.MD5 algorithm from: SUN
Provider: MessageDigest.MD5 algorithm from: SUN
Provider: MessageDigest.MD5 algorithm from: SUN
Provider: MessageDigest.MD5 algorithm from: SUN
Provider: MessageDigest.MD5 algorithm from: SUN
Provider: MessageDigest.MD5 algorithm from: SUN
Provider: MessageDigest.MD5 algorithm from: SUN
Provider: MessageDigest.MD5 algorithm from: SUN
Provider: MessageDigest.MD5 algorithm from: SUN
Provider: MessageDigest.MD5 algorithm from: SUN
Provider: MessageDigest.MD5 algorithm from: SUN
Provider: MessageDigest.MD5 algorithm from: SUN
Provider: MessageDigest.MD5 algorithm from: SUN
Provider: MessageDigest.MD5 algorithm from: SUN
Provider: MessageDigest.MD5 algorithm from: SUN
Provider: MessageDigest.MD5 algorithm from: SUN
Provider: MessageDigest.MD5 algorithm from: SUN
Provider: MessageDigest.MD5 algorithm from: SUN
Provider: MessageDigest.MD5 algorithm from: SUN
Provider: MessageDigest.MD5 algorithm from: SUN
Provider: MessageDigest.MD5 algorithm from: SUN
Provider: MessageDigest.MD5 algorithm from: SUN
Provider: MessageDigest.MD5 algorithm from: SUN
Provider: MessageDigest.MD5 algorithm from: SUN
Provider: MessageDigest.MD5 algorithm from: SUN
Provider: MessageDigest.MD5 algorithm from: SUN
Provider: MessageDigest.MD5 algorithm from: SUN
Provider: MessageDigest.MD5 algorithm from: SUN
Provider: MessageDigest.MD5 algorithm from: SUN
Provider: MessageDigest.MD5 algorithm from: SUN
Provider: MessageDigest.MD5 algorithm from: SUN
Provider: MessageDigest.MD5 algorithm from: SUN
Provider: MessageDigest.MD5 algorithm from: SUN
Provider: MessageDigest.MD5 algorithm from: SUN
Provider: MessageDigest.MD5 algorithm from: SUN
Provider: MessageDigest.MD5 algorithm from: SUN
Provider: MessageDigest.MD5 algorithm from: SUN
Provider: MessageDigest.MD5 algorithm from: SUN
Provider: MessageDigest.MD5 algorithm from: SUN
Provider: MessageDigest.MD5 algorithm from: SUN
Provider: MessageDigest.MD5 algorithm from: SUN
Provider: MessageDigest.MD5 algorithm from: SUN
Provider: MessageDigest.MD5 algorithm from: SUN
Provider: MessageDigest.MD5 algorithm from: SUN
Provider: MessageDigest.MD5 algorithm from: SUN
Provider: MessageDigest.MD5 algorithm from: SUN
Provider: MessageDigest.MD5 algorithm from: SUN
Provider: MessageDigest.MD5 algorithm from: SUN
Provider: MessageDigest.MD5 algorithm from: SUN
Provider: MessageDigest.MD5 algorithm from: SUN
Provider: MessageDigest.MD5 algorithm from: SUN
Provider: MessageDigest.MD5 algorithm from: SUN
Provider: MessageDigest.MD5 algorithm from: SUN
Provider: MessageDigest.MD5 algorithm from: SUN
Provider: MessageDigest.MD5 algorithm from: SUN
Provider: MessageDigest.MD5 algorithm from: SUN
Provider: MessageDigest.MD5 algorithm from: SUN
Provider: MessageDigest.MD5 algorithm from: SUN
Provider: MessageDigest.MD5 algorithm from: SUN
Provider: MessageDigest.MD5 algorithm from: SUN
Provider: MessageDigest.MD5 algorithm from: SUN
Provider: MessageDigest.MD5 algorithm from: SUN
Provider: MessageDigest.MD5 algorithm from: SUN
Provider: MessageDigest.MD5 algorithm from: SUN
Provider: MessageDigest.MD5 algorithm from: SUN
Provider: MessageDigest.MD5 algorithm from: SUN
Provider: MessageDigest.MD5 algorithm from: SUN
Provider: MessageDigest.MD5 algorithm from: SUN
Provider: MessageDigest.MD5 algorithm from: SUN
Provider: MessageDigest.MD5 algorithm from: SUN
Provider: MessageDigest.MD5 algorithm from: SUN
Provider: MessageDigest.MD5 algorithm from: SUN
Provider: MessageDigest.MD5 algorithm from: SUN
Provider: MessageDigest.MD5 algorithm from: SUN
Provider: MessageDigest.MD5 algorithm from: SUN
Provider: MessageDigest.MD5 algorithm from: SUN
Provider: MessageDigest.MD5 algorithm from: SUN
Provider: MessageDigest.MD5 algorithm from: SUN
Provider: MessageDigest.MD5 algorithm from: SUN
Provider: MessageDigest.MD5 algorithm from: SUN
Provider: MessageDigest.MD5 algorithm from: SUN
Provider: MessageDigest.MD5 algorithm from: SUN
Provider: MessageDigest.MD5 algorithm from: SUN
Provider: MessageDigest.MD5 algorithm from: SUN
Provider: MessageDigest.MD5 algorithm from: SUN
Provider: MessageDigest.MD5 algorithm from: SUN
Provider: MessageDigest.MD5 algorithm from: SUN
Provider: MessageDigest.MD5 algorithm from: SUN
Provider: MessageDigest.MD5 algorithm from: SUN
Provider: MessageDigest.MD5 algorithm from: SUN
Provider: MessageDigest.MD5 algorithm from: SUN
Provider: MessageDigest.MD5 algorithm from: SUN
Provider: MessageDigest.MD5 algorithm from: SUN
Provider: MessageDigest.MD5 algorithm from: SUN
Provider: MessageDigest.MD5 algorithm from: SUN
Provider: MessageDigest.MD5 algorithm from: SUN
Provider: MessageDigest.MD5 algorithm from: SUN
Provider: MessageDigest.MD5 algorithm from: SUN
Provider: MessageDigest.MD5 algorithm from: SUN
Provider: MessageDigest.MD5 algorithm from: SUN
Provider: MessageDigest.MD5 algorithm from: SUN
Provider: MessageDigest.MD5 algorithm from: SUN
Provider: MessageDigest.MD5 algorithm from: SUN
Provider: MessageDigest.MD5 algorithm from: SUN
Provider: MessageDigest.MD5 algorithm from: SUN
Provider: MessageDigest.MD5 algorithm from: SUN
Provider: MessageDigest.MD5 algorithm from: SUN
Provider: MessageDigest.MD5 algorithm from: SUN
Provider: MessageDigest.MD5 algorithm from: SUN
Provider: MessageDigest.MD5 algorithm from: SUN
Provider: MessageDigest.MD5 algorithm from: SUN
Provider: MessageDigest.MD5 algorithm from: SUN
Provider: MessageDigest.MD5 algorithm from: SUN
Provider: MessageDigest.MD5 algorithm from: SUN
Provider: MessageDigest.MD5 algorithm from: SUN
Provider: MessageDigest.MD5 algorithm from: SUN
Provider: MessageDigest.MD5 algorithm from: SUN
Provider: MessageDigest.MD5 algorithm from: SUN
Provider: MessageDigest.MD5 algorithm from: SUN
Provider: MessageDigest.MD5 algorithm from: SUN
Provider: MessageDigest.MD5 algorithm from: SUN
Provider: MessageDigest.MD5 algorithm from: SUN
Provider: MessageDigest.MD5 algorithm from: SUN
Provider: MessageDigest.MD5 algorithm from: SUN
Provider: MessageDigest.MD5 algorithm from: SUN
Provider: MessageDigest.MD5 algorithm from: SUN
Provider: MessageDigest.MD5 algorithm from: SUN
Provider: MessageDigest.MD5 algorithm from: SUN
Provider: MessageDigest.MD5 algorithm from: SUN
Provider: MessageDigest.MD5 algorithm from: SUN
Provider: MessageDigest.MD5 algorithm from: SUN
Provider: MessageDigest.MD5 algorithm from: SUN
Provider: MessageDigest.MD5 algorithm from: SUN
Provider: MessageDigest.MD5 algorithm from: SUN
Provider: MessageDigest.MD5 algorithm from: SUN
Provider: MessageDigest.MD5 algorithm from: SUN
Provider: MessageDigest.MD5 algorithm from: SUN
Provider: MessageDigest.MD5 algorithm from: SUN
Provider: MessageDigest.MD5 algorithm from: SUN
Provider: MessageDigest.MD5 algorithm from: SUN
Provider: MessageDigest.MD5 algorithm from: SUN
Provider: MessageDigest.MD5 algorithm from: SUN
Provider: MessageDigest.MD5 algorithm from: SUN
Provider: MessageDigest.MD5 algorithm from: SUN
Provider: MessageDigest.MD5 algorithm from: SUN
Provider: MessageDigest.MD5 algorithm from: SUN
Provider: MessageDigest.MD5 algorithm from: SUN
Provider: MessageDigest.MD5 algorithm from: SUN
Provider: MessageDigest.MD5 algorithm from: SUN
Provider: MessageDigest.MD5 algorithm from: SUN
Provider: MessageDigest.MD5 algorithm from: SUN
Provider: MessageDigest.MD5 algorithm from: SUN
Provider: MessageDigest.MD5 algorithm from: SUN
Provider: MessageDigest.MD5 algorithm from: SUN
Provider: MessageDigest.MD5 algorithm from: SUN
Provider: MessageDigest.MD5 algorithm from: SUN
Provider: MessageDigest.MD5 algorithm from: SUN
Provider: MessageDigest.MD5 algorithm from: SUN
Provider: MessageDigest.MD5 algorithm from: SUN
Provider: MessageDigest.MD5 algorithm from: SUN
Provider: MessageDigest.MD5 algorithm from: SUN
Provider: MessageDigest.MD5 algorithm from: SUN
Provider: MessageDigest.MD5 algorithm from: SUN
Provider: MessageDigest.MD5 algorithm from: SUN
Provider: MessageDigest.MD5 algorithm from: SUN
Provider: MessageDigest.MD5 algorithm from: SUN
Provider: MessageDigest.MD5 algorithm from: SUN
Provider: MessageDigest.MD5 algorithm from: SUN
Provider: MessageDigest.MD5 algorithm from: SUN
Provider: MessageDigest.MD5 algorithm from: SUN
Provider: MessageDigest.MD5 algorithm from: SUN
Provider: MessageDigest.MD5 algorithm from: SUN
Provider: MessageDigest.MD5 algorithm from: SUN
Provider: MessageDigest.MD5 algorithm from: SUN
Provider: MessageDigest.MD5 algorithm from: SUN
Provider: MessageDigest.MD5 algorithm from: SUN
Provider: MessageDigest.MD5 algorithm from: SUN
Provider: MessageDigest.MD5 algorithm from: SUN
Provider: MessageDigest.MD5 algorithm from: SUN
Provider: MessageDigest.MD5 algorithm from: SUN
Provider: MessageDigest.MD5 algorithm from: SUN
Provider: MessageDigest.MD5 algorithm from: SUN
Provider: MessageDigest.MD5 algorithm from: SUN
Provider: MessageDigest.MD5 algorithm from: SUN
Provider: MessageDigest.MD5 algorithm from: SUN
Provider: MessageDigest.MD5 algorithm from: SUN
Provider: MessageDigest.MD5 algorithm from: SUN
Provider: MessageDigest.MD5 algorithm from: SUN
Provider: MessageDigest.MD5 algorithm from: SUN
Provider: MessageDigest.MD5 algorithm from: SUN
Provider: MessageDigest.MD5 algorithm from: SUN
Provider: MessageDigest.MD5 algorithm from: SUN
Provider: MessageDigest.MD5 algorithm from: SUN
Provider: MessageDigest.MD5 algorithm from: SUN
Provider: MessageDigest.MD5 algorithm from: SUN
Provider: MessageDigest.MD5 algorithm from: SUN
Provider: MessageDigest.MD5 algorithm from: SUN
Provider: MessageDigest.MD5 algorithm from: SUN
Provider: MessageDigest.MD5 algorithm from: SUN
Provider: MessageDigest.MD5 algorithm from: SUN
Provider: MessageDigest.MD5 algorithm from: SUN
Provider: MessageDigest.MD5 algorithm from: SUN
Provider: MessageDigest.MD5 algorithm from: SUN
Provider: MessageDigest.MD5 algorithm from: SUN
Provider: MessageDigest.MD5 algorithm from: SUN
Provider: MessageDigest.MD5 algorithm from: SUN
Provider: MessageDigest.MD5 algorithm from: SUN
Provider: MessageDigest.MD5 algorithm from: SUN
Provider: MessageDigest.MD5 algorithm from: SUN
Provider: MessageDigest.MD5 algorithm from: SUN
Provider: MessageDigest.MD5 algorithm from: SUN
Provider: MessageDigest.MD5 algorithm from: SUN
Provider: MessageDigest.MD5 algorithm from: SUN
Provider: MessageDigest.MD5 algorithm from: SUN
Provider: MessageDigest.MD5 algorithm from: SUN
Provider: MessageDigest.MD5 algorithm from: SUN
Provider: MessageDigest.MD5 algorithm from: SUN
Provider: MessageDigest.MD5 algorithm from: SUN
Provider: MessageDigest.MD5 algorithm from: SUN
Provider: MessageDigest.MD5 algorithm from: SUN
Provider: MessageDigest.MD5 algorithm from: SUN
Provider: MessageDigest.MD5 algorithm from: SUN
Provider: MessageDigest.MD5 algorithm from: SUN
Provider: MessageDigest.MD5 algorithm from: SUN
Provider: MessageDigest.MD5 algorithm from: SUN
Provider: MessageDigest.MD5 algorithm from: SUN
Provider: MessageDigest.MD5 algorithm from: SUN
Provider: MessageDigest.MD5 algorithm from: SUN
Provider: MessageDigest.MD5 algorithm from: SUN
Provider: MessageDigest.MD5 algorithm from: SUN
Provider: MessageDigest.MD5 algorithm from: SUN
Provider: MessageDigest.MD5 algorithm from: SUN
Provider: MessageDigest.MD5 algorithm from: SUN
Provider: MessageDigest.MD5 algorithm from: SUN
Provider: MessageDigest.MD5 algorithm from: SUN
Provider: MessageDigest.MD5 algorithm from: SUN
Provider: MessageDigest.MD5 algorithm from: SUN
Provider: MessageDigest.MD5 algorithm from: SUN
Provider: MessageDigest.MD5 algorithm from: SUN
Provider: MessageDigest.MD5 algorithm from: SUN
Provider: MessageDigest.MD5 algorithm from: SUN
Provider: MessageDigest.MD5 algorithm from: SUN
Provider: MessageDigest.MD5 algorithm from: SUN
Provider: MessageDigest.MD5 algorithm from: SUN
Provider: MessageDigest.MD5 algorithm from: SUN
Provider: MessageDigest.MD5 algorithm from: SUN
Provider: MessageDigest.MD5 algorithm from: SUN
Provider: MessageDigest.MD5 algorithm from: SUN
Provider: MessageDigest.MD5 algorithm from: SUN
Provider: MessageDigest.MD5 algorithm from: SUN
Provider: MessageDigest.MD5 algorithm from: SUN
Provider: MessageDigest.MD5 algorithm from: SUN
Provider: MessageDigest.MD5 algorithm from: SUN
Provider: MessageDigest.MD5 algorithm from: SUN
Provider: MessageDigest.MD5 algorithm from: SUN
Provider: MessageDigest.MD5 algorithm from: SUN
Provider: MessageDigest.MD5 algorithm from: SUN
Provider: MessageDigest.MD5 algorithm from: SUN
Provider: MessageDigest.MD5 algorithm from: SUN
Provider: MessageDigest.MD5 algorithm from: SUN
Provider: MessageDigest.MD5 algorithm from: SUN
Provider: MessageDigest.MD5 algorithm from: SUN
Provider: MessageDigest.MD5 algorithm from: SUN
Provider: MessageDigest.MD5 algorithm from: SUN
Provider: MessageDigest.MD5 algorithm from: SUN
Provider: MessageDigest.MD5 algorithm from: SUN
Provider: MessageDigest.MD5 algorithm from: SUN
Provider: MessageDigest.MD5 algorithm from: SUN
Provider: MessageDigest.MD5 algorithm from: SUN
Provider: MessageDigest.MD5 algorithm from: SUN
Provider: MessageDigest.MD5 algorithm from: SUN
Provider: MessageDigest.MD5 algorithm from: SUN
Provider: MessageDigest.MD5 algorithm from: SUN
Provider: MessageDigest.MD5 algorithm from: SUN
Provider: MessageDigest.MD5 algorithm from: SUN
Provider: MessageDigest.MD5 algorithm from: SUN
Provider: MessageDigest.MD5 algorithm from: SUN
Provider: MessageDigest.MD5 algorithm from: SUN
Provider: MessageDigest.MD5 algorithm from: SUN
Provider: MessageDigest.MD5 algorithm from: SUN
Provider: MessageDigest.MD5 algorithm from: SUN
Provider: MessageDigest.MD5 algorithm from: SUN
Provider: MessageDigest.MD5 algorithm from: SUN
Provider: MessageDigest.MD5 algorithm from: SUN
Provider: MessageDigest.MD5 algorithm from: SUN
Provider: MessageDigest.MD5 algorithm from: SUN
Provider: MessageDigest.MD5 algorithm from: SUN
Provider: MessageDigest.MD5 algorithm from: SUN
Provider: MessageDigest.MD5 algorithm from: SUN
Provider: MessageDigest.MD5 algorithm from: SUN
Provider: MessageDigest.MD5 algorithm from: SUN
Provider: MessageDigest.MD5 algorithm from: SUN
Provider: MessageDigest.MD5 algorithm from: SUN
Provider: MessageDigest.MD5 algorithm from: SUN
Provider: MessageDigest.MD5 algorithm from: SUN
Provider: MessageDigest.MD5 algorithm from: SUN
Provider: MessageDigest.MD5 algorithm from: SUN
Provider: MessageDigest.MD5 algorithm from: SUN
Provider: MessageDigest.MD5 algorithm from: SUN
Provider: MessageDigest.MD5 algorithm from: SUN
Provider: MessageDigest.MD5 algorithm from: SUN
Provider: MessageDigest.MD5 algorithm from: SUN
Provider: MessageDigest.MD5 algorithm from: SUN
Provider: MessageDigest.MD5 algorithm from: SUN
Provider: MessageDigest.MD5 algorithm from: SUN
Provider: MessageDigest.MD5 algorithm from: SUN
Provider: MessageDigest.MD5 algorithm from: SUN
Provider: MessageDigest.MD5 algorithm from: SUN
Provider: MessageDigest.MD5 algorithm from: SUN
Provider: MessageDigest.MD5 algorithm from: SUN
Provider: MessageDigest.MD5 algorithm from: SUN
Provider: MessageDigest.MD5 algorithm from: SUN
Provider: MessageDigest.MD5 algorithm from: SUN
Provider: MessageDigest.MD5 algorithm from: SUN
Provider: MessageDigest.MD5 algorithm from: SUN
Provider: MessageDigest.MD5 algorithm from: SUN
Provider: MessageDigest.MD5 algorithm from: SUN
2026-06-10 06:48:14,179 INFO  [org.bouncycastle.jsse.provider.PropertyUtils] (main) Found string system property [java.home]: /usr/lib/jvm/java-21-openjdk-21.0.11.0.10-2.el9.aarch64
Provider: KeyStore.JKS type from: SUN
keystore: JavaKeyStore load: private key count: 0. trusted key count: 146
keystore: Loaded a keystore in JKS format
Provider: KeyStore.PKCS12 type from: SUN
keystore: Creating a new keystore in PKCS12 format
Provider: SecureRandom.DEFAULT algorithm from: BCFIPS
Provider: SecureRandom.null algorithm from: BCFIPS
Provider: KeyPairGenerator.EC algorithm from: BCFIPS
Provider: KeyPairGenerator.EC algorithm from: BCFIPS
Provider: KeyPairGenerator.EC algorithm from: BCFIPS
Provider: SecureRandom.null algorithm from: BCFIPS_RNG
Provider: KeyPairGenerator.EC algorithm from: BCFIPS
Provider: KeyPairGenerator.EC algorithm from: BCFIPS
Provider: KeyAgreement.ECDH algorithm from: BCFIPS
Provider: Cipher.AES/GCM/NoPadding, mode: decryption, algorithm from: BCFIPS
Provider: Cipher.AES/GCM/NoPadding, mode: decryption, algorithm from: BCFIPS
Provider: Signature.SHA256WITHRSA verification algorithm from: BCFIPS
Provider: Signature.SHA256WITHRSA verification algorithm from: BCFIPS
Provider: Signature.SHA256WITHRSA verification algorithm from: BCFIPS
Provider: Signature.SHA256WITHRSA verification algorithm from: BCFIPS
Provider: Cipher.AES/GCM/NoPadding, mode: decryption, algorithm from: BCFIPS
Provider: Signature.SHA256WITHRSAANDMGF1 verification algorithm from: BCFIPS
Provider: Signature.SHA256WITHRSAANDMGF1 verification algorithm from: BCFIPS
Provider: Cipher.AES/GCM/NoPadding, mode: decryption, algorithm from: BCFIPS
Provider: Mac.HmacSHA384 algorithm from: BCFIPS
Provider: Mac.HmacSHA384 algorithm from: BCFIPS
Provider: Cipher.AES/GCM/NoPadding, mode: encryption, algorithm from: BCFIPS
Provider: Cipher.AES/GCM/NoPadding, mode: encryption, algorithm from: BCFIPS
Provider: Cipher.AES/GCM/NoPadding, mode: decryption, algorithm from: BCFIPS
Provider: Cipher.AES/GCM/NoPadding, mode: decryption, algorithm from: BCFIPS
Provider: Cipher.AES/GCM/NoPadding, mode: decryption, algorithm from: BCFIPS
Provider: Cipher.AES/GCM/NoPadding, mode: encryption, algorithm from: BCFIPS
Provider: SecureRandom.null algorithm from: BCFIPS_RNG
Provider: KeyPairGenerator.EC algorithm from: BCFIPS
Provider: KeyPairGenerator.EC algorithm from: BCFIPS
Provider: KeyAgreement.ECDH algorithm from: BCFIPS
Provider: Cipher.AES/GCM/NoPadding, mode: decryption, algorithm from: BCFIPS
Provider: Cipher.AES/GCM/NoPadding, mode: decryption, algorithm from: BCFIPS
Provider: Signature.SHA256WITHRSA verification algorithm from: BCFIPS
Provider: Signature.SHA256WITHRSA verification algorithm from: BCFIPS
Provider: Signature.SHA256WITHRSA verification algorithm from: BCFIPS
Provider: Cipher.AES/GCM/NoPadding, mode: decryption, algorithm from: BCFIPS
Provider: Signature.SHA256WITHRSAANDMGF1 verification algorithm from: BCFIPS
Provider: Signature.SHA256WITHRSAANDMGF1 verification algorithm from: BCFIPS
Provider: Cipher.AES/GCM/NoPadding, mode: decryption, algorithm from: BCFIPS
Provider: Mac.HmacSHA256 algorithm from: BCFIPS
Provider: Mac.HmacSHA256 algorithm from: BCFIPS
Provider: Cipher.AES/GCM/NoPadding, mode: encryption, algorithm from: BCFIPS
Provider: Cipher.AES/GCM/NoPadding, mode: encryption, algorithm from: BCFIPS
Provider: Cipher.AES/GCM/NoPadding, mode: decryption, algorithm from: BCFIPS
Provider: Cipher.AES/GCM/NoPadding, mode: decryption, algorithm from: BCFIPS
2026-06-10 06:48:15,560 INFO  [org.infinispan.CONTAINER] (main) ISPN000556: Starting user marshaller 'org.infinispan.commons.marshall.ImmutableProtoStreamMarshaller'
2026-06-10 06:48:15,747 INFO  [org.keycloak.connections.infinispan.DefaultInfinispanConnectionProviderFactory] (main) Node name: node_515507, Site name: null
2026-06-10 06:48:15,824 INFO  [org.keycloak.quarkus.runtime.storage.database.jpa.DatabaseIndexChecker] (db-index-checker) Running database index checker
2026-06-10 06:48:15,861 INFO  [org.keycloak.models.workflow.WorkflowsEventListenerFactory] (main) Workflow runner task scheduled: next execution at 18:48:15, then every PT12H
2026-06-10 06:48:15,897 INFO  [org.keycloak.services] (main) KC-SERVICES0050: Initializing master realm
Provider: KeyPairGenerator.RSA algorithm from: BCFIPS
Provider: MessageDigest.SHA-256 algorithm from: SUN
Provider: MessageDigest.SHA-256 algorithm from: SUN
Provider: Signature.SHA256withRSA verification algorithm from: SunRsaSign
Provider: MessageDigest.SHA-256 algorithm from: SUN
Provider: MessageDigest.SHA-256 algorithm from: SUN
Provider: Signature.SHA256withDSA verification algorithm from: SUN
Provider: MessageDigest.SHA-256 algorithm from: SUN
Provider: Signature.SHA256WITHRSA signing algorithm from: BCFIPS
Provider: KeyPairGenerator.RSA algorithm from: BCFIPS
Provider: Signature.SHA256WITHRSA signing algorithm from: BCFIPS
2026-06-10 06:48:16,832 INFO  [org.keycloak.services] (main) KC-SERVICES0077: Created temporary admin user with username admin
2026-06-10 06:48:16,898 INFO  [org.keycloak.services.resources.KeycloakApplication] (main) Bootstrap completed in 4.497000 seconds
2026-06-10 06:48:16,968 INFO  [io.quarkus] (main) Keycloak 999.0.0-SNAPSHOT on JVM (powered by Quarkus 3.33.2) started in 9.242s. Listening on: http://0.0.0.0:8080
2026-06-10 06:48:16,968 INFO  [io.quarkus] (main) Profile dev activated. 
2026-06-10 06:48:16,968 INFO  [io.quarkus] (main) Installed features: [agroal, cdi, hibernate-orm, jdbc-h2, keycloak, narayana-jta, opentelemetry, rest, rest-jackson, smallrye-context-propagation, vertx]
